route_id,stop_sequence,place_id,stop_name_en,stop_name_bn,cumulative_distance_km,segment_distance_from_previous_km,source_id
BRTA_A_101_NO,1,PLC0160,Kalshi,কালশী,0.0,0,SRC_BRTA_METRO_FARES
BRTA_A_101_NO,2,PLC0243,Mirpur-12,মিরপুর-১২,2.2,2.2,SRC_BRTA_METRO_FARES
BRTA_A_101_NO,3,PLC0240,Mirpur-10,মিরপুর-১০,4.7,2.5,SRC_BRTA_METRO_FARES
BRTA_A_101_NO,4,PLC0179,Kazipara,কাজীপাড়া,6.1,1.4,SRC_BRTA_METRO_FARES
BRTA_A_101_NO,5,PLC0340,Shewrapara,শেওড়াপাড়া,6.8,0.7,SRC_BRTA_METRO_FARES
BRTA_A_101_NO,6,PLC0112,Farmgate,ফার্মগেট,11.4,4.6,SRC_BRTA_METRO_FARES
BRTA_A_101_NO,7,PLC0331,Shahbag,শাহবাগ,13.7,2.3,SRC_BRTA_METRO_FARES
BRTA_A_101_NO,8,PLC0292,Palton,পল্টন,15.6,1.9,SRC_BRTA_METRO_FARES
BRTA_A_101_NO,9,PLC0125,Gulistan,গুলিস্তান,16.6,1.0,SRC_BRTA_METRO_FARES
BRTA_A_101_NO,10,PLC0365,Tikatuli,টিকাটুলি,17.8,1.2,SRC_BRTA_METRO_FARES
BRTA_A_101_NO,11,PLC0327,Sayedabad,সায়দাবাদ,18.9,1.1,SRC_BRTA_METRO_FARES
BRTA_A_101_NO,12,PLC0143,Jatrabari,যাত্রাবাড়ী,19.9,1.0,SRC_BRTA_METRO_FARES
BRTA_A_101_NO,13,PLC0348,Signboard,সাইনবোর্ড,24.8,4.9,SRC_BRTA_METRO_FARES
BRTA_A_101_NO,14,PLC0172,Kanchpur Bridge,কাঁচপুরব্রীজ,28.8,4.0,SRC_BRTA_METRO_FARES
BRTA_A_102_NO,1,PLC0290,Pallabi (Mirpur-12),পল্লবী (মিরপুর-১২),0.0,0,SRC_BRTA_METRO_FARES
BRTA_A_102_NO,2,PLC0242,Mirpur-11 1/2,মিরপুর-১১ ১/২,0.4,0.4,SRC_BRTA_METRO_FARES
BRTA_A_102_NO,3,PLC0028,Baikali Hotel,বৈকালী হোটেল,0.7,0.3,SRC_BRTA_METRO_FARES
BRTA_A_102_NO,4,PLC0241,Mirpur-11,মিরপুর-১১,1.4,0.7,SRC_BRTA_METRO_FARES
BRTA_A_102_NO,5,PLC0240,Mirpur-10,মিরপুর-১০,2.3,0.9,SRC_BRTA_METRO_FARES
BRTA_A_102_NO,6,PLC0179,Kazipara,কাজীপাড়া,3.7,1.4,SRC_BRTA_METRO_FARES
BRTA_A_102_NO,7,PLC0112,Farmgate,ফার্মগেট,9.0,5.3,SRC_BRTA_METRO_FARES
BRTA_A_102_NO,8,PLC0298,Press Club,প্রেসক্লাব,13.2,4.2,SRC_BRTA_METRO_FARES
BRTA_A_102_NO,9,PLC0358,T&T,টিএন্ডটি,14.7,1.5,SRC_BRTA_METRO_FARES
BRTA_A_102_NO,10,PLC0317,Raysaheb Bazar,রায়সাহেব বাজার,15.7,1.0,SRC_BRTA_METRO_FARES
BRTA_A_102_NO,11,PLC0380,Victoria Park,ভিক্টোরিয়া পার্ক,16.9,1.2,SRC_BRTA_METRO_FARES
BRTA_A_103_NO,1,PLC0102,Duyaripara,দুয়ারীপাড়া,0.0,0,SRC_BRTA_METRO_FARES
BRTA_A_103_NO,2,PLC0243,Mirpur-12,মিরপুর-১২,0.9,0.9,SRC_BRTA_METRO_FARES
BRTA_A_103_NO,3,PLC0237,Mirpur Sade 11,মিরপুর সাড়ে ১১,1.3,0.4,SRC_BRTA_METRO_FARES
BRTA_A_103_NO,4,PLC0028,Baikali Hotel,বৈকালী হোটেল,1.8,0.5,SRC_BRTA_METRO_FARES
BRTA_A_103_NO,5,PLC0241,Mirpur-11,মিরপুর-১১,2.3,0.5,SRC_BRTA_METRO_FARES
BRTA_A_103_NO,6,PLC0240,Mirpur-10,মিরপুর-১০,3.2,0.9,SRC_BRTA_METRO_FARES
BRTA_A_103_NO,7,PLC0179,Kazipara,কাজীপাড়া,4.6,1.4,SRC_BRTA_METRO_FARES
BRTA_A_103_NO,8,PLC0340,Shewrapara,শেওড়াপাড়া,5.3,0.7,SRC_BRTA_METRO_FARES
BRTA_A_103_NO,9,PLC0004,Agargaon,আগারগাঁও,7.0,1.7,SRC_BRTA_METRO_FARES
BRTA_A_103_NO,10,PLC0186,Khanmondol,খানমন্ডল,10.6,3.6,SRC_BRTA_METRO_FARES
BRTA_A_103_NO,11,PLC0344,Shukrabad,শুক্রাবাদ,11.1,0.5,SRC_BRTA_METRO_FARES
BRTA_A_103_NO,12,PLC0088,Dhakeswari Mandir,ঢাকেশ্বরী মন্দির,15.1,4.0,SRC_BRTA_METRO_FARES
BRTA_A_110_NO,1,PLC0102,Duyaripara,দুয়ারীপাড়া,0.0,0,SRC_BRTA_METRO_FARES
BRTA_A_110_NO,2,PLC0297,Prashika,প্রশিকা,2.0,2.0,SRC_BRTA_METRO_FARES
BRTA_A_110_NO,3,PLC0238,Mirpur Thana,মিরপুর থানা,2.4,0.4,SRC_BRTA_METRO_FARES
BRTA_A_110_NO,4,PLC0239,Mirpur-1,মিরপুর-১,3.7,1.3,SRC_BRTA_METRO_FARES
BRTA_A_110_NO,5,PLC0008,Ansar Camp,আনসারক্যাম্প,4.6,0.9,SRC_BRTA_METRO_FARES
BRTA_A_110_NO,6,PLC0362,Technical,টেকনিক্যাল,5.5,0.9,SRC_BRTA_METRO_FARES
BRTA_A_110_NO,7,PLC0012,Asad Gate,আসাদগেট,8.1,2.6,SRC_BRTA_METRO_FARES
BRTA_A_110_NO,8,PLC0329,Science Lab,সায়েন্সল্যাব,11.8,3.7,SRC_BRTA_METRO_FARES
BRTA_A_110_NO,9,PLC0067,BUET,বুয়েট,14.9,3.1,SRC_BRTA_METRO_FARES
BRTA_A_110_NO,10,PLC0125,Gulistan,গুলিস্তান,16.7,1.8,SRC_BRTA_METRO_FARES
BRTA_A_111_NO,1,PLC0289,Pallabi (Ceramic),পল্লবী (সিরামিক),0.0,0,SRC_BRTA_METRO_FARES
BRTA_A_111_NO,2,PLC0242,Mirpur-11 1/2,মিরপুর-১১ ১/২,0.7,0.7,SRC_BRTA_METRO_FARES
BRTA_A_111_NO,3,PLC0028,Baikali Hotel,বৈকালী হোটেল,1.1,0.4,SRC_BRTA_METRO_FARES
BRTA_A_111_NO,4,PLC0241,Mirpur-11,মিরপুর-১১,1.5,0.4,SRC_BRTA_METRO_FARES
BRTA_A_111_NO,5,PLC0240,Mirpur-10,মিরপুর-১০,2.6,1.1,SRC_BRTA_METRO_FARES
BRTA_A_111_NO,6,PLC0179,Kazipara,কাজীপাড়া,3.7,1.1,SRC_BRTA_METRO_FARES
BRTA_A_111_NO,7,PLC0112,Farmgate,ফার্মগেট,9.0,5.3,SRC_BRTA_METRO_FARES
BRTA_A_111_NO,8,PLC0292,Palton,পল্টন,13.5,4.5,SRC_BRTA_METRO_FARES
BRTA_A_111_NO,9,PLC0354,Stadium,স্টেডিয়াম,13.8,0.3,SRC_BRTA_METRO_FARES
BRTA_A_111_NO,10,PLC0283,Notre Dame College,নটরড্যাম কলেজ,17.0,3.2,SRC_BRTA_METRO_FARES
BRTA_A_114_NO,1,PLC0387,Zoo,চিড়িয়াখানা,0.0,0,SRC_BRTA_METRO_FARES
BRTA_A_114_NO,2,PLC0239,Mirpur-1,মিরপুর-১,1.8,1.8,SRC_BRTA_METRO_FARES
BRTA_A_114_NO,3,PLC0008,Ansar Camp,আনসারক্যাম্প,2.7,0.9,SRC_BRTA_METRO_FARES
BRTA_A_114_NO,4,PLC0080,Darussalam,দারুসসালাম,3.8,1.1,SRC_BRTA_METRO_FARES
BRTA_A_114_NO,5,PLC0163,Kalyanpur,কল্যাণপুর,5.0,1.2,SRC_BRTA_METRO_FARES
BRTA_A_114_NO,6,PLC0346,Shyamoli,শ্যামলী,5.4,0.4,SRC_BRTA_METRO_FARES
BRTA_A_114_NO,7,PLC0078,College Gate,কলেজগেট,6.3,0.9,SRC_BRTA_METRO_FARES
BRTA_A_114_NO,8,PLC0012,Asad Gate,আসাদগেট,7.2,0.9,SRC_BRTA_METRO_FARES
BRTA_A_114_NO,9,PLC0112,Farmgate,ফার্মগেট,9.0,1.8,SRC_BRTA_METRO_FARES
BRTA_A_114_NO,10,PLC0178,Kawran Bazar,কাওরানবাজার,10.0,1.0,SRC_BRTA_METRO_FARES
BRTA_A_114_NO,11,PLC0331,Shahbag,শাহবাগ,11.4,1.4,SRC_BRTA_METRO_FARES
BRTA_A_114_NO,12,PLC0298,Press Club,প্রেসক্লাব,13.1,1.7,SRC_BRTA_METRO_FARES
BRTA_A_114_NO,13,PLC0354,Stadium,স্টেডিয়াম,14.1,1.0,SRC_BRTA_METRO_FARES
BRTA_A_114_NO,14,PLC0136,Intefak,ইন্তেফাক,17.2,3.1,SRC_BRTA_METRO_FARES
BRTA_A_114_NO,15,PLC0327,Sayedabad,সায়েদাবাদ,18.3,1.1,SRC_BRTA_METRO_FARES
BRTA_A_115_NO,1,PLC0239,Mirpur-1,মিরপুর-১,0.0,0,SRC_BRTA_METRO_FARES
BRTA_A_115_NO,2,PLC0008,Ansar Camp,আনসার ক্যাম্প,1.0,1.0,SRC_BRTA_METRO_FARES
BRTA_A_115_NO,3,PLC0362,Technical,টেকনিক্যাল,2.2,1.2,SRC_BRTA_METRO_FARES
BRTA_A_115_NO,4,PLC0163,Kalyanpur,কল্যাণপুর,3.2,1.0,SRC_BRTA_METRO_FARES
BRTA_A_115_NO,5,PLC0346,Shyamoli,শ্যামলী,3.9,0.7,SRC_BRTA_METRO_FARES
BRTA_A_115_NO,6,PLC0078,College Gate,কলেজগেট,4.6,0.7,SRC_BRTA_METRO_FARES
BRTA_A_115_NO,7,PLC0344,Shukrabad,শুক্রাবাদ,6.8,2.2,SRC_BRTA_METRO_FARES
BRTA_A_115_NO,8,PLC0156,Kalabagan,কলাবাগান,7.4,0.6,SRC_BRTA_METRO_FARES
BRTA_A_115_NO,9,PLC0329,Science Lab,সায়েন্সল্যাব,8.4,1.0,SRC_BRTA_METRO_FARES
BRTA_A_115_NO,10,PLC0177,Katabon,কাটাবন,9.3,0.9,SRC_BRTA_METRO_FARES
BRTA_A_115_NO,11,PLC0331,Shahbag,শাহবাগ,9.7,0.4,SRC_BRTA_METRO_FARES
BRTA_A_115_NO,12,PLC0298,Press Club,প্রেসক্লাব,11.5,1.8,SRC_BRTA_METRO_FARES
BRTA_A_115_NO,13,PLC0128,Gulistan Morh,গুলিস্তান মোড়,12.5,1.0,SRC_BRTA_METRO_FARES
BRTA_A_115_NO,14,PLC0038,Bangladesh Bank,বাংলাদেশ ব্যাংক,13.8,1.3,SRC_BRTA_METRO_FARES
BRTA_A_115_NO,15,PLC0143,Jatrabari,যাত্রাবাড়ী,17.6,3.8,SRC_BRTA_METRO_FARES
BRTA_A_122_NO,1,PLC0243,Mirpur-12,মিরপুর-১২,0.0,0,SRC_BRTA_METRO_FARES
BRTA_A_122_NO,2,PLC0105,ECB Morh,ইসিবি মোড়,4.4,4.4,SRC_BRTA_METRO_FARES
BRTA_A_122_NO,3,PLC0240,Mirpur-10,মিরপুর-১০,8.9,4.5,SRC_BRTA_METRO_FARES
BRTA_A_122_NO,4,PLC0179,Kazipara,কাজীপাড়া,10.3,1.4,SRC_BRTA_METRO_FARES
BRTA_A_122_NO,5,PLC0340,Shewrapara,শেওড়াপাড়া,11.0,0.7,SRC_BRTA_METRO_FARES
BRTA_A_122_NO,6,PLC0004,Agargaon,আগারগাঁও,12.7,1.7,SRC_BRTA_METRO_FARES
BRTA_A_122_NO,7,PLC0343,Shishumela,শিশুমেলা,14.0,1.3,SRC_BRTA_METRO_FARES
BRTA_A_122_NO,8,PLC0078,College Gate,কলেজগেট,14.5,0.5,SRC_BRTA_METRO_FARES
BRTA_A_122_NO,9,PLC0219,Manikmia Avenue,মানিকমিয়া এভিনিউ,15.9,1.4,SRC_BRTA_METRO_FARES
BRTA_A_122_NO,10,PLC0018,Azimpur,আজিমপুর,22.0,6.1,SRC_BRTA_METRO_FARES
BRTA_A_127_NO,1,PLC0235,Mirpur Mazar Road,মিরপুর মাজার রোড,0.0,0,SRC_BRTA_METRO_FARES
BRTA_A_127_NO,2,PLC0239,Mirpur-1,মিরপুর-১,1.0,1.0,SRC_BRTA_METRO_FARES
BRTA_A_127_NO,3,PLC0346,Shyamoli,শ্যামলী,4.6,3.6,SRC_BRTA_METRO_FARES
BRTA_A_127_NO,4,PLC0012,Asad Gate,আসাদগেট,6.6,2.0,SRC_BRTA_METRO_FARES
BRTA_A_127_NO,5,PLC0320,Russell Square,রাসেল স্কয়ার,8.6,2.0,SRC_BRTA_METRO_FARES
BRTA_A_127_NO,6,PLC0156,Kalabagan,কলাবাগান,9.0,0.4,SRC_BRTA_METRO_FARES
BRTA_A_127_NO,7,PLC0329,Science Lab,সায়েন্সল্যাব,10.0,1.0,SRC_BRTA_METRO_FARES
BRTA_A_127_NO,8,PLC0279,New Market,নিউমার্কেট,10.6,0.6,SRC_BRTA_METRO_FARES
BRTA_A_127_NO,9,PLC0280,Nilkhet,নীলক্ষেত,10.8,0.2,SRC_BRTA_METRO_FARES
BRTA_A_127_NO,10,PLC0018,Azimpur,আজিমপুর,12.0,1.2,SRC_BRTA_METRO_FARES
BRTA_A_129_NO,1,PLC0249,Mirpur(14),মিরপুর(১৪),0.0,0,SRC_BRTA_METRO_FARES
BRTA_A_129_NO,2,PLC0248,Mirpur(10),মিরপুর(১০),2.1,2.1,SRC_BRTA_METRO_FARES
BRTA_A_129_NO,3,PLC0247,Mirpur(1),মিরপুর(১),3.6,1.5,SRC_BRTA_METRO_FARES
BRTA_A_129_NO,4,PLC0036,Bangla College,বাংলা কলেজ,5.3,1.7,SRC_BRTA_METRO_FARES
BRTA_A_129_NO,5,PLC0346,Shyamoli,শ্যামলী,7.4,2.1,SRC_BRTA_METRO_FARES
BRTA_A_129_NO,6,PLC0012,Asad Gate,আসাদগেট,8.9,1.5,SRC_BRTA_METRO_FARES
BRTA_A_129_NO,7,PLC0344,Shukrabad,শুক্রাবাদ,9.4,0.5,SRC_BRTA_METRO_FARES
BRTA_A_129_NO,8,PLC0156,Kalabagan,কলাবাগান,10.1,0.7,SRC_BRTA_METRO_FARES
BRTA_A_129_NO,9,PLC0329,Science Lab,সাইন্সল্যাব,11.9,1.8,SRC_BRTA_METRO_FARES
BRTA_A_129_NO,10,PLC0331,Shahbag,শাহবাগ,13.1,1.2,SRC_BRTA_METRO_FARES
BRTA_A_129_NO,11,PLC0298,Press Club,প্রেসক্লাব,14.7,1.6,SRC_BRTA_METRO_FARES
BRTA_A_129_NO,12,PLC0335,Shapla Chattar,শাপলা চত্বর,17.1,2.4,SRC_BRTA_METRO_FARES
BRTA_A_129_NO,13,PLC0164,Kamalapur,কমলাপুর,18.1,1.0,SRC_BRTA_METRO_FARES
BRTA_A_129_NO,14,PLC0044,Basabo,বাসাবো,20.9,2.8,SRC_BRTA_METRO_FARES
BRTA_A_129_NO,15,PLC0191,Khilgaon Rail Gate,খিলগাঁও রেলগেট,23.3,2.4,SRC_BRTA_METRO_FARES
BRTA_A_129_NO,16,PLC0192,Khilgaon Taltala,খিলগাঁও তালতলা,25.7,2.4,SRC_BRTA_METRO_FARES
BRTA_A_131_NO,1,PLC0387,Zoo,চিড়িয়াখানা,0.0,0,SRC_BRTA_METRO_FARES
BRTA_A_131_NO,2,PLC0239,Mirpur-1,মিরপুর-১,1.8,1.8,SRC_BRTA_METRO_FARES
BRTA_A_131_NO,3,PLC0080,Darussalam,দারুসসালাম,3.8,2.0,SRC_BRTA_METRO_FARES
BRTA_A_131_NO,4,PLC0346,Shyamoli,শ্যামলী,5.4,1.6,SRC_BRTA_METRO_FARES
BRTA_A_131_NO,5,PLC0012,Asad Gate,আসাদগেট,7.2,1.8,SRC_BRTA_METRO_FARES
BRTA_A_131_NO,6,PLC0112,Farmgate,ফার্মগেট,9.0,1.8,SRC_BRTA_METRO_FARES
BRTA_A_131_NO,7,PLC0298,Press Club,প্রেসক্লাব,12.6,3.6,SRC_BRTA_METRO_FARES
BRTA_A_131_NO,8,PLC0125,Gulistan,গুলিস্তান,13.7,1.1,SRC_BRTA_METRO_FARES
BRTA_A_131_NO,9,PLC0380,Victoria Park,ভিক্টোরিয়া পার্ক,16.0,2.3,SRC_BRTA_METRO_FARES
BRTA_A_132_NO,1,PLC0029,Baipail,বাইপাইল,0.0,0,SRC_BRTA_METRO_FARES
BRTA_A_132_NO,2,PLC0169,Kamarpara,কামারপাড়া,15.5,15.5,SRC_BRTA_METRO_FARES
BRTA_A_132_NO,3,PLC0001,Abdullahpur,আব্দুল্লাহপুর,17.7,2.2,SRC_BRTA_METRO_FARES
BRTA_A_132_NO,4,PLC0018,Azimpur,আজমপুর,18.4,0.7,SRC_BRTA_METRO_FARES
BRTA_A_132_NO,5,PLC0005,Airport,এয়ারপোর্ট,20.7,2.3,SRC_BRTA_METRO_FARES
BRTA_A_132_NO,6,PLC0193,Khilkhet,খিলক্ষেত,23.5,2.8,SRC_BRTA_METRO_FARES
BRTA_A_132_NO,7,PLC0060,Bishwo Road,বিশ্বরোড,24.4,0.9,SRC_BRTA_METRO_FARES
BRTA_A_132_NO,8,PLC0356,Staff Road,স্টাফরোড,26.4,2.0,SRC_BRTA_METRO_FARES
BRTA_A_132_NO,9,PLC0154,Kakoli,কাকলি,28.4,2.0,SRC_BRTA_METRO_FARES
BRTA_A_132_NO,10,PLC0250,Mohakhali,মহাখালী,30.2,1.8,SRC_BRTA_METRO_FARES
BRTA_A_132_NO,11,PLC0112,Farmgate,ফার্মগেট,33.1,2.9,SRC_BRTA_METRO_FARES
BRTA_A_132_NO,12,PLC0331,Shahbag,শাহবাগ,35.5,2.4,SRC_BRTA_METRO_FARES
BRTA_A_132_NO,13,PLC0298,Press Club,প্রেসক্লাব,37.3,1.8,SRC_BRTA_METRO_FARES
BRTA_A_132_NO,14,PLC0113,Fulbaria,ফুলবাড়িয়া,38.8,1.5,SRC_BRTA_METRO_FARES
BRTA_A_132_NO,15,PLC0021,Babu Bazar Bridge,বাবু বাজার ব্রীজ,40.2,1.4,SRC_BRTA_METRO_FARES
BRTA_A_132_NO,16,PLC0182,Keraniganj (New Jail),কেরানীগঞ্জ (নতুন জেলখানা),47.5,7.3,SRC_BRTA_METRO_FARES
BRTA_A_137_NO,1,PLC0327,Sayedabad,সায়েদাবাদ,0.0,0,SRC_BRTA_METRO_FARES
BRTA_A_137_NO,2,PLC0038,Bangladesh Bank,বাংলাদেশ ব্যাংক,2.3,2.3,SRC_BRTA_METRO_FARES
BRTA_A_137_NO,3,PLC0373,UBL,ইউবিএল,3.4,1.1,SRC_BRTA_METRO_FARES
BRTA_A_137_NO,4,PLC0298,Press Club,প্রেসক্লাব,4.0,0.6,SRC_BRTA_METRO_FARES
BRTA_A_137_NO,5,PLC0331,Shahbag,শাহবাগ,5.2,1.2,SRC_BRTA_METRO_FARES
BRTA_A_137_NO,6,PLC0112,Farmgate,ফার্মগেট,7.5,2.3,SRC_BRTA_METRO_FARES
BRTA_A_137_NO,7,PLC0031,Balughat,বালুঘাট,14.6,7.1,SRC_BRTA_METRO_FARES
BRTA_A_138_NO,1,PLC0378,Uttara (Raniganj),উত্তরা (রানীগঞ্জ),0.0,0,SRC_BRTA_METRO_FARES
BRTA_A_138_NO,2,PLC0274,Natun Bazar,নতুন বাজার,11.8,11.8,SRC_BRTA_METRO_FARES
BRTA_A_138_NO,3,PLC0315,Rampura TV Center,রামপুরা টিভি সেন্টার,15.2,3.4,SRC_BRTA_METRO_FARES
BRTA_A_138_NO,4,PLC0212,Malibagh,মালিবাগ,18.5,3.3,SRC_BRTA_METRO_FARES
BRTA_A_138_NO,5,PLC0155,Kakrail,কাকরাইল,19.3,0.8,SRC_BRTA_METRO_FARES
BRTA_A_138_NO,6,PLC0034,Bangabandhu Avenue,বঙ্গবন্ধু এভিনিউ,21.0,1.7,SRC_BRTA_METRO_FARES
BRTA_A_138_NO,7,PLC0380,Victoria Park,ভিক্টোরিয়া পার্ক,23.3,2.3,SRC_BRTA_METRO_FARES
BRTA_A_141_NO,1,PLC0063,Bonoshri,বনশ্রী,0.0,0,SRC_BRTA_METRO_FARES
BRTA_A_141_NO,2,PLC0312,Rampura,রামপুরা,2.5,2.5,SRC_BRTA_METRO_FARES
BRTA_A_141_NO,3,PLC0250,Mohakhali,মহাখালী,10.2,7.7,SRC_BRTA_METRO_FARES
BRTA_A_141_NO,4,PLC0004,Agargaon,আগারগাঁও,14.1,3.9,SRC_BRTA_METRO_FARES
BRTA_A_141_NO,5,PLC0347,Shyamoli Ring Road,শ্যামলী রিং রোড,16.7,2.6,SRC_BRTA_METRO_FARES
BRTA_A_141_NO,6,PLC0258,Mohammadpur Shia Mosque,মোহাম্মদপুর শিয়া মসজিদ,18.2,1.5,SRC_BRTA_METRO_FARES
BRTA_A_142_NO,1,PLC0294,Pirjangi Mazar,পীরজঙ্গী মাজার,0.0,0,SRC_BRTA_METRO_FARES
BRTA_A_142_NO,2,PLC0166,Kamalapur Station,কমলাপুর স্টেশন,0.5,0.5,SRC_BRTA_METRO_FARES
BRTA_A_142_NO,3,PLC0038,Bangladesh Bank,বাংলাদেশ ব্যাংক,1.5,1.0,SRC_BRTA_METRO_FARES
BRTA_A_142_NO,4,PLC0354,Stadium,স্টেডিয়াম,2.8,1.3,SRC_BRTA_METRO_FARES
BRTA_A_142_NO,5,PLC0292,Palton,পল্টন,3.5,0.7,SRC_BRTA_METRO_FARES
BRTA_A_142_NO,6,PLC0155,Kakrail,কাকরাইল,5.0,1.5,SRC_BRTA_METRO_FARES
BRTA_A_142_NO,7,PLC0212,Malibagh,মালিবাগ,5.9,0.9,SRC_BRTA_METRO_FARES
BRTA_A_142_NO,8,PLC0210,Magbazar,মগবাজার,7.2,1.3,SRC_BRTA_METRO_FARES
BRTA_A_142_NO,9,PLC0037,Bangla Motor,বাংলা মোটর,8.2,1.0,SRC_BRTA_METRO_FARES
BRTA_A_142_NO,10,PLC0112,Farmgate,ফার্মগেট,9.7,1.5,SRC_BRTA_METRO_FARES
BRTA_A_142_NO,11,PLC0250,Mohakhali,মহাখালী,12.6,2.9,SRC_BRTA_METRO_FARES
BRTA_A_142_NO,12,PLC0129,Gulshan-1,গুলশান-১,14.5,1.9,SRC_BRTA_METRO_FARES
BRTA_A_142_NO,13,PLC0130,Gulshan-2,গুলশান-২,16.1,1.6,SRC_BRTA_METRO_FARES
BRTA_A_142_NO,14,PLC0274,Natun Bazar,নতুন বাজার,16.7,0.6,SRC_BRTA_METRO_FARES
BRTA_A_154_NO,1,PLC0387,Zoo,চিড়িয়াখানা,0.0,0,SRC_BRTA_METRO_FARES
BRTA_A_154_NO,2,PLC0239,Mirpur-1,মিরপুর-১,2.0,2.0,SRC_BRTA_METRO_FARES
BRTA_A_154_NO,3,PLC0362,Technical,টেকনিক্যাল,4.0,2.0,SRC_BRTA_METRO_FARES
BRTA_A_154_NO,4,PLC0346,Shyamoli,শ্যামলী,5.8,1.8,SRC_BRTA_METRO_FARES
BRTA_A_154_NO,5,PLC0012,Asad Gate,আসাদগেট,7.3,1.5,SRC_BRTA_METRO_FARES
BRTA_A_154_NO,6,PLC0156,Kalabagan,কলাবাগান,8.5,1.2,SRC_BRTA_METRO_FARES
BRTA_A_154_NO,7,PLC0329,Science Lab,সায়েন্সল্যাব,10.3,1.8,SRC_BRTA_METRO_FARES
BRTA_A_154_NO,8,PLC0331,Shahbag,শাহবাগ,11.5,1.2,SRC_BRTA_METRO_FARES
BRTA_A_154_NO,9,PLC0298,Press Club,প্রেসক্লাব,12.6,1.1,SRC_BRTA_METRO_FARES
BRTA_A_154_NO,10,PLC0125,Gulistan,গুলিস্তান,13.7,1.1,SRC_BRTA_METRO_FARES
BRTA_A_154_NO,11,PLC0263,Motijheel (Shapla Chattar),মতিঝিল (শাপলা চত্বর),14.7,1.0,SRC_BRTA_METRO_FARES
BRTA_A_154_NO,12,PLC0164,Kamalapur,কমলাপুর,15.7,1.0,SRC_BRTA_METRO_FARES
BRTA_A_154_NO,13,PLC0364,Tikatapara,টিকটাপাড়া,16.7,1.0,SRC_BRTA_METRO_FARES
BRTA_A_154_NO,14,PLC0327,Sayedabad,সায়েদাবাদ,18.7,2.0,SRC_BRTA_METRO_FARES
BRTA_A_154_NO,15,PLC0143,Jatrabari,যাত্রাবাড়ী,19.7,1.0,SRC_BRTA_METRO_FARES
BRTA_A_154_NO,16,PLC0332,Shanir Akhra,শনির আখড়া,20.7,1.0,SRC_BRTA_METRO_FARES
BRTA_A_154_NO,17,PLC0348,Signboard,সাইনবোর্ড,26.5,5.8,SRC_BRTA_METRO_FARES
BRTA_A_157_NO,1,PLC0063,Bonoshri,বনশ্রী,0.0,0,SRC_BRTA_METRO_FARES
BRTA_A_157_NO,2,PLC0264,Mouchak,মৌচাক,5.8,5.8,SRC_BRTA_METRO_FARES
BRTA_A_157_NO,3,PLC0155,Kakrail,কাকরাইল,6.7,0.9,SRC_BRTA_METRO_FARES
BRTA_A_157_NO,4,PLC0331,Shahbag,শাহবাগ,8.8,2.1,SRC_BRTA_METRO_FARES
BRTA_A_157_NO,5,PLC0329,Science Lab,সাইন্সল্যাব,10.0,1.2,SRC_BRTA_METRO_FARES
BRTA_A_157_NO,6,PLC0144,Jigatola,জিগাতলা,11.1,1.1,SRC_BRTA_METRO_FARES
BRTA_A_157_NO,7,PLC0254,Mohammadpur (Asad Avenue),মোহাম্মদপুর (আসাদ এভিনিউ),14.0,2.9,SRC_BRTA_METRO_FARES
BRTA_A_160_NO,1,PLC0256,Mohammadpur (Japan Garden City),মোহাম্মদপুর (জাপান গার্ডেন সিটি),0.0,0,SRC_BRTA_METRO_FARES
BRTA_A_160_NO,2,PLC0346,Shyamoli,শ্যামলী,2.8,2.8,SRC_BRTA_METRO_FARES
BRTA_A_160_NO,3,PLC0012,Asad Gate,আসাদগেট,4.4,1.6,SRC_BRTA_METRO_FARES
BRTA_A_160_NO,4,PLC0329,Science Lab,সাইন্সল্যাব,7.1,2.7,SRC_BRTA_METRO_FARES
BRTA_A_160_NO,5,PLC0331,Shahbag,শাহবাগ,8.6,1.5,SRC_BRTA_METRO_FARES
BRTA_A_160_NO,6,PLC0155,Kakrail,কাকরাইল,10.1,1.5,SRC_BRTA_METRO_FARES
BRTA_A_160_NO,7,PLC0109,Fakirapool,ফকিরাপুল,11.3,1.2,SRC_BRTA_METRO_FARES
BRTA_A_160_NO,8,PLC0038,Bangladesh Bank,বাংলাদেশ ব্যাংক,12.4,1.1,SRC_BRTA_METRO_FARES
BRTA_A_160_NO,9,PLC0081,Dayaganj Road,দয়াগঞ্জ রোড,13.9,1.5,SRC_BRTA_METRO_FARES
BRTA_A_160_NO,10,PLC0295,Postgola,পোস্তগোলা,16.2,2.3,SRC_BRTA_METRO_FARES
BRTA_A_161_NO,1,PLC0119,Ghatarchar,ঘাটারচর,0.0,0,SRC_BRTA_METRO_FARES
BRTA_A_161_NO,2,PLC0253,Mohammadpur,মোঃপুর,6.0,6.0,SRC_BRTA_METRO_FARES
BRTA_A_161_NO,3,PLC0333,Shankar,শঙ্কর,6.9,0.9,SRC_BRTA_METRO_FARES
BRTA_A_161_NO,4,PLC0092,Dhanmondi-15,ধানমন্ডি-১৫,7.7,0.8,SRC_BRTA_METRO_FARES
BRTA_A_161_NO,5,PLC0144,Jigatola,জিগাতলা,8.4,0.7,SRC_BRTA_METRO_FARES
BRTA_A_161_NO,6,PLC0085,Dhaka City College,ঢাকা সিটি কলেজ,9.2,0.8,SRC_BRTA_METRO_FARES
BRTA_A_161_NO,7,PLC0329,Science Lab,সাইন্সল্যাব,9.6,0.4,SRC_BRTA_METRO_FARES
BRTA_A_161_NO,8,PLC0086,Dhaka College,ঢাকা কলেজ,9.8,0.2,SRC_BRTA_METRO_FARES
BRTA_A_161_NO,9,PLC0279,New Market,নিউ মার্কেট,10.2,0.4,SRC_BRTA_METRO_FARES
BRTA_A_161_NO,10,PLC0018,Azimpur,আজিমপুর,10.9,0.7,SRC_BRTA_METRO_FARES
BRTA_A_161_NO,11,PLC0280,Nilkhet,নীলক্ষেত,11.9,1.0,SRC_BRTA_METRO_FARES
BRTA_A_161_NO,12,PLC0097,Dhupkhola,ধোপখোলা,20.5,8.6,SRC_BRTA_METRO_FARES
BRTA_A_166_NO,1,PLC0253,Mohammadpur,মোহাম্মদপুর,0.0,0,SRC_BRTA_METRO_FARES
BRTA_A_166_NO,2,PLC0371,Town Hall,টাউন হল,1.4,1.4,SRC_BRTA_METRO_FARES
BRTA_A_166_NO,3,PLC0012,Asad Gate,আসাদগেট,2.4,1.0,SRC_BRTA_METRO_FARES
BRTA_A_166_NO,4,PLC0112,Farmgate,ফার্মগেট,3.9,1.5,SRC_BRTA_METRO_FARES
BRTA_A_166_NO,5,PLC0250,Mohakhali,মহাখালী,7.0,3.1,SRC_BRTA_METRO_FARES
BRTA_A_166_NO,6,PLC0366,Titumir College,তিতুমীর কলেজ,7.8,0.8,SRC_BRTA_METRO_FARES
BRTA_A_166_NO,7,PLC0129,Gulshan-1,গুলশান-১,8.8,1.0,SRC_BRTA_METRO_FARES
BRTA_A_166_NO,8,PLC0232,Middle Badda,মধ্য বাড্ডা,9.7,0.9,SRC_BRTA_METRO_FARES
BRTA_A_166_NO,9,PLC0376,Uttar Badda,উত্তর বাড্ডা,10.9,1.2,SRC_BRTA_METRO_FARES
BRTA_A_166_NO,10,PLC0274,Natun Bazar,নতুন বাজার,11.1,0.2,SRC_BRTA_METRO_FARES
BRTA_A_166_NO,11,PLC0045,Bashundhara,বসুন্ধরা,13.0,1.9,SRC_BRTA_METRO_FARES
BRTA_A_166_NO,12,PLC0282,Norda,নর্দা,13.6,0.6,SRC_BRTA_METRO_FARES
BRTA_A_166_NO,13,PLC0203,Kuril Bishwa Road,কুড়িল বিশ্বরোড,14.1,0.5,SRC_BRTA_METRO_FARES
BRTA_A_166_NO,14,PLC0193,Khilkhet,খিলক্ষেত,14.6,0.5,SRC_BRTA_METRO_FARES
BRTA_A_166_NO,15,PLC0278,New Airport,নিউ এয়ারপোর্ট,17.2,2.6,SRC_BRTA_METRO_FARES
BRTA_A_166_NO,16,PLC0309,Rajlaxmi,রাজলক্ষ্মী,18.7,1.5,SRC_BRTA_METRO_FARES
BRTA_A_166_NO,17,PLC0135,House Building,হাউজ বিল্ডিং,20.5,1.8,SRC_BRTA_METRO_FARES
BRTA_A_173_NO,1,PLC0021,Babu Bazar Bridge,বাবু বাজার ব্রীজ,0.0,0,SRC_BRTA_METRO_FARES
BRTA_A_173_NO,2,PLC0113,Fulbaria,ফুলবাড়িয়া,3.0,3.0,SRC_BRTA_METRO_FARES
BRTA_A_173_NO,3,PLC0292,Palton,পল্টন,4.0,1.0,SRC_BRTA_METRO_FARES
BRTA_A_173_NO,4,PLC0310,Rajmoni,রাজমনি,5.0,1.0,SRC_BRTA_METRO_FARES
BRTA_A_173_NO,5,PLC0212,Malibagh,মালিবাগ,6.2,1.2,SRC_BRTA_METRO_FARES
BRTA_A_173_NO,6,PLC0264,Mouchak,মৌচাক,6.6,0.4,SRC_BRTA_METRO_FARES
BRTA_A_173_NO,7,PLC0003,Abul Hotel,আবুল হোটেল,7.6,1.0,SRC_BRTA_METRO_FARES
BRTA_A_173_NO,8,PLC0372,TV Center,টিভি সেন্টার,8.6,1.0,SRC_BRTA_METRO_FARES
BRTA_A_173_NO,9,PLC0232,Middle Badda,মধ্য বাড্ডা,10.6,2.0,SRC_BRTA_METRO_FARES
BRTA_A_173_NO,10,PLC0274,Natun Bazar,নতুন বাজার,12.6,2.0,SRC_BRTA_METRO_FARES
BRTA_A_173_NO,11,PLC0203,Kuril Bishwa Road,কুড়িল বিশ্বরোড,15.1,2.5,SRC_BRTA_METRO_FARES
BRTA_A_173_NO,12,PLC0005,Airport,এয়ারপোর্ট,18.7,3.6,SRC_BRTA_METRO_FARES
BRTA_A_173_NO,13,PLC0018,Azimpur,আজমপুর,21.2,2.5,SRC_BRTA_METRO_FARES
BRTA_A_173_NO,14,PLC0001,Abdullahpur,আব্দুল্লাহপুর,22.2,1.0,SRC_BRTA_METRO_FARES
BRTA_A_173_NO,15,PLC0096,Dhowr Bridge,ধওর ব্রীজ,25.2,3.0,SRC_BRTA_METRO_FARES
BRTA_A_181_NO,1,PLC0326,Savar,সাভার,0.0,0,SRC_BRTA_METRO_FARES
BRTA_A_181_NO,2,PLC0132,Hemayetpur,হেমায়েতপুর,6.7,6.7,SRC_BRTA_METRO_FARES
BRTA_A_181_NO,3,PLC0114,Gabtoli,গাবতলী,14.3,7.6,SRC_BRTA_METRO_FARES
BRTA_A_181_NO,4,PLC0362,Technical,টেকনিক্যাল,15.3,1.0,SRC_BRTA_METRO_FARES
BRTA_A_181_NO,5,PLC0250,Mohakhali,মহাখালী,23.0,7.7,SRC_BRTA_METRO_FARES
BRTA_A_181_NO,6,PLC0129,Gulshan-1,গুলশান-১,25.6,2.6,SRC_BRTA_METRO_FARES
BRTA_A_181_NO,7,PLC0274,Natun Bazar,নতুন বাজার,27.8,2.2,SRC_BRTA_METRO_FARES
BRTA_A_182_NO,1,PLC0244,Mirpur-14,মিরপুর-১৪,0.0,0,SRC_BRTA_METRO_FARES
BRTA_A_182_NO,2,PLC0240,Mirpur-10,মিরপুর-১০,2.3,2.3,SRC_BRTA_METRO_FARES
BRTA_A_182_NO,3,PLC0239,Mirpur-1,মিরপুর-১,4.2,1.9,SRC_BRTA_METRO_FARES
BRTA_A_182_NO,4,PLC0299,Priyangan Gate,প্রিয়ঙ্গন গেট,4.8,0.6,SRC_BRTA_METRO_FARES
BRTA_A_182_NO,5,PLC0103,Eastern Housing,ইস্টার্ন হাউজিং,9.0,4.2,SRC_BRTA_METRO_FARES
BRTA_A_182_NO,6,PLC0095,Dhowr,ধওর,17.5,8.5,SRC_BRTA_METRO_FARES
BRTA_A_182_NO,7,PLC0385,Zirab,জিরাব,23.0,5.5,SRC_BRTA_METRO_FARES
BRTA_A_182_NO,8,PLC0110,Fantasy,ফ্যান্টাসী,27.2,4.2,SRC_BRTA_METRO_FARES
BRTA_A_182_NO,9,PLC0029,Baipail,বাইপাইল,29.5,2.3,SRC_BRTA_METRO_FARES
BRTA_A_182_NO,10,PLC0108,EPZ,ইপিজেড,31.0,1.5,SRC_BRTA_METRO_FARES
BRTA_A_182_NO,11,PLC0386,Zirani,জিরানী,36.0,5.0,SRC_BRTA_METRO_FARES
BRTA_A_182_NO,12,PLC0269,Nandan Park,নন্দনপার্ক,40.0,4.0,SRC_BRTA_METRO_FARES
BRTA_A_182_NO,13,PLC0070,Chandra,চন্দ্রা,42.5,2.5,SRC_BRTA_METRO_FARES
BRTA_A_190_NO,1,PLC0108,EPZ,ইপিজেড,0.0,0,SRC_BRTA_METRO_FARES
BRTA_A_190_NO,2,PLC0114,Gabtoli,গাবতলী,25.9,25.9,SRC_BRTA_METRO_FARES
BRTA_A_190_NO,3,PLC0163,Kalyanpur,কল্যাণপুর,28.3,2.4,SRC_BRTA_METRO_FARES
BRTA_A_190_NO,4,PLC0078,College Gate,কলেজগেট,29.6,1.3,SRC_BRTA_METRO_FARES
BRTA_A_190_NO,5,PLC0112,Farmgate,ফার্মগেট,32.4,2.8,SRC_BRTA_METRO_FARES
BRTA_A_190_NO,6,PLC0038,Bangladesh Bank,বাংলাদেশ ব্যাংক,38.0,5.6,SRC_BRTA_METRO_FARES
BRTA_A_190_NO,7,PLC0327,Sayedabad,সায়েদাবাদ,40.0,2.0,SRC_BRTA_METRO_FARES
BRTA_A_190_NO,8,PLC0207,Link Road,লিংক রোড,46.2,6.2,SRC_BRTA_METRO_FARES
BRTA_A_192_NO,1,PLC0108,EPZ,ইপিজেড,0.0,0,SRC_BRTA_METRO_FARES
BRTA_A_192_NO,2,PLC0326,Savar,সাভার,12.8,12.8,SRC_BRTA_METRO_FARES
BRTA_A_192_NO,3,PLC0114,Gabtoli,গাবতলী,25.9,13.1,SRC_BRTA_METRO_FARES
BRTA_A_192_NO,4,PLC0163,Kalyanpur,কল্যাণপুর,28.3,2.4,SRC_BRTA_METRO_FARES
BRTA_A_192_NO,5,PLC0078,College Gate,কলেজগেট,29.6,1.3,SRC_BRTA_METRO_FARES
BRTA_A_192_NO,6,PLC0112,Farmgate,ফার্মগেট,32.4,2.8,SRC_BRTA_METRO_FARES
BRTA_A_192_NO,7,PLC0037,Bangla Motor,বাংলামটর,34.0,1.6,SRC_BRTA_METRO_FARES
BRTA_A_192_NO,8,PLC0210,Magbazar,মগবাজার,35.3,1.3,SRC_BRTA_METRO_FARES
BRTA_A_192_NO,9,PLC0212,Malibagh,মালিবাগ,36.3,1.0,SRC_BRTA_METRO_FARES
BRTA_A_192_NO,10,PLC0044,Basabo,বাসাবো,38.7,2.4,SRC_BRTA_METRO_FARES
BRTA_A_192_NO,11,PLC0148,Jonopoth,জনপথ,41.7,3.0,SRC_BRTA_METRO_FARES
BRTA_A_192_NO,12,PLC0143,Jatrabari,যাত্রাবাড়ী,42.3,0.6,SRC_BRTA_METRO_FARES
BRTA_A_192_NO,13,PLC0272,Narayanganj Link Road,নারাংগঞ্জ লিংক রোড,47.5,5.2,SRC_BRTA_METRO_FARES
BRTA_A_202_NO,1,PLC0326,Savar,সাভার,0.0,0,SRC_BRTA_METRO_FARES
BRTA_A_202_NO,2,PLC0114,Gabtoli,গাবতলী,13.8,13.8,SRC_BRTA_METRO_FARES
BRTA_A_202_NO,3,PLC0239,Mirpur-1,মিরপুর-১,16.9,3.1,SRC_BRTA_METRO_FARES
BRTA_A_202_NO,4,PLC0240,Mirpur-10,মিরপুর-১০,18.8,1.9,SRC_BRTA_METRO_FARES
BRTA_A_202_NO,5,PLC0250,Mohakhali,মহাখালী,26.3,7.5,SRC_BRTA_METRO_FARES
BRTA_A_202_NO,6,PLC0129,Gulshan-1,গুলশান-১,28.7,2.4,SRC_BRTA_METRO_FARES
BRTA_A_202_NO,7,PLC0063,Bonoshri,বনশ্রী,35.0,6.3,SRC_BRTA_METRO_FARES
BRTA_A_202_NO,8,PLC0007,Amulia Staff Quarter,আমুলিয়া স্টাফ কোয়ার্টার,43.0,8.0,SRC_BRTA_METRO_FARES
BRTA_A_207_NO,1,PLC0367,Tongi,টঙ্গী,0.0,0,SRC_BRTA_METRO_FARES
BRTA_A_207_NO,2,PLC0017,Azampur,আজমপুর,7.4,7.4,SRC_BRTA_METRO_FARES
BRTA_A_207_NO,3,PLC0250,Mohakhali,মহাখালী,19.0,11.6,SRC_BRTA_METRO_FARES
BRTA_A_207_NO,4,PLC0112,Farmgate,ফার্মগেট,21.5,2.5,SRC_BRTA_METRO_FARES
BRTA_A_207_NO,5,PLC0215,Manik Mia,মানিক মিয়া,23.3,1.8,SRC_BRTA_METRO_FARES
BRTA_A_207_NO,6,PLC0077,City College,সিটি কলেজ,25.4,2.1,SRC_BRTA_METRO_FARES
BRTA_A_207_NO,7,PLC0280,Nilkhet,নীলক্ষেত,26.5,1.1,SRC_BRTA_METRO_FARES
BRTA_A_207_NO,8,PLC0087,Dhakeshwari Etimkhana,ঢাকেশ্বরী এতিমখানা,28.0,1.5,SRC_BRTA_METRO_FARES
BRTA_A_219_NO,1,PLC0113,Fulbaria,ফুলবাড়িয়া,0.0,0,SRC_BRTA_METRO_FARES
BRTA_A_219_NO,2,PLC0210,Magbazar,মগবাজার,4.2,4.2,SRC_BRTA_METRO_FARES
BRTA_A_219_NO,3,PLC0268,Nabisco,নাবিস্কো,8.4,4.2,SRC_BRTA_METRO_FARES
BRTA_A_219_NO,4,PLC0250,Mohakhali,মহাখালী,9.4,1.0,SRC_BRTA_METRO_FARES
BRTA_A_219_NO,5,PLC0032,Banani,বনানী,11.1,1.7,SRC_BRTA_METRO_FARES
BRTA_A_219_NO,6,PLC0005,Airport,এয়ারপোর্ট,19.8,8.7,SRC_BRTA_METRO_FARES
BRTA_A_219_NO,7,PLC0367,Tongi,টঙ্গী,25.0,5.2,SRC_BRTA_METRO_FARES
BRTA_A_219_NO,8,PLC0118,Gazipur Crossroad,গাজীপুর চৌরাস্তা,36.5,11.5,SRC_BRTA_METRO_FARES
BRTA_A_219_NO,9,PLC0306,Rajendrapur,রাজেন্দ্রপুর,48.6,12.1,SRC_BRTA_METRO_FARES
BRTA_A_219_NO,10,PLC0307,Rajendrapur Bazar,রাজেন্দ্রপুর বাজার,54.0,5.4,SRC_BRTA_METRO_FARES
BRTA_A_219_NO,11,PLC0304,Rajabari,রাজাবাড়ী,58.8,4.8,SRC_BRTA_METRO_FARES
BRTA_A_219_NO,12,PLC0173,Kapasia,কাপাসিয়া,66.0,7.2,SRC_BRTA_METRO_FARES
BRTA_A_220_NO,1,PLC0113,Fulbaria,ফুলবাড়িয়া,0.0,0,SRC_BRTA_METRO_FARES
BRTA_A_220_NO,2,PLC0210,Magbazar,মগবাজার,4.2,4.2,SRC_BRTA_METRO_FARES
BRTA_A_220_NO,3,PLC0268,Nabisco,নাবিস্কো,8.4,4.2,SRC_BRTA_METRO_FARES
BRTA_A_220_NO,4,PLC0250,Mohakhali,মহাখালী,9.4,1.0,SRC_BRTA_METRO_FARES
BRTA_A_220_NO,5,PLC0032,Banani,বনানী,11.1,1.7,SRC_BRTA_METRO_FARES
BRTA_A_220_NO,6,PLC0005,Airport,এয়ারপোর্ট,19.8,8.7,SRC_BRTA_METRO_FARES
BRTA_A_220_NO,7,PLC0367,Tongi,টঙ্গী,25.0,5.2,SRC_BRTA_METRO_FARES
BRTA_A_220_NO,8,PLC0118,Gazipur Crossroad,গাজীপুর চৌরাস্তা,36.5,11.5,SRC_BRTA_METRO_FARES
BRTA_A_220_NO,9,PLC0308,Rajendrapur Crossroad,রাজেন্দ্রপুর চৌরাস্তা,48.6,12.1,SRC_BRTA_METRO_FARES
BRTA_A_220_NO,10,PLC0134,Hota Para,হোতা পাড়া,52.3,3.7,SRC_BRTA_METRO_FARES
BRTA_A_220_NO,11,PLC0026,Bagher Bazar,বাঘের বাজার,57.3,5.0,SRC_BRTA_METRO_FARES
BRTA_A_220_NO,12,PLC0214,Manda Crossroad,মান্ডা চৌরাস্তা,60.3,3.0,SRC_BRTA_METRO_FARES
BRTA_A_220_NO,13,PLC0353,Sreepur,শ্রীপুর,70.6,10.3,SRC_BRTA_METRO_FARES
BRTA_A_220_NO,14,PLC0062,Bomi,বমী,77.5,6.9,SRC_BRTA_METRO_FARES
BRTA_A_222_NO,1,PLC0113,Fulbaria,ফুলবাড়িয়া,0.0,0,SRC_BRTA_METRO_FARES
BRTA_A_222_NO,2,PLC0180,Kazlail,কাজলাইল,2.0,2.0,SRC_BRTA_METRO_FARES
BRTA_A_222_NO,3,PLC0210,Magbazar,মগবাজার,4.2,2.2,SRC_BRTA_METRO_FARES
BRTA_A_222_NO,4,PLC0250,Mohakhali,মহাখালী,9.4,5.2,SRC_BRTA_METRO_FARES
BRTA_A_222_NO,5,PLC0153,Kajli,কাজলি,11.1,1.7,SRC_BRTA_METRO_FARES
BRTA_A_222_NO,6,PLC0005,Airport,এয়ারপোর্ট,19.8,8.7,SRC_BRTA_METRO_FARES
BRTA_A_222_NO,7,PLC0367,Tongi,টঙ্গী,25.0,5.2,SRC_BRTA_METRO_FARES
BRTA_A_222_NO,8,PLC0118,Gazipur Crossroad,গাজীপুর চৌরাস্তা,36.5,11.5,SRC_BRTA_METRO_FARES
BRTA_A_222_NO,9,PLC0117,Gazipur,গাজীপুর,41.5,5.0,SRC_BRTA_METRO_FARES
BRTA_A_224_NO,1,PLC0113,Fulbaria,ফুলবাড়িয়া,0.0,0,SRC_BRTA_METRO_FARES
BRTA_A_224_NO,2,PLC0133,High Court,হাইকোর্ট,0.7,0.7,SRC_BRTA_METRO_FARES
BRTA_A_224_NO,3,PLC0222,Matsya Bhaban,মৎসভবন,1.2,0.5,SRC_BRTA_METRO_FARES
BRTA_A_224_NO,4,PLC0331,Shahbag,শাহবাগ,3.4,2.2,SRC_BRTA_METRO_FARES
BRTA_A_224_NO,5,PLC0329,Science Lab,সাইন্সল্যাব,4.9,1.5,SRC_BRTA_METRO_FARES
BRTA_A_224_NO,6,PLC0156,Kalabagan,কলাবাগান,6.7,1.8,SRC_BRTA_METRO_FARES
BRTA_A_224_NO,7,PLC0012,Asad Gate,আসাদগেট,8.3,1.6,SRC_BRTA_METRO_FARES
BRTA_A_224_NO,8,PLC0362,Technical,টেকনিক্যাল,11.3,3.0,SRC_BRTA_METRO_FARES
BRTA_A_224_NO,9,PLC0114,Gabtoli,গাবতলী,12.3,1.0,SRC_BRTA_METRO_FARES
BRTA_A_224_NO,10,PLC0218,Manikganj,মানিকগঞ্জ,65.0,52.7,SRC_BRTA_METRO_FARES
BRTA_A_224_NO,11,PLC0293,Paturia,পাটুরিয়া,92.3,27.3,SRC_BRTA_METRO_FARES
BRTA_A_225_NO,1,PLC0327,Sayedabad,সায়েদাবাদ,0.0,0,SRC_BRTA_METRO_FARES
BRTA_A_225_NO,2,PLC0212,Malibagh,মালিবাগ,4.0,4.0,SRC_BRTA_METRO_FARES
BRTA_A_225_NO,3,PLC0325,Satrasta,সাতরাস্তা,8.0,4.0,SRC_BRTA_METRO_FARES
BRTA_A_225_NO,4,PLC0250,Mohakhali,মহাখালী,12.0,4.0,SRC_BRTA_METRO_FARES
BRTA_A_225_NO,5,PLC0005,Airport,এয়ারপোর্ট,20.0,8.0,SRC_BRTA_METRO_FARES
BRTA_A_225_NO,6,PLC0370,Tongi Bazar,টঙ্গীবাজার,24.0,4.0,SRC_BRTA_METRO_FARES
BRTA_A_225_NO,7,PLC0073,Cherag Ali,চেরাগআলী,27.0,3.0,SRC_BRTA_METRO_FARES
BRTA_A_225_NO,8,PLC0061,Board Bazar,বোর্ড বাজার,31.0,4.0,SRC_BRTA_METRO_FARES
BRTA_A_225_NO,9,PLC0074,Chourasta,চৌরাস্তা,37.0,6.0,SRC_BRTA_METRO_FARES
BRTA_A_225_NO,10,PLC0117,Gazipur,গাজীপুর,42.0,5.0,SRC_BRTA_METRO_FARES
BRTA_A_228_NO,1,PLC0327,Sayedabad,সায়েদাবাদ,0.0,0,SRC_BRTA_METRO_FARES
BRTA_A_228_NO,2,PLC0143,Jatrabari,যাত্রাবাড়ী,1.0,1.0,SRC_BRTA_METRO_FARES
BRTA_A_228_NO,3,PLC0150,Jurain,জুরাইন,3.0,2.0,SRC_BRTA_METRO_FARES
BRTA_A_228_NO,4,PLC0295,Postgola,পোস্তগোলা,3.5,0.5,SRC_BRTA_METRO_FARES
BRTA_A_228_NO,5,PLC0270,Narayanganj,নারায়ণগঞ্জ,15.8,12.3,SRC_BRTA_METRO_FARES
BRTA_A_234_NO,1,PLC0208,Madanganj,মদনগঞ্জ,0.0,0,SRC_BRTA_METRO_FARES
BRTA_A_234_NO,2,PLC0327,Sayedabad,সায়েদাবাদ,25.9,25.9,SRC_BRTA_METRO_FARES
BRTA_A_234_NO,3,PLC0125,Gulistan,গুলিস্তান,27.9,2.0,SRC_BRTA_METRO_FARES
BRTA_A_234_NO,4,PLC0298,Press Club,প্রেসক্লাব,28.9,1.0,SRC_BRTA_METRO_FARES
BRTA_A_234_NO,5,PLC0331,Shahbag,শাহবাগ,30.6,1.7,SRC_BRTA_METRO_FARES
BRTA_A_234_NO,6,PLC0280,Nilkhet,নীলক্ষেত,32.5,1.9,SRC_BRTA_METRO_FARES
BRTA_A_234_NO,7,PLC0018,Azimpur,আজিমপুর,33.1,0.6,SRC_BRTA_METRO_FARES
BRTA_A_236_NO,1,PLC0327,Sayedabad,সায়েদাবাদ,0.0,0,SRC_BRTA_METRO_FARES
BRTA_A_236_NO,2,PLC0143,Jatrabari,যাত্রাবাড়ী,0.8,0.8,SRC_BRTA_METRO_FARES
BRTA_A_236_NO,3,PLC0332,Shanir Akhra,শনিরআখড়া,2.6,1.8,SRC_BRTA_METRO_FARES
BRTA_A_236_NO,4,PLC0316,Rayerbag,রায়েরবাগ,3.5,0.9,SRC_BRTA_METRO_FARES
BRTA_A_236_NO,5,PLC0207,Link Road,লিংক রোড,6.0,2.5,SRC_BRTA_METRO_FARES
BRTA_A_236_NO,6,PLC0270,Narayanganj,নারায়ণগঞ্জ,16.2,10.2,SRC_BRTA_METRO_FARES
BRTA_A_240_NO,1,PLC0171,Kanchpur,কাঁচপুর,0.0,0,SRC_BRTA_METRO_FARES
BRTA_A_240_NO,2,PLC0327,Sayedabad,সায়েদাবাদ,9.0,9.0,SRC_BRTA_METRO_FARES
BRTA_A_240_NO,3,PLC0212,Malibagh,মালিবাগ,14.9,5.9,SRC_BRTA_METRO_FARES
BRTA_A_240_NO,4,PLC0284,Notun Bazar,নতুন বাজার,20.8,5.9,SRC_BRTA_METRO_FARES
BRTA_A_240_NO,5,PLC0005,Airport,এয়ারপোর্ট,27.3,6.5,SRC_BRTA_METRO_FARES
BRTA_A_240_NO,6,PLC0367,Tongi,টঙ্গী,31.4,4.1,SRC_BRTA_METRO_FARES
BRTA_A_240_NO,7,PLC0369,Tongi Bastuhara,টঙ্গী বাস্তহারা,36.0,4.6,SRC_BRTA_METRO_FARES
BRTA_A_243_NO,1,PLC0089,Dhaleswar,ধলেশ্বর,0.0,0,SRC_BRTA_METRO_FARES
BRTA_A_243_NO,2,PLC0143,Jatrabari,যাত্রাবাড়ী,4.5,4.5,SRC_BRTA_METRO_FARES
BRTA_A_243_NO,3,PLC0212,Malibagh,মালিবাগ,10.6,6.1,SRC_BRTA_METRO_FARES
BRTA_A_243_NO,4,PLC0300,Progati Sarani,প্রগতি সরণী,15.9,5.3,SRC_BRTA_METRO_FARES
BRTA_A_243_NO,5,PLC0001,Abdullahpur,আব্দুল্লাহপুর,26.6,10.7,SRC_BRTA_METRO_FARES
BRTA_A_243_NO,6,PLC0368,Tongi (Bastuhara),টঙ্গী (বাস্তহারা),31.7,5.1,SRC_BRTA_METRO_FARES
BRTA_A_245_NO,1,PLC0209,Madanpur,মদনপুর,0.0,0,SRC_BRTA_METRO_FARES
BRTA_A_245_NO,2,PLC0260,Motijheel,মতিঝিল,16.1,16.1,SRC_BRTA_METRO_FARES
BRTA_A_245_NO,3,PLC0212,Malibagh,মালিবাগ,18.7,2.6,SRC_BRTA_METRO_FARES
BRTA_A_245_NO,4,PLC0210,Magbazar,মগবাজার,19.9,1.2,SRC_BRTA_METRO_FARES
BRTA_A_245_NO,5,PLC0250,Mohakhali,মহাখালী,23.4,3.5,SRC_BRTA_METRO_FARES
BRTA_A_245_NO,6,PLC0153,Kajli,কাজলী,25.2,1.8,SRC_BRTA_METRO_FARES
BRTA_A_245_NO,7,PLC0001,Abdullahpur,আব্দুল্লাহপুর,36.5,11.3,SRC_BRTA_METRO_FARES
BRTA_A_249_NO,1,PLC0113,Fulbaria,ফুলবাড়িয়া,0.0,0,SRC_BRTA_METRO_FARES
BRTA_A_249_NO,2,PLC0276,Nayabazar,নয়াবাজার,1.4,1.4,SRC_BRTA_METRO_FARES
BRTA_A_249_NO,3,PLC0145,Jinjira,জিঞ্জিরা,4.0,2.6,SRC_BRTA_METRO_FARES
BRTA_A_249_NO,4,PLC0200,Koshailya Bazar,কোশাইল্যা বাজার,8.6,4.6,SRC_BRTA_METRO_FARES
BRTA_A_249_NO,5,PLC0311,Ramer Kanda,রামের কান্দা,12.5,3.9,SRC_BRTA_METRO_FARES
BRTA_A_249_NO,6,PLC0328,Sayedpur,সৈয়দপুর,16.0,3.5,SRC_BRTA_METRO_FARES
BRTA_A_249_NO,7,PLC0187,Kharshur,খারশুর,23.5,7.5,SRC_BRTA_METRO_FARES
BRTA_A_249_NO,8,PLC0363,Tikarpur,টিকরপুর,28.0,4.5,SRC_BRTA_METRO_FARES
BRTA_A_249_NO,9,PLC0009,Apla Bazar,আপলা বাজার,29.2,1.2,SRC_BRTA_METRO_FARES
BRTA_A_249_NO,10,PLC0040,Bangonagar,বঙ্গনগর,33.3,4.1,SRC_BRTA_METRO_FARES
BRTA_A_249_NO,11,PLC0345,Shurganj,শুরগঞ্জ,34.8,1.5,SRC_BRTA_METRO_FARES
BRTA_A_249_NO,12,PLC0027,Bagmara,বাগমারা,35.2,0.4,SRC_BRTA_METRO_FARES
BRTA_A_249_NO,13,PLC0275,Nawabganj,নবাবগঞ্জ,36.1,0.9,SRC_BRTA_METRO_FARES
BRTA_A_249_NO,14,PLC0211,Majhir Kanda,মাঝির কান্দা,39.4,3.3,SRC_BRTA_METRO_FARES
BRTA_A_249_NO,15,PLC0033,Bandura,বান্দুরা,42.0,2.6,SRC_BRTA_METRO_FARES
BRTA_A_249_NO,16,PLC0043,Baruakhali,বারুয়াখালী,47.8,5.8,SRC_BRTA_METRO_FARES
BRTA_A_249_NO,17,PLC0188,Khasiakhali Beribadh,খাসিয়াখালী বেড়িবাঁধ,52.5,4.7,SRC_BRTA_METRO_FARES
BRTA_A_252_NO,1,PLC0054,Bhulta,ভুলতা,0.0,0,SRC_BRTA_METRO_FARES
BRTA_A_252_NO,2,PLC0143,Jatrabari,যাত্রাবাড়ী,21.1,21.1,SRC_BRTA_METRO_FARES
BRTA_A_252_NO,3,PLC0125,Gulistan,গুলিস্তান,24.2,3.1,SRC_BRTA_METRO_FARES
BRTA_A_252_NO,4,PLC0331,Shahbag,শাহবাগ,26.9,2.7,SRC_BRTA_METRO_FARES
BRTA_A_252_NO,5,PLC0156,Kalabagan,কলাবাগান,30.4,3.5,SRC_BRTA_METRO_FARES
BRTA_A_252_NO,6,PLC0329,Science Lab,সাইন্সল্যাব,31.3,0.9,SRC_BRTA_METRO_FARES
BRTA_A_256_NO,1,PLC0069,Chancharpul,চাঁনখারপুল,0.0,0,SRC_BRTA_METRO_FARES
BRTA_A_256_NO,2,PLC0125,Gulistan,গুলিস্তান,2.0,2.0,SRC_BRTA_METRO_FARES
BRTA_A_256_NO,3,PLC0143,Jatrabari,যাত্রাবাড়ী,5.4,3.4,SRC_BRTA_METRO_FARES
BRTA_A_256_NO,4,PLC0171,Kanchpur,কাঁচপুর,14.8,9.4,SRC_BRTA_METRO_FARES
BRTA_A_256_NO,5,PLC0209,Madanpur,মদনপুর,18.0,3.2,SRC_BRTA_METRO_FARES
BRTA_A_256_NO,6,PLC0351,Sonargaon Mogra Para,সোনারগাঁও মোগড়া পাড়া,25.8,7.8,SRC_BRTA_METRO_FARES
BRTA_A_256_NO,7,PLC0228,Meghna Ghat,মেঘনা ঘাট,29.3,3.5,SRC_BRTA_METRO_FARES
BRTA_A_257_NO,1,PLC0172,Kanchpur Bridge,কাঁচপুর ব্রীজ,0.0,0,SRC_BRTA_METRO_FARES
BRTA_A_257_NO,2,PLC0260,Motijheel,মতিঝিল,13.4,13.4,SRC_BRTA_METRO_FARES
BRTA_A_257_NO,3,PLC0212,Malibagh,মালিবাগ,16.4,3.0,SRC_BRTA_METRO_FARES
BRTA_A_257_NO,4,PLC0300,Progati Sarani,প্রগতি সরণী,22.4,6.0,SRC_BRTA_METRO_FARES
BRTA_A_257_NO,5,PLC0005,Airport,এয়ারপোর্ট,29.5,7.1,SRC_BRTA_METRO_FARES
BRTA_A_257_NO,6,PLC0001,Abdullahpur,আব্দুল্লাহপুর,33.1,3.6,SRC_BRTA_METRO_FARES
BRTA_A_257_NO,7,PLC0061,Board Bazar,বোর্ড বাজার,40.9,7.8,SRC_BRTA_METRO_FARES
BRTA_A_259_NO,1,PLC0288,Palashi,পলাশী,0.0,0,SRC_BRTA_METRO_FARES
BRTA_A_259_NO,2,PLC0106,Eden College,ইডেন কলেজ,0.9,0.9,SRC_BRTA_METRO_FARES
BRTA_A_259_NO,3,PLC0331,Shahbag,শাহবাগ,3.4,2.5,SRC_BRTA_METRO_FARES
BRTA_A_259_NO,4,PLC0125,Gulistan,গুলিস্তান,6.1,2.7,SRC_BRTA_METRO_FARES
BRTA_A_259_NO,5,PLC0143,Jatrabari,যাত্রাবাড়ী,9.4,3.3,SRC_BRTA_METRO_FARES
BRTA_A_259_NO,6,PLC0332,Shanir Akhra,শনিরআখড়া,11.0,1.6,SRC_BRTA_METRO_FARES
BRTA_A_259_NO,7,PLC0229,Meghnaghat,মেঘনাঘাট,33.4,22.4,SRC_BRTA_METRO_FARES
BRTA_A_260_NO,1,PLC0113,Fulbaria,ফুলবাড়ীয়া,0.0,0,SRC_BRTA_METRO_FARES
BRTA_A_260_NO,2,PLC0069,Chancharpul,চানখারপুল,1.5,1.5,SRC_BRTA_METRO_FARES
BRTA_A_260_NO,3,PLC0018,Azimpur,আজিমপুর,5.1,3.6,SRC_BRTA_METRO_FARES
BRTA_A_260_NO,4,PLC0012,Asad Gate,আসাদগেট,8.0,2.9,SRC_BRTA_METRO_FARES
BRTA_A_260_NO,5,PLC0362,Technical,টেকনিক্যাল,11.0,3.0,SRC_BRTA_METRO_FARES
BRTA_A_260_NO,6,PLC0114,Gabtoli,গাবতলী,12.0,1.0,SRC_BRTA_METRO_FARES
BRTA_A_260_NO,7,PLC0090,Dhamrai,ধামরাই,42.0,30.0,SRC_BRTA_METRO_FARES
BRTA_A_264_NO,1,PLC0233,Mirpur (Zoo),মিরপুর (চিড়িয়াখানা),0.0,0,SRC_BRTA_METRO_FARES
BRTA_A_264_NO,2,PLC0239,Mirpur-1,মিরপুর-১,1.8,1.8,SRC_BRTA_METRO_FARES
BRTA_A_264_NO,3,PLC0008,Ansar Camp,আনসারক্যাম্প,2.7,0.9,SRC_BRTA_METRO_FARES
BRTA_A_264_NO,4,PLC0112,Farmgate,ফার্মগেট,9.0,6.3,SRC_BRTA_METRO_FARES
BRTA_A_264_NO,5,PLC0123,Golapshah Mazar (Fulbaria),গোলাপশাহ মাজার (ফুলবাড়ীয়া),14.2,5.2,SRC_BRTA_METRO_FARES
BRTA_A_264_NO,6,PLC0277,Nayabazar (No. 2 Buriganga Bridge),নয়াবাজার (২নং বুড়িগঙ্গা সেতু),15.7,1.5,SRC_BRTA_METRO_FARES
BRTA_A_264_NO,7,PLC0181,Keraniganj,কেরানীগঞ্জ,17.2,1.5,SRC_BRTA_METRO_FARES
BRTA_A_265_NO,1,PLC0138,Jagannath University,জগন্নাথ বিশ্ববিদ্যালয়,0.0,0,SRC_BRTA_METRO_FARES
BRTA_A_265_NO,2,PLC0113,Fulbaria,ফুলবাড়িয়া,2.0,2.0,SRC_BRTA_METRO_FARES
BRTA_A_265_NO,3,PLC0291,Paltan,পল্টন,3.2,1.2,SRC_BRTA_METRO_FARES
BRTA_A_265_NO,4,PLC0155,Kakrail,কাকরাইল,4.5,1.3,SRC_BRTA_METRO_FARES
BRTA_A_265_NO,5,PLC0210,Magbazar,মগবাজার,7.0,2.5,SRC_BRTA_METRO_FARES
BRTA_A_265_NO,6,PLC0250,Mohakhali,মহাখালী,11.0,4.0,SRC_BRTA_METRO_FARES
BRTA_A_265_NO,7,PLC0005,Airport,এয়ারপোর্ট,20.0,9.0,SRC_BRTA_METRO_FARES
BRTA_A_265_NO,8,PLC0367,Tongi,টঙ্গী,27.0,7.0,SRC_BRTA_METRO_FARES
BRTA_A_265_NO,9,PLC0117,Gazipur,গাজীপুর,38.0,11.0,SRC_BRTA_METRO_FARES
BRTA_A_265_NO,10,PLC0197,Konabari,কোনাবাড়ী,45.0,7.0,SRC_BRTA_METRO_FARES
BRTA_A_265_NO,11,PLC0323,Safipur,সফিপুর,51.0,6.0,SRC_BRTA_METRO_FARES
BRTA_A_265_NO,12,PLC0070,Chandra,চন্দ্রা,55.3,4.3,SRC_BRTA_METRO_FARES
BRTA_A_266_NO,1,PLC0138,Jagannath University,জগন্নাথ বিশ্ববিদ্যালয়,0.0,0,SRC_BRTA_METRO_FARES
BRTA_A_266_NO,2,PLC0113,Fulbaria,ফুলবাড়িয়া,2.0,2.0,SRC_BRTA_METRO_FARES
BRTA_A_266_NO,3,PLC0291,Paltan,পল্টন,3.2,1.2,SRC_BRTA_METRO_FARES
BRTA_A_266_NO,4,PLC0155,Kakrail,কাকরাইল,4.5,1.3,SRC_BRTA_METRO_FARES
BRTA_A_266_NO,5,PLC0210,Magbazar,মগবাজার,7.0,2.5,SRC_BRTA_METRO_FARES
BRTA_A_266_NO,6,PLC0250,Mohakhali,মহাখালী,11.0,4.0,SRC_BRTA_METRO_FARES
BRTA_A_266_NO,7,PLC0005,Airport,এয়ারপোর্ট,20.0,9.0,SRC_BRTA_METRO_FARES
BRTA_A_266_NO,8,PLC0367,Tongi,টঙ্গী,27.0,7.0,SRC_BRTA_METRO_FARES
BRTA_A_266_NO,9,PLC0117,Gazipur,গাজীপুর,38.0,11.0,SRC_BRTA_METRO_FARES
BRTA_A_266_NO,10,PLC0197,Konabari,কোনাবাড়ী,45.0,7.0,SRC_BRTA_METRO_FARES
BRTA_A_266_NO,11,PLC0323,Safipur,সফিপুর,51.0,6.0,SRC_BRTA_METRO_FARES
BRTA_A_266_NO,12,PLC0070,Chandra,চন্দ্রা,55.3,4.3,SRC_BRTA_METRO_FARES
BRTA_A_270_NO,1,PLC0046,Basila,বসিলা,0.0,0,SRC_BRTA_METRO_FARES
BRTA_A_270_NO,2,PLC0011,Asad Avenue,আসাদ এভিনিউ,3.0,3.0,SRC_BRTA_METRO_FARES
BRTA_A_270_NO,3,PLC0346,Shyamoli,শ্যামলী,4.8,1.8,SRC_BRTA_METRO_FARES
BRTA_A_270_NO,4,PLC0163,Kalyanpur,কল্যাণপুর,5.13,0.33,SRC_BRTA_METRO_FARES
BRTA_A_270_NO,5,PLC0362,Technical,টেকনিক্যাল,6.05,0.92,SRC_BRTA_METRO_FARES
BRTA_A_270_NO,6,PLC0239,Mirpur-1,মিরপুর-১,8.5,2.45,SRC_BRTA_METRO_FARES
BRTA_A_270_NO,7,PLC0245,Mirpur-2,মিরপুর-২,9.8,1.3,SRC_BRTA_METRO_FARES
BRTA_A_270_NO,8,PLC0240,Mirpur-10,মিরপুর-১০,10.3,0.5,SRC_BRTA_METRO_FARES
BRTA_A_270_NO,9,PLC0241,Mirpur-11,মিরপুর-১১,11.3,1.0,SRC_BRTA_METRO_FARES
BRTA_A_270_NO,10,PLC0301,Purabi,পূরবী,11.8,0.5,SRC_BRTA_METRO_FARES
BRTA_A_270_NO,11,PLC0176,Kashi,কাশী,15.0,3.2,SRC_BRTA_METRO_FARES
BRTA_A_270_NO,12,PLC0337,Sheora Bazar,শেওড়া বাজার,19.4,4.4,SRC_BRTA_METRO_FARES
BRTA_A_270_NO,13,PLC0005,Airport,এয়ারপোর্ট,23.4,4.0,SRC_BRTA_METRO_FARES
BRTA_A_270_NO,14,PLC0142,Jasimuddin,জসমউদ্দিন,24.6,1.2,SRC_BRTA_METRO_FARES
BRTA_A_270_NO,15,PLC0001,Abdullahpur,আব্দুল্লাহপুর,27.1,2.5,SRC_BRTA_METRO_FARES
BRTA_A_270_NO,16,PLC0168,Kamarpada,কামারপাড়া,29.2,2.1,SRC_BRTA_METRO_FARES
BRTA_A_271_NO,1,PLC0115,Gabtoli Bridge Par,গাবতলী ব্রীজ পাড়,0.0,0,SRC_BRTA_METRO_FARES
BRTA_A_271_NO,2,PLC0239,Mirpur-1,মিরপুর-১,2.0,2.0,SRC_BRTA_METRO_FARES
BRTA_A_271_NO,3,PLC0245,Mirpur-2,মিরপুর-২,3.8,1.8,SRC_BRTA_METRO_FARES
BRTA_A_271_NO,4,PLC0240,Mirpur-10,মিরপুর-১০,4.8,1.0,SRC_BRTA_METRO_FARES
BRTA_A_271_NO,5,PLC0162,Kalshir Mor,কালশীর মোড়,9.5,4.7,SRC_BRTA_METRO_FARES
BRTA_A_271_NO,6,PLC0193,Khilkhet,খিলক্ষেত,15.0,5.5,SRC_BRTA_METRO_FARES
BRTA_A_271_NO,7,PLC0005,Airport,এয়ারপোর্ট,18.0,3.0,SRC_BRTA_METRO_FARES
BRTA_A_271_NO,8,PLC0001,Abdullahpur,আব্দুল্লাহপুর,21.7,3.7,SRC_BRTA_METRO_FARES
BRTA_A_271_NO,9,PLC0117,Gazipur,গাজীপুর,36.7,15.0,SRC_BRTA_METRO_FARES
BRTA_A_273_NO,1,PLC0115,Gabtoli Bridge Par,গাবতলী ব্রীজ পাড়,0.0,0,SRC_BRTA_METRO_FARES
BRTA_A_273_NO,2,PLC0362,Technical,টেকনিক্যাল,1.8,1.8,SRC_BRTA_METRO_FARES
BRTA_A_273_NO,3,PLC0239,Mirpur-1,মিরপুর-১,3.6,1.8,SRC_BRTA_METRO_FARES
BRTA_A_273_NO,4,PLC0245,Mirpur-2,মিরপুর-২,4.9,1.3,SRC_BRTA_METRO_FARES
BRTA_A_273_NO,5,PLC0240,Mirpur-10,মিরপুর-১০,5.4,0.5,SRC_BRTA_METRO_FARES
BRTA_A_273_NO,6,PLC0241,Mirpur-11,মিরপুর-১১,6.4,1.0,SRC_BRTA_METRO_FARES
BRTA_A_273_NO,7,PLC0302,Purbi,পুরবী,6.9,0.5,SRC_BRTA_METRO_FARES
BRTA_A_273_NO,8,PLC0160,Kalshi,কালশী,9.9,3.0,SRC_BRTA_METRO_FARES
BRTA_A_273_NO,9,PLC0104,ECB Chattar,ইসিবি চত্বর,11.7,1.8,SRC_BRTA_METRO_FARES
BRTA_A_273_NO,10,PLC0154,Kakoli,কাকলী,15.6,3.9,SRC_BRTA_METRO_FARES
BRTA_A_273_NO,11,PLC0252,Mohakhali Amtoli,মহাখালী আমতলী,17.1,1.5,SRC_BRTA_METRO_FARES
BRTA_A_273_NO,12,PLC0129,Gulshan-1,গুলশান-১,18.9,1.8,SRC_BRTA_METRO_FARES
BRTA_A_273_NO,13,PLC0025,Badda Link Road/Madhy Badda,বাড্ডা লিংক রোড/মধ্য বাড্ডা,21.4,2.5,SRC_BRTA_METRO_FARES
BRTA_A_273_NO,14,PLC0231,Meradia Bazar,মেরাদিয়া বাজার,26.5,5.1,SRC_BRTA_METRO_FARES
BRTA_A_278_NO,1,PLC0239,Mirpur-1,মিরপুর-১,0.0,0,SRC_BRTA_METRO_FARES
BRTA_A_278_NO,2,PLC0245,Mirpur-2,মিরপুর-২,1.3,1.3,SRC_BRTA_METRO_FARES
BRTA_A_278_NO,3,PLC0195,Kochukshet,কচুক্ষেত,6.0,4.7,SRC_BRTA_METRO_FARES
BRTA_A_278_NO,4,PLC0324,Sainik Club,সৈনিক ক্লাব,7.2,1.2,SRC_BRTA_METRO_FARES
BRTA_A_278_NO,5,PLC0032,Banani,বনানী,8.0,0.8,SRC_BRTA_METRO_FARES
BRTA_A_278_NO,6,PLC0251,Mohakhali Amtali,মহাখালী আমতলী,10.5,2.5,SRC_BRTA_METRO_FARES
BRTA_A_278_NO,7,PLC0129,Gulshan-1,গুলশান-১,12.2,1.7,SRC_BRTA_METRO_FARES
BRTA_A_278_NO,8,PLC0024,Badda Link Road,বাড্ডা লিংক রোড,13.7,1.5,SRC_BRTA_METRO_FARES
BRTA_A_278_NO,9,PLC0284,Notun Bazar,নতুন বাজার,15.0,1.3,SRC_BRTA_METRO_FARES
BRTA_A_278_NO,10,PLC0049,Beraid,বেরাইদ,21.0,6.0,SRC_BRTA_METRO_FARES
BRTA_A_280_NO,1,PLC0234,Mirpur DOHS,মিরপুর ডিওএইচ এস,0.0,0,SRC_BRTA_METRO_FARES
BRTA_A_280_NO,2,PLC0159,Kalashi Mor,কালাশি মোড়,3.0,3.0,SRC_BRTA_METRO_FARES
BRTA_A_280_NO,3,PLC0104,ECB Chattar,ইসিবি চত্বর,4.0,1.0,SRC_BRTA_METRO_FARES
BRTA_A_280_NO,4,PLC0068,Cantonment Signal Gate,ক্যান্টনমেন্ট সিগন্যাল গেট,6.0,2.0,SRC_BRTA_METRO_FARES
BRTA_A_280_NO,5,PLC0383,Work Shop,ওয়ার্ক সপ,8.0,2.0,SRC_BRTA_METRO_FARES
BRTA_A_280_NO,6,PLC0112,Farmgate,ফার্মগেট,12.0,4.0,SRC_BRTA_METRO_FARES
BRTA_A_280_NO,7,PLC0331,Shahbag,শাহবাগ,14.3,2.3,SRC_BRTA_METRO_FARES
BRTA_A_280_NO,8,PLC0125,Gulistan,গুলিস্তান,17.1,2.8,SRC_BRTA_METRO_FARES
BRTA_A_280_NO,9,PLC0260,Motijheel,মতিঝিল,18.9,1.8,SRC_BRTA_METRO_FARES
BRTA_A_285_NO,1,PLC0387,Zoo,চিড়িয়াখানা,0.0,0,SRC_BRTA_METRO_FARES
BRTA_A_285_NO,2,PLC0239,Mirpur-1,মিরপুর-১,1.8,1.8,SRC_BRTA_METRO_FARES
BRTA_A_285_NO,3,PLC0362,Technical,টেকনিক্যাল,2.7,0.9,SRC_BRTA_METRO_FARES
BRTA_A_285_NO,4,PLC0346,Shyamoli,শ্যামলী,5.4,2.7,SRC_BRTA_METRO_FARES
BRTA_A_285_NO,5,PLC0012,Asad Gate,আসাদগেট,7.2,1.8,SRC_BRTA_METRO_FARES
BRTA_A_285_NO,6,PLC0112,Farmgate,ফার্মগেট,9.0,1.8,SRC_BRTA_METRO_FARES
BRTA_A_285_NO,7,PLC0298,Press Club,প্রেসক্লাব,12.6,3.6,SRC_BRTA_METRO_FARES
BRTA_A_285_NO,8,PLC0113,Fulbaria,ফুলবাড়িয়া,14.2,1.6,SRC_BRTA_METRO_FARES
BRTA_A_285_NO,9,PLC0016,Ati Bazar,আতি বাজার,15.7,1.5,SRC_BRTA_METRO_FARES
BRTA_A_285_NO,10,PLC0021,Babu Bazar Bridge,বাবু বাজার ব্রীজ,16.9,1.2,SRC_BRTA_METRO_FARES
BRTA_A_285_NO,11,PLC0075,Chun Kutia,চুন কুটিয়া,18.0,1.1,SRC_BRTA_METRO_FARES
BRTA_A_285_NO,12,PLC0182,Keraniganj (New Jail),কেরানীগঞ্জ (নতুন জেল খানা),21.0,3.0,SRC_BRTA_METRO_FARES
BRTA_A_288_NO,1,PLC0243,Mirpur-12,মিরপুর-১২,0.0,0,SRC_BRTA_METRO_FARES
BRTA_A_288_NO,2,PLC0241,Mirpur-11,মিরপুর-১১,1.5,1.5,SRC_BRTA_METRO_FARES
BRTA_A_288_NO,3,PLC0240,Mirpur-10,মিরপুর-১০,2.5,1.0,SRC_BRTA_METRO_FARES
BRTA_A_288_NO,4,PLC0179,Kazipara,কাজীপাড়া,4.5,2.0,SRC_BRTA_METRO_FARES
BRTA_A_288_NO,5,PLC0339,Sheorapara,শেওড়াপাড়া,5.0,0.5,SRC_BRTA_METRO_FARES
BRTA_A_288_NO,6,PLC0112,Farmgate,ফার্মগেট,9.0,4.0,SRC_BRTA_METRO_FARES
BRTA_A_288_NO,7,PLC0331,Shahbag,শাহবাগ,11.3,2.3,SRC_BRTA_METRO_FARES
BRTA_A_288_NO,8,PLC0124,GPO,জিপিও,14.5,3.2,SRC_BRTA_METRO_FARES
BRTA_A_288_NO,9,PLC0225,Mayor Mohammad Hanif Flyover,মেয়র মোহাম্মদ হানিফ ফ্লাইওভার,16.0,1.5,SRC_BRTA_METRO_FARES
BRTA_A_288_NO,10,PLC0332,Shanir Akhra,শনির আখড়া,22.0,6.0,SRC_BRTA_METRO_FARES
BRTA_A_288_NO,11,PLC0348,Signboard,সাইনবোর্ড,25.3,3.3,SRC_BRTA_METRO_FARES
BRTA_A_288_NO,12,PLC0072,Chasara Bus Stand,চাষাঢ়া বাসস্ট্যান্ড,33.2,7.9,SRC_BRTA_METRO_FARES
BRTA_A_288_NO,13,PLC0270,Narayanganj,নারায়ণগঞ্জ,35.0,1.8,SRC_BRTA_METRO_FARES
BRTA_A_292_NO,1,PLC0258,Mohammadpur Shia Mosque,মোহাম্মদপুর শিয়া মসজিদ,0.0,0,SRC_BRTA_METRO_FARES
BRTA_A_292_NO,2,PLC0346,Shyamoli,শ্যামলী,1.5,1.5,SRC_BRTA_METRO_FARES
BRTA_A_292_NO,3,PLC0343,Shishumela,শিশুমেলা,2.0,0.5,SRC_BRTA_METRO_FARES
BRTA_A_292_NO,4,PLC0004,Agargaon,আগারগাঁও,4.1,2.1,SRC_BRTA_METRO_FARES
BRTA_A_292_NO,5,PLC0250,Mohakhali,মহাখালী,8.0,3.9,SRC_BRTA_METRO_FARES
BRTA_A_292_NO,6,PLC0032,Banani,বনানী,9.8,1.8,SRC_BRTA_METRO_FARES
BRTA_A_292_NO,7,PLC0005,Airport,বিমানবন্দর,17.3,7.5,SRC_BRTA_METRO_FARES
BRTA_A_292_NO,8,PLC0377,Uttara,উত্তরা,19.5,2.2,SRC_BRTA_METRO_FARES
BRTA_A_292_NO,9,PLC0001,Abdullahpur,আব্দুল্লাহপুর,20.8,1.3,SRC_BRTA_METRO_FARES
BRTA_A_292_NO,10,PLC0093,Dhaur,ধউর,25.2,4.4,SRC_BRTA_METRO_FARES
BRTA_A_292_NO,11,PLC0014,Ashulia,আশুলিয়া,28.4,3.2,SRC_BRTA_METRO_FARES
BRTA_A_292_NO,12,PLC0281,Nobinagar (Savar),নবীনগর (সাভার),40.0,11.6,SRC_BRTA_METRO_FARES
BRTA_A_294_NO,1,PLC0140,Japan Garden City,জাপান গার্ডেন সিটি,0.0,0,SRC_BRTA_METRO_FARES
BRTA_A_294_NO,2,PLC0346,Shyamoli,শ্যামলী,1.5,1.5,SRC_BRTA_METRO_FARES
BRTA_A_294_NO,3,PLC0004,Agargaon,আগারগাঁও,4.1,2.6,SRC_BRTA_METRO_FARES
BRTA_A_294_NO,4,PLC0250,Mohakhali,মহাখালী,8.0,3.9,SRC_BRTA_METRO_FARES
BRTA_A_294_NO,5,PLC0153,Kajli,কাজলী,9.8,1.8,SRC_BRTA_METRO_FARES
BRTA_A_294_NO,6,PLC0005,Airport,এয়ারপোর্ট,17.3,7.5,SRC_BRTA_METRO_FARES
BRTA_A_294_NO,7,PLC0377,Uttara,উত্তরা,19.5,2.2,SRC_BRTA_METRO_FARES
BRTA_A_294_NO,8,PLC0093,Dhaur,ধউর,25.2,5.7,SRC_BRTA_METRO_FARES
BRTA_A_295_NO,1,PLC0243,Mirpur-12,মিরপুর-১২,0.0,0,SRC_BRTA_METRO_FARES
BRTA_A_295_NO,2,PLC0240,Mirpur-10,মিরপুর-১০,3.0,3.0,SRC_BRTA_METRO_FARES
BRTA_A_295_NO,3,PLC0059,Bijoy Smriti,বিজয় স্মরণী,9.4,6.4,SRC_BRTA_METRO_FARES
BRTA_A_295_NO,4,PLC0112,Farmgate,ফার্মগেট,9.9,0.5,SRC_BRTA_METRO_FARES
BRTA_A_295_NO,5,PLC0125,Gulistan,গুলিস্তান,15.0,5.1,SRC_BRTA_METRO_FARES
BRTA_A_295_NO,6,PLC0021,Babu Bazar Bridge,বাবু বাজার ব্রীজ,18.0,3.0,SRC_BRTA_METRO_FARES
BRTA_A_295_NO,7,PLC0223,Mawa Ferryghat,মাওয়া ফেরীঘাট,53.0,35.0,SRC_BRTA_METRO_FARES
BRTA_A_299_NO,1,PLC0016,Ati Bazar,আটিবাজার,0.0,0,SRC_BRTA_METRO_FARES
BRTA_A_299_NO,2,PLC0253,Mohammadpur,মোহাম্মদপুর,5.0,5.0,SRC_BRTA_METRO_FARES
BRTA_A_299_NO,3,PLC0112,Farmgate,ফার্মগেট,8.0,3.0,SRC_BRTA_METRO_FARES
BRTA_A_299_NO,4,PLC0153,Kajli,কাজলী,13.0,5.0,SRC_BRTA_METRO_FARES
BRTA_A_299_NO,5,PLC0005,Airport,এয়ারপোর্ট,20.0,7.0,SRC_BRTA_METRO_FARES
BRTA_A_299_NO,6,PLC0377,Uttara,উত্তরা,23.0,3.0,SRC_BRTA_METRO_FARES
BRTA_A_299_NO,7,PLC0093,Dhaur,ধউর,29.0,6.0,SRC_BRTA_METRO_FARES
BRTA_A_301_NO,1,PLC0140,Japan Garden City,জাপান গার্ডেন সিটি,0.0,0,SRC_BRTA_METRO_FARES
BRTA_A_301_NO,2,PLC0347,Shyamoli Ring Road,শ্যামলী রিং রোড,1.5,1.5,SRC_BRTA_METRO_FARES
BRTA_A_301_NO,3,PLC0004,Agargaon,আগারগাঁও,3.5,2.0,SRC_BRTA_METRO_FARES
BRTA_A_301_NO,4,PLC0338,Sheora Para,শেওড়া পাড়া,5.2,1.7,SRC_BRTA_METRO_FARES
BRTA_A_301_NO,5,PLC0240,Mirpur-10,মিরপুর-১০,7.1,1.9,SRC_BRTA_METRO_FARES
BRTA_A_301_NO,6,PLC0160,Kalshi,কালশী,11.8,4.7,SRC_BRTA_METRO_FARES
BRTA_A_301_NO,7,PLC0104,ECB Chattar,ইসিবি চত্বর,13.6,1.8,SRC_BRTA_METRO_FARES
BRTA_A_301_NO,8,PLC0005,Airport,এয়ারপোর্ট,20.3,6.7,SRC_BRTA_METRO_FARES
BRTA_A_301_NO,9,PLC0001,Abdullahpur,আব্দুল্লাহপুর,24.0,3.7,SRC_BRTA_METRO_FARES
BRTA_A_301_NO,10,PLC0093,Dhaur,ধউর,29.5,5.5,SRC_BRTA_METRO_FARES
BRTA_A_302_NO,1,PLC0065,Bonsree (Meradia),বনশ্রী (মেরাদিয়া),0.0,0,SRC_BRTA_METRO_FARES
BRTA_A_302_NO,2,PLC0314,Rampura Bridge,রামপুরা ব্রীজ,1.0,1.0,SRC_BRTA_METRO_FARES
BRTA_A_302_NO,3,PLC0129,Gulshan-1,গুলশান-১,3.5,2.5,SRC_BRTA_METRO_FARES
BRTA_A_302_NO,4,PLC0250,Mohakhali,মহাখালী,5.3,1.8,SRC_BRTA_METRO_FARES
BRTA_A_302_NO,5,PLC0004,Agargaon,আগারগাঁও,9.2,3.9,SRC_BRTA_METRO_FARES
BRTA_A_302_NO,6,PLC0346,Shyamoli,শ্যামলী,11.2,2.0,SRC_BRTA_METRO_FARES
BRTA_A_302_NO,7,PLC0163,Kalyanpur,কল্যাণপুর,11.7,0.5,SRC_BRTA_METRO_FARES
BRTA_A_302_NO,8,PLC0114,Gabtoli,গাবতলী,13.2,1.5,SRC_BRTA_METRO_FARES
BRTA_A_302_NO,9,PLC0006,Amin Bazar,আমিন বাজার,14.7,1.5,SRC_BRTA_METRO_FARES
BRTA_A_302_NO,10,PLC0326,Savar,সাভার,26.7,12.0,SRC_BRTA_METRO_FARES
BRTA_A_304_NO,1,PLC0046,Basila,বছিলা,0.0,0,SRC_BRTA_METRO_FARES
BRTA_A_304_NO,2,PLC0011,Asad Avenue,আসাদ এভিনিউ,3.0,3.0,SRC_BRTA_METRO_FARES
BRTA_A_304_NO,3,PLC0346,Shyamoli,শ্যামলী,4.8,1.8,SRC_BRTA_METRO_FARES
BRTA_A_304_NO,4,PLC0163,Kalyanpur,কল্যাণপুর,5.13,0.33,SRC_BRTA_METRO_FARES
BRTA_A_304_NO,5,PLC0362,Technical,টেকনিক্যাল,6.05,0.92,SRC_BRTA_METRO_FARES
BRTA_A_304_NO,6,PLC0239,Mirpur-1,মিরপুর-১,8.5,2.45,SRC_BRTA_METRO_FARES
BRTA_A_304_NO,7,PLC0245,Mirpur-2,মিরপুর-২,9.8,1.3,SRC_BRTA_METRO_FARES
BRTA_A_304_NO,8,PLC0240,Mirpur-10,মিরপুর-১০,10.3,0.5,SRC_BRTA_METRO_FARES
BRTA_A_304_NO,9,PLC0241,Mirpur-11,মিরপুর-১১,11.3,1.0,SRC_BRTA_METRO_FARES
BRTA_A_304_NO,10,PLC0302,Purbi,পূর্বী,11.8,0.5,SRC_BRTA_METRO_FARES
BRTA_A_304_NO,11,PLC0160,Kalshi,কালশী,15.0,3.2,SRC_BRTA_METRO_FARES
BRTA_A_304_NO,12,PLC0337,Sheora Bazar,শেওড়া বাজার,19.4,4.4,SRC_BRTA_METRO_FARES
BRTA_A_304_NO,13,PLC0005,Airport,এয়ারপোর্ট,23.4,4.0,SRC_BRTA_METRO_FARES
BRTA_A_304_NO,14,PLC0141,Jasim Uddin,জসীমউদ্দিন,24.6,1.2,SRC_BRTA_METRO_FARES
BRTA_A_304_NO,15,PLC0001,Abdullahpur,আব্দুল্লাহপুর,27.1,2.5,SRC_BRTA_METRO_FARES
BRTA_A_304_NO,16,PLC0169,Kamarpara,কামারপাড়া,29.2,2.1,SRC_BRTA_METRO_FARES
BRTA_A_304_NO,17,PLC0093,Dhaur,ধউর,32.2,3.0,SRC_BRTA_METRO_FARES
BRTA_A_307_NO,1,PLC0244,Mirpur-14,মিরপুর-১৪,0.0,0,SRC_BRTA_METRO_FARES
BRTA_A_307_NO,2,PLC0240,Mirpur-10,মিরপুর-১০,2.1,2.1,SRC_BRTA_METRO_FARES
BRTA_A_307_NO,3,PLC0245,Mirpur-2,মিরপুর-২,3.6,1.5,SRC_BRTA_METRO_FARES
BRTA_A_307_NO,4,PLC0239,Mirpur-1,মিরপুর-১,4.6,1.0,SRC_BRTA_METRO_FARES
BRTA_A_307_NO,5,PLC0114,Gabtoli,গাবতলী,6.6,2.0,SRC_BRTA_METRO_FARES
BRTA_A_307_NO,6,PLC0326,Savar,সাভার,20.1,13.5,SRC_BRTA_METRO_FARES
BRTA_A_307_NO,7,PLC0267,Nabinagar,নবীনগর,28.1,8.0,SRC_BRTA_METRO_FARES
BRTA_A_307_NO,8,PLC0108,EPZ,ইপিজেড,32.7,4.6,SRC_BRTA_METRO_FARES
BRTA_A_309_NO,1,PLC0321,Sadarghat,সদরঘাট,0.0,0,SRC_BRTA_METRO_FARES
BRTA_A_309_NO,2,PLC0125,Gulistan,গুলিস্তান,2.5,2.5,SRC_BRTA_METRO_FARES
BRTA_A_309_NO,3,PLC0291,Paltan,পল্টন,3.5,1.0,SRC_BRTA_METRO_FARES
BRTA_A_309_NO,4,PLC0331,Shahbag,শাহবাগ,5.8,2.3,SRC_BRTA_METRO_FARES
BRTA_A_309_NO,5,PLC0329,Science Lab,সাইন্সল্যাব,7.1,1.3,SRC_BRTA_METRO_FARES
BRTA_A_309_NO,6,PLC0012,Asad Gate,আসাদগেট,9.6,2.5,SRC_BRTA_METRO_FARES
BRTA_A_309_NO,7,PLC0114,Gabtoli,গাবতলী,15.0,5.4,SRC_BRTA_METRO_FARES
BRTA_A_309_NO,8,PLC0326,Savar,সাভার,28.5,13.5,SRC_BRTA_METRO_FARES
BRTA_A_309_NO,9,PLC0267,Nabinagar,নবীনগর,37.0,8.5,SRC_BRTA_METRO_FARES
BRTA_A_309_NO,10,PLC0108,EPZ,ইপিজেড,41.7,4.7,SRC_BRTA_METRO_FARES
BRTA_A_310_NO,1,PLC0236,Mirpur Rupnagar,মিরপুর রূপনগর,0.0,0,SRC_BRTA_METRO_FARES
BRTA_A_310_NO,2,PLC0243,Mirpur-12,মিরপুর-১২,1.2,1.2,SRC_BRTA_METRO_FARES
BRTA_A_310_NO,3,PLC0241,Mirpur-11,মিরপুর-১১,2.6,1.4,SRC_BRTA_METRO_FARES
BRTA_A_310_NO,4,PLC0240,Mirpur-10,মিরপুর-১০,3.5,0.9,SRC_BRTA_METRO_FARES
BRTA_A_310_NO,5,PLC0179,Kazipara,কাজীপাড়া,4.9,1.4,SRC_BRTA_METRO_FARES
BRTA_A_310_NO,6,PLC0339,Sheorapara,শেওড়াপাড়া,5.5,0.6,SRC_BRTA_METRO_FARES
BRTA_A_310_NO,7,PLC0112,Farmgate,ফার্মগেট,10.2,4.7,SRC_BRTA_METRO_FARES
BRTA_A_310_NO,8,PLC0291,Paltan,পল্টন,14.7,4.5,SRC_BRTA_METRO_FARES
BRTA_A_310_NO,9,PLC0079,Daily Bangla,দৈনিক বাংলা,15.5,0.8,SRC_BRTA_METRO_FARES
BRTA_A_310_NO,10,PLC0335,Shapla Chattar,শাপলা চত্বর,16.4,0.9,SRC_BRTA_METRO_FARES
BRTA_A_310_NO,11,PLC0010,Arambagh,আরামবাগ,17.1,0.7,SRC_BRTA_METRO_FARES
BRTA_A_310_NO,12,PLC0164,Kamalapur,কমলাপুর,17.6,0.5,SRC_BRTA_METRO_FARES
BRTA_A_310_NO,13,PLC0327,Sayedabad,সায়েদাবাদ,19.9,2.3,SRC_BRTA_METRO_FARES
BRTA_A_314_NO,1,PLC0132,Hemayetpur,হেমায়েতপুর,0.0,0,SRC_BRTA_METRO_FARES
BRTA_A_314_NO,2,PLC0114,Gabtoli,গাবতলী,7.2,7.2,SRC_BRTA_METRO_FARES
BRTA_A_314_NO,3,PLC0362,Technical,টেকনিক্যাল,8.7,1.5,SRC_BRTA_METRO_FARES
BRTA_A_314_NO,4,PLC0239,Mirpur-1,মিরপুর-১,10.5,1.8,SRC_BRTA_METRO_FARES
BRTA_A_314_NO,5,PLC0245,Mirpur-2,মিরপুর-২,11.8,1.3,SRC_BRTA_METRO_FARES
BRTA_A_314_NO,6,PLC0246,Mirpur-6,মিরপুর-৬,13.1,1.3,SRC_BRTA_METRO_FARES
BRTA_A_314_NO,7,PLC0241,Mirpur-11,মিরপুর-১১,14.6,1.5,SRC_BRTA_METRO_FARES
BRTA_A_314_NO,8,PLC0161,Kalshi Morh,কালশিমোড়,18.3,3.7,SRC_BRTA_METRO_FARES
BRTA_A_314_NO,9,PLC0104,ECB Chattar,ইসিবি চত্বর,20.1,1.8,SRC_BRTA_METRO_FARES
BRTA_A_314_NO,10,PLC0204,Kuril Biswa Road,কুড়িল বিশ্বরোড,22.8,2.7,SRC_BRTA_METRO_FARES
BRTA_A_314_NO,11,PLC0312,Rampura,রামপুরা,29.8,7.0,SRC_BRTA_METRO_FARES
BRTA_A_314_NO,12,PLC0064,Bonsree,বনশ্রী,30.8,1.0,SRC_BRTA_METRO_FARES
BRTA_A_314_NO,13,PLC0231,Meradia Bazar,মেরাদিয়া বাজার,32.8,2.0,SRC_BRTA_METRO_FARES
BRTA_A_314_NO,14,PLC0355,Staff Quarter,স্টাফ কোয়ার্টার,38.8,6.0,SRC_BRTA_METRO_FARES
BRTA_A_317_NO,1,PLC0100,Diabari Chourasta,দিয়াবাড়ী চৌরাস্তা,0.0,0,SRC_BRTA_METRO_FARES
BRTA_A_317_NO,2,PLC0221,Mast Plaza,মাস্ট প্লাজা,2.5,2.5,SRC_BRTA_METRO_FARES
BRTA_A_317_NO,3,PLC0005,Airport,এয়ারপোর্ট,4.5,2.0,SRC_BRTA_METRO_FARES
BRTA_A_317_NO,4,PLC0205,Kuril Flyover,কুড়িল ফ্লাইওভার,8.5,4.0,SRC_BRTA_METRO_FARES
BRTA_A_317_NO,5,PLC0284,Notun Bazar,নতুন বাজার,12.1,3.6,SRC_BRTA_METRO_FARES
BRTA_A_317_NO,6,PLC0023,Badda,বাড্ডা,14.6,2.5,SRC_BRTA_METRO_FARES
BRTA_A_317_NO,7,PLC0312,Rampura,রামপুরা,16.7,2.1,SRC_BRTA_METRO_FARES
BRTA_A_317_NO,8,PLC0189,Khilgaon Flyover,খিলগাঁও ফ্লাইওভার,20.7,4.0,SRC_BRTA_METRO_FARES
BRTA_A_317_NO,9,PLC0359,T&T Para,টিটিপাড়া,22.4,1.7,SRC_BRTA_METRO_FARES
BRTA_A_317_NO,10,PLC0327,Sayedabad,সায়েদাবাদ,23.4,1.0,SRC_BRTA_METRO_FARES
BRTA_A_317_NO,11,PLC0143,Jatrabari,যাত্রাবাড়ী,24.8,1.4,SRC_BRTA_METRO_FARES
BRTA_A_317_NO,12,PLC0295,Postgola,পোস্তগোলা,27.3,2.5,SRC_BRTA_METRO_FARES
BRTA_A_319_NO,1,PLC0243,Mirpur-12,মিরপুর-১২,0.0,0,SRC_BRTA_METRO_FARES
BRTA_A_319_NO,2,PLC0158,Kalapani,কালাপানি,1.0,1.0,SRC_BRTA_METRO_FARES
BRTA_A_319_NO,3,PLC0035,Bangabandhu College,বঙ্গবন্ধু কলেজ,1.6,0.6,SRC_BRTA_METRO_FARES
BRTA_A_319_NO,4,PLC0241,Mirpur-11,মিরপুর-১১,4.6,3.0,SRC_BRTA_METRO_FARES
BRTA_A_319_NO,5,PLC0240,Mirpur-10,মিরপুর-১০,5.6,1.0,SRC_BRTA_METRO_FARES
BRTA_A_319_NO,6,PLC0179,Kazipara,কাজীপাড়া,7.1,1.5,SRC_BRTA_METRO_FARES
BRTA_A_319_NO,7,PLC0112,Farmgate,ফার্মগেট,12.4,5.3,SRC_BRTA_METRO_FARES
BRTA_A_319_NO,8,PLC0125,Gulistan,গুলিস্তান,17.4,5.0,SRC_BRTA_METRO_FARES
BRTA_A_319_NO,9,PLC0327,Sayedabad,সায়েদাবাদ,20.4,3.0,SRC_BRTA_METRO_FARES
BRTA_A_319_NO,10,PLC0143,Jatrabari,যাত্রাবাড়ী,21.3,0.9,SRC_BRTA_METRO_FARES
BRTA_A_319_NO,11,PLC0172,Kanchpur Bridge,কাঁচপুর ব্রীজ,30.7,9.4,SRC_BRTA_METRO_FARES
BRTA_A_320_NO,1,PLC0387,Zoo,চিড়িয়াখানা,0.0,0,SRC_BRTA_METRO_FARES
BRTA_A_320_NO,2,PLC0352,Soni Cinema Hall,সনি সিনেমা হল,1.5,1.5,SRC_BRTA_METRO_FARES
BRTA_A_320_NO,3,PLC0245,Mirpur-2,মিরপুর-২,2.8,1.3,SRC_BRTA_METRO_FARES
BRTA_A_320_NO,4,PLC0240,Mirpur-10,মিরপুর-১০,3.3,0.5,SRC_BRTA_METRO_FARES
BRTA_A_320_NO,5,PLC0241,Mirpur-11,মিরপুর-১১,4.3,1.0,SRC_BRTA_METRO_FARES
BRTA_A_320_NO,6,PLC0302,Purbi,পূর্বী,4.8,0.5,SRC_BRTA_METRO_FARES
BRTA_A_320_NO,7,PLC0160,Kalshi,কালশী,6.3,1.5,SRC_BRTA_METRO_FARES
BRTA_A_320_NO,8,PLC0227,Md. Zillur Rahman Flyover,মোঃ জিল্লুর রহমান ফ্লাইওভার,7.3,1.0,SRC_BRTA_METRO_FARES
BRTA_A_320_NO,9,PLC0205,Kuril Flyover,কুড়িল ফ্লাইওভার,10.8,3.5,SRC_BRTA_METRO_FARES
BRTA_A_320_NO,10,PLC0284,Notun Bazar,নতুন বাজার,13.3,2.5,SRC_BRTA_METRO_FARES
BRTA_A_320_NO,11,PLC0023,Badda,বাড্ডা,15.5,2.2,SRC_BRTA_METRO_FARES
BRTA_A_320_NO,12,PLC0312,Rampura,রামপুরা,17.4,1.9,SRC_BRTA_METRO_FARES
BRTA_A_320_NO,13,PLC0213,Malibagh Choudhurypara,মালিবাগ চৌধুরীপাড়া,18.2,0.8,SRC_BRTA_METRO_FARES
BRTA_A_320_NO,14,PLC0266,Mugda,মুগদা,22.2,4.0,SRC_BRTA_METRO_FARES
BRTA_A_320_NO,15,PLC0327,Sayedabad,সায়েদাবাদ,24.0,1.8,SRC_BRTA_METRO_FARES
BRTA_A_320_NO,16,PLC0143,Jatrabari,যাত্রাবাড়ী,25.0,1.0,SRC_BRTA_METRO_FARES
BRTA_A_327_NO,1,PLC0244,Mirpur-14,মিরপুর-১৪,0.0,0,SRC_BRTA_METRO_FARES
BRTA_A_327_NO,2,PLC0194,Kochukhet,কচুক্ষেত,1.0,1.0,SRC_BRTA_METRO_FARES
BRTA_A_327_NO,3,PLC0112,Farmgate,ফার্মগেট,6.5,5.5,SRC_BRTA_METRO_FARES
BRTA_A_327_NO,4,PLC0178,Kawran Bazar,কাওরান বাজার,7.5,1.0,SRC_BRTA_METRO_FARES
BRTA_A_327_NO,5,PLC0331,Shahbag,শাহবাগ,8.5,1.0,SRC_BRTA_METRO_FARES
BRTA_A_327_NO,6,PLC0125,Gulistan,গুলিস্তান,11.3,2.8,SRC_BRTA_METRO_FARES
BRTA_A_327_NO,7,PLC0260,Motijheel,মতিঝিল,13.5,2.2,SRC_BRTA_METRO_FARES
BRTA_A_329_NO,1,PLC0046,Basila,বসিলা,0.0,0,SRC_BRTA_METRO_FARES
BRTA_A_329_NO,2,PLC0259,Mohammadpur Town Hall,মোহাম্মদপুর টাউন হল,1.8,1.8,SRC_BRTA_METRO_FARES
BRTA_A_329_NO,3,PLC0341,Shia Masjid,শিয়া মসজিদ,2.5,0.7,SRC_BRTA_METRO_FARES
BRTA_A_329_NO,4,PLC0012,Asad Gate,আসাদগেট,3.8,1.3,SRC_BRTA_METRO_FARES
BRTA_A_329_NO,5,PLC0215,Manik Mia,মানিক মিয়া,5.5,1.7,SRC_BRTA_METRO_FARES
BRTA_A_329_NO,6,PLC0344,Shukrabad,শুক্রাবাদ,6.5,1.0,SRC_BRTA_METRO_FARES
BRTA_A_329_NO,7,PLC0279,New Market,নিউ মার্কেট,8.6,2.1,SRC_BRTA_METRO_FARES
BRTA_A_329_NO,8,PLC0018,Azimpur,আজিমপুর,9.4,0.8,SRC_BRTA_METRO_FARES
BRTA_A_329_NO,9,PLC0071,Chankharpul,চানখারপুল,11.1,1.7,SRC_BRTA_METRO_FARES
BRTA_A_329_NO,10,PLC0332,Shanir Akhra,শনির আখড়া,17.1,6.0,SRC_BRTA_METRO_FARES
BRTA_A_329_NO,11,PLC0348,Signboard,সাইনবোর্ড,20.8,3.7,SRC_BRTA_METRO_FARES
BRTA_A_330_NO,1,PLC0270,Narayanganj,নারায়ণগঞ্জ,0.0,0,SRC_BRTA_METRO_FARES
BRTA_A_330_NO,2,PLC0332,Shanir Akhra,শনির আখড়া,3.4,3.4,SRC_BRTA_METRO_FARES
BRTA_A_330_NO,3,PLC0143,Jatrabari,যাত্রাবাড়ী,4.0,0.6,SRC_BRTA_METRO_FARES
BRTA_A_330_NO,4,PLC0327,Sayedabad,সায়েদাবাদ,5.0,1.0,SRC_BRTA_METRO_FARES
BRTA_A_330_NO,5,PLC0260,Motijheel,মতিঝিল,7.0,2.0,SRC_BRTA_METRO_FARES
BRTA_A_330_NO,6,PLC0291,Paltan,পল্টন,8.7,1.7,SRC_BRTA_METRO_FARES
BRTA_A_330_NO,7,PLC0212,Malibagh,মালিবাগ,10.2,1.5,SRC_BRTA_METRO_FARES
BRTA_A_330_NO,8,PLC0210,Magbazar,মগবাজার,11.2,1.0,SRC_BRTA_METRO_FARES
BRTA_A_330_NO,9,PLC0250,Mohakhali,মহাখালী,15.7,4.5,SRC_BRTA_METRO_FARES
BRTA_A_330_NO,10,PLC0154,Kakoli,কাকলী,17.4,1.7,SRC_BRTA_METRO_FARES
BRTA_A_330_NO,11,PLC0104,ECB Chattar,ইসিবি চত্বর,21.5,4.1,SRC_BRTA_METRO_FARES
BRTA_A_330_NO,12,PLC0302,Purbi,পুরবী,24.5,3.0,SRC_BRTA_METRO_FARES
BRTA_A_330_NO,13,PLC0243,Mirpur-12,মিরপুর-১২,25.5,1.0,SRC_BRTA_METRO_FARES
BRTA_A_330_NO,14,PLC0245,Mirpur-2,মিরপুর-২,29.0,3.5,SRC_BRTA_METRO_FARES
BRTA_A_330_NO,15,PLC0239,Mirpur-1,মিরপুর-১,30.3,1.3,SRC_BRTA_METRO_FARES
BRTA_A_330_NO,16,PLC0098,Diabari,দিয়াবাড়ী,31.8,1.5,SRC_BRTA_METRO_FARES
BRTA_A_331_NO,1,PLC0269,Nandan Park,নন্দন পার্ক,0.0,0,SRC_BRTA_METRO_FARES
BRTA_A_331_NO,2,PLC0108,EPZ,ইপিজেড,9.6,9.6,SRC_BRTA_METRO_FARES
BRTA_A_331_NO,3,PLC0267,Nabinagar,নবীনগর,14.1,4.5,SRC_BRTA_METRO_FARES
BRTA_A_331_NO,4,PLC0326,Savar,সাভার,22.2,8.1,SRC_BRTA_METRO_FARES
BRTA_A_331_NO,5,PLC0132,Hemayetpur,হেমায়েতপুর,28.3,6.1,SRC_BRTA_METRO_FARES
BRTA_A_331_NO,6,PLC0114,Gabtoli,গাবতলী,35.9,7.6,SRC_BRTA_METRO_FARES
BRTA_A_331_NO,7,PLC0346,Shyamoli,শ্যামলী,39.1,3.2,SRC_BRTA_METRO_FARES
BRTA_A_331_NO,8,PLC0012,Asad Gate,আসাদগেট,40.7,1.6,SRC_BRTA_METRO_FARES
BRTA_A_331_NO,9,PLC0112,Farmgate,ফার্মগেট,42.7,2.0,SRC_BRTA_METRO_FARES
BRTA_A_331_NO,10,PLC0039,Banglamotor,বাংলামটর,44.7,2.0,SRC_BRTA_METRO_FARES
BRTA_A_331_NO,11,PLC0331,Shahbag,শাহবাগ,45.7,1.0,SRC_BRTA_METRO_FARES
BRTA_A_331_NO,12,PLC0298,Press Club,প্রেসক্লাব,47.5,1.8,SRC_BRTA_METRO_FARES
BRTA_A_331_NO,13,PLC0291,Paltan,পল্টন,48.0,0.5,SRC_BRTA_METRO_FARES
BRTA_A_331_NO,14,PLC0124,GPO,জিপিও,48.5,0.5,SRC_BRTA_METRO_FARES
BRTA_A_331_NO,15,PLC0260,Motijheel,মতিঝিল,50.3,1.8,SRC_BRTA_METRO_FARES
BRTA_A_331_NO,16,PLC0365,Tikatuli,টিকাটুলি,51.4,1.1,SRC_BRTA_METRO_FARES
BRTA_A_331_NO,17,PLC0327,Sayedabad,সায়েদাবাদ,52.6,1.2,SRC_BRTA_METRO_FARES
BRTA_A_331_NO,18,PLC0143,Jatrabari,যাত্রাবাড়ী,53.6,1.0,SRC_BRTA_METRO_FARES
BRTA_A_331_NO,19,PLC0332,Shanir Akhra,শনির আখড়া,55.2,1.6,SRC_BRTA_METRO_FARES
BRTA_A_331_NO,20,PLC0348,Signboard,সাইনবোর্ড,58.6,3.4,SRC_BRTA_METRO_FARES
BRTA_A_333_NO,1,PLC0244,Mirpur-14,মিরপুর-১৪,0.0,0,SRC_BRTA_METRO_FARES
BRTA_A_333_NO,2,PLC0240,Mirpur-10,মিরপুর-১০,2.1,2.1,SRC_BRTA_METRO_FARES
BRTA_A_333_NO,3,PLC0239,Mirpur-1,মিরপুর-১,4.0,1.9,SRC_BRTA_METRO_FARES
BRTA_A_333_NO,4,PLC0093,Dhaur,ধউর,17.3,13.3,SRC_BRTA_METRO_FARES
BRTA_A_333_NO,5,PLC0014,Ashulia,আশুলিয়া,20.5,3.2,SRC_BRTA_METRO_FARES
BRTA_A_333_NO,6,PLC0110,Fantasy,ফ্যান্টাসী,27.0,6.5,SRC_BRTA_METRO_FARES
BRTA_A_333_NO,7,PLC0108,EPZ,ইপিজেড,30.8,3.8,SRC_BRTA_METRO_FARES
BRTA_A_333_NO,8,PLC0269,Nandan Park,নন্দনপার্ক,39.8,9.0,SRC_BRTA_METRO_FARES
BRTA_A_341_NO,1,PLC0018,Azimpur,আজিমপুর,0.0,0,SRC_BRTA_METRO_FARES
BRTA_A_341_NO,2,PLC0279,New Market,নিউমার্কেট,0.7,0.7,SRC_BRTA_METRO_FARES
BRTA_A_341_NO,3,PLC0156,Kalabagan,কলাবাগান,2.8,2.1,SRC_BRTA_METRO_FARES
BRTA_A_341_NO,4,PLC0184,Khamarbari,খামারবাড়ী,5.7,2.9,SRC_BRTA_METRO_FARES
BRTA_A_341_NO,5,PLC0032,Banani,বনানী,9.9,4.2,SRC_BRTA_METRO_FARES
BRTA_A_341_NO,6,PLC0005,Airport,এয়ারপোর্ট,18.6,8.7,SRC_BRTA_METRO_FARES
BRTA_A_341_NO,7,PLC0377,Uttara,উত্তরা,21.6,3.0,SRC_BRTA_METRO_FARES
BRTA_A_341_NO,8,PLC0093,Dhaur,ধউর,27.3,5.7,SRC_BRTA_METRO_FARES
BRTA_A_344_NO,1,PLC0387,Zoo,চিড়িয়াখানা,0.0,0,SRC_BRTA_METRO_FARES
BRTA_A_344_NO,2,PLC0245,Mirpur-2,মিরপুর-২,2.8,2.8,SRC_BRTA_METRO_FARES
BRTA_A_344_NO,3,PLC0240,Mirpur-10,মিরপুর-১০,3.4,0.6,SRC_BRTA_METRO_FARES
BRTA_A_344_NO,4,PLC0179,Kazipara,কাজীপাড়া,4.8,1.4,SRC_BRTA_METRO_FARES
BRTA_A_344_NO,5,PLC0339,Sheorapara,শেওড়াপাড়া,5.5,0.7,SRC_BRTA_METRO_FARES
BRTA_A_344_NO,6,PLC0004,Agargaon,আগারগাঁও,7.2,1.7,SRC_BRTA_METRO_FARES
BRTA_A_344_NO,7,PLC0112,Farmgate,ফার্মগেট,10.1,2.9,SRC_BRTA_METRO_FARES
BRTA_A_344_NO,8,PLC0039,Banglamotor,বাংলামটর,11.7,1.6,SRC_BRTA_METRO_FARES
BRTA_A_344_NO,9,PLC0210,Magbazar,মগবাজার,12.7,1.0,SRC_BRTA_METRO_FARES
BRTA_A_344_NO,10,PLC0264,Mouchak,মৌচাক,13.8,1.1,SRC_BRTA_METRO_FARES
BRTA_A_344_NO,11,PLC0164,Kamalapur,কমলাপুর,16.5,2.7,SRC_BRTA_METRO_FARES
BRTA_A_344_NO,12,PLC0260,Motijheel,মতিঝিল,17.5,1.0,SRC_BRTA_METRO_FARES
BRTA_A_344_NO,13,PLC0327,Sayedabad,সায়েদাবাদ,19.2,1.7,SRC_BRTA_METRO_FARES
BRTA_A_344_NO,14,PLC0143,Jatrabari,যাত্রাবাড়ী,20.2,1.0,SRC_BRTA_METRO_FARES
BRTA_A_344_NO,15,PLC0296,Postgola Bridge,পোস্তগোলা ব্রীজ,22.2,2.0,SRC_BRTA_METRO_FARES
BRTA_A_344_NO,16,PLC0107,Ekuria,ইকুরিয়া,23.7,1.5,SRC_BRTA_METRO_FARES
BRTA_A_346_NO,1,PLC0167,Kamar Para,কামার পাড়া,0.0,0,SRC_BRTA_METRO_FARES
BRTA_A_346_NO,2,PLC0001,Abdullahpur,আব্দুল্লাহপুর,2.2,2.2,SRC_BRTA_METRO_FARES
BRTA_A_346_NO,3,PLC0005,Airport,এয়ারপোর্ট,5.7,3.5,SRC_BRTA_METRO_FARES
BRTA_A_346_NO,4,PLC0154,Kakoli,কাকলী,12.2,6.5,SRC_BRTA_METRO_FARES
BRTA_A_346_NO,5,PLC0250,Mohakhali,মহাখালী,13.7,1.5,SRC_BRTA_METRO_FARES
BRTA_A_346_NO,6,PLC0210,Magbazar,মগবাজার,18.9,5.2,SRC_BRTA_METRO_FARES
BRTA_A_346_NO,7,PLC0155,Kakrail,কাকরাইল,21.1,2.2,SRC_BRTA_METRO_FARES
BRTA_A_346_NO,8,PLC0291,Paltan,পল্টন,22.7,1.6,SRC_BRTA_METRO_FARES
BRTA_A_346_NO,9,PLC0283,Notre Dame College,নটরডেম কলেজ,25.0,2.3,SRC_BRTA_METRO_FARES
BRTA_A_354_NO,1,PLC0018,Azimpur,আজিমপুর,0.0,0,SRC_BRTA_METRO_FARES
BRTA_A_354_NO,2,PLC0280,Nilkhet,নীলক্ষেত,0.9,0.9,SRC_BRTA_METRO_FARES
BRTA_A_354_NO,3,PLC0156,Kalabagan,কলাবাগান,2.8,1.9,SRC_BRTA_METRO_FARES
BRTA_A_354_NO,4,PLC0320,Russell Square,রাসেল স্কয়ার,3.5,0.7,SRC_BRTA_METRO_FARES
BRTA_A_354_NO,5,PLC0216,Manik Mia Avenue,মানিক মিয়া এভিনিউ,5.1,1.6,SRC_BRTA_METRO_FARES
BRTA_A_354_NO,6,PLC0374,Urojahaj Junction,উড়োজাহাজ জংশন,5.8,0.7,SRC_BRTA_METRO_FARES
BRTA_A_354_NO,7,PLC0032,Banani,বনানী,10.3,4.5,SRC_BRTA_METRO_FARES
BRTA_A_354_NO,8,PLC0201,Kumitola General Hospital,কুমিটোলা জেনারেল হাসপাতাল,13.3,3.0,SRC_BRTA_METRO_FARES
BRTA_A_354_NO,9,PLC0005,Airport,এয়ারপোর্ট,18.2,4.9,SRC_BRTA_METRO_FARES
BRTA_A_354_NO,10,PLC0001,Abdullahpur,আব্দুল্লাহপুর,21.6,3.4,SRC_BRTA_METRO_FARES
BRTA_A_354_NO,11,PLC0014,Ashulia,আশুলিয়া,30.6,9.0,SRC_BRTA_METRO_FARES
BRTA_A_354_NO,12,PLC0269,Nandan Park,নন্দনপার্ক,50.5,19.9,SRC_BRTA_METRO_FARES
BRTA_A_355_NO,1,PLC0204,Kuril Biswa Road,কুড়িল বিশ্বরোড,0.0,0,SRC_BRTA_METRO_FARES
BRTA_A_355_NO,2,PLC0284,Notun Bazar,নতুন বাজার,3.4,3.4,SRC_BRTA_METRO_FARES
BRTA_A_355_NO,3,PLC0024,Badda Link Road,বাড্ডা লিংক রোড,5.5,2.1,SRC_BRTA_METRO_FARES
BRTA_A_355_NO,4,PLC0129,Gulshan-1,গুলশান-১,6.5,1.0,SRC_BRTA_METRO_FARES
BRTA_A_355_NO,5,PLC0250,Mohakhali,মহাখালী,8.5,2.0,SRC_BRTA_METRO_FARES
BRTA_A_355_NO,6,PLC0112,Farmgate,ফার্মগেট,11.4,2.9,SRC_BRTA_METRO_FARES
BRTA_A_355_NO,7,PLC0331,Shahbag,শাহবাগ,13.8,2.4,SRC_BRTA_METRO_FARES
BRTA_A_355_NO,8,PLC0329,Science Lab,সাইন্সল্যাব,15.3,1.5,SRC_BRTA_METRO_FARES
BRTA_A_355_NO,9,PLC0279,New Market,নিউমার্কেট,15.9,0.6,SRC_BRTA_METRO_FARES
BRTA_A_355_NO,10,PLC0018,Azimpur,আজিমপুর,17.5,1.6,SRC_BRTA_METRO_FARES
BRTA_A_356_NO,1,PLC0018,Azimpur,আজিমপুর,0.0,0,SRC_BRTA_METRO_FARES
BRTA_A_356_NO,2,PLC0279,New Market,নিউ মার্কেট,0.8,0.8,SRC_BRTA_METRO_FARES
BRTA_A_356_NO,3,PLC0156,Kalabagan,কলাবাগান,2.9,2.1,SRC_BRTA_METRO_FARES
BRTA_A_356_NO,4,PLC0012,Asad Gate,আসাদগেট,4.1,1.2,SRC_BRTA_METRO_FARES
BRTA_A_356_NO,5,PLC0346,Shyamoli,শ্যামলী,5.6,1.5,SRC_BRTA_METRO_FARES
BRTA_A_356_NO,6,PLC0362,Technical,টেকনিক্যাল,7.4,1.8,SRC_BRTA_METRO_FARES
BRTA_A_356_NO,7,PLC0239,Mirpur-1,মিরপুর-১,9.4,2.0,SRC_BRTA_METRO_FARES
BRTA_A_356_NO,8,PLC0285,Original Das,অরিজিনাল দশ,11.9,2.5,SRC_BRTA_METRO_FARES
BRTA_A_356_NO,9,PLC0243,Mirpur-12,মিরপুর-১২,13.9,2.0,SRC_BRTA_METRO_FARES
BRTA_A_356_NO,10,PLC0160,Kalshi,কালশী,15.9,2.0,SRC_BRTA_METRO_FARES
BRTA_A_356_NO,11,PLC0206,Kurmitola General Hospital,কুর্মিটোলা জেনারেল হাসপাতাল,17.9,2.0,SRC_BRTA_METRO_FARES
BRTA_A_356_NO,12,PLC0005,Airport,এয়ারপোর্ট,22.8,4.9,SRC_BRTA_METRO_FARES
BRTA_A_356_NO,13,PLC0001,Abdullahpur,আব্দুল্লাহপুর,24.8,2.0,SRC_BRTA_METRO_FARES
BRTA_A_356_NO,14,PLC0169,Kamarpara,কামারপাড়া,26.9,2.1,SRC_BRTA_METRO_FARES
BRTA_A_356_NO,15,PLC0093,Dhaur,ধউর,29.9,3.0,SRC_BRTA_METRO_FARES
BRTA_A_362_NO,1,PLC0093,Dhaur,ধউর,0.0,0,SRC_BRTA_METRO_FARES
BRTA_A_362_NO,2,PLC0001,Abdullahpur,আব্দুল্লাহপুর,5.1,5.1,SRC_BRTA_METRO_FARES
BRTA_A_362_NO,3,PLC0005,Airport,এয়ারপোর্ট,8.6,3.5,SRC_BRTA_METRO_FARES
BRTA_A_362_NO,4,PLC0202,Kuril,কুড়িল,12.4,3.8,SRC_BRTA_METRO_FARES
BRTA_A_362_NO,5,PLC0023,Badda,বাড্ডা,17.0,4.6,SRC_BRTA_METRO_FARES
BRTA_A_362_NO,6,PLC0314,Rampura Bridge,রামপুরা ব্রীজ,19.0,2.0,SRC_BRTA_METRO_FARES
BRTA_A_362_NO,7,PLC0231,Meradia Bazar,মেরাদিয়া বাজার,22.0,3.0,SRC_BRTA_METRO_FARES
BRTA_A_362_NO,8,PLC0355,Staff Quarter,স্টাফ কোয়ার্টার,28.5,6.5,SRC_BRTA_METRO_FARES
BRTA_A_362_NO,9,PLC0357,Sultana Kamal Bridge,সুলতানা কামাল ব্রীজ,30.5,2.0,SRC_BRTA_METRO_FARES
BRTA_A_362_NO,10,PLC0361,Tarabo Biswa Road,তারাবো বিশ্বরোড,32.5,2.0,SRC_BRTA_METRO_FARES
BRTA_A_362_NO,11,PLC0171,Kanchpur,কাঁচপুর,35.0,2.5,SRC_BRTA_METRO_FARES
BRTA_A_362_NO,12,PLC0209,Madanpur,মদনপুর,38.5,3.5,SRC_BRTA_METRO_FARES
BRTA_A_365_NO,1,PLC0267,Nabinagar,নবীনগর,0.0,0,SRC_BRTA_METRO_FARES
BRTA_A_365_NO,2,PLC0326,Savar,সাভার,8.0,8.0,SRC_BRTA_METRO_FARES
BRTA_A_365_NO,3,PLC0114,Gabtoli,গাবতলী,21.5,13.5,SRC_BRTA_METRO_FARES
BRTA_A_365_NO,4,PLC0239,Mirpur-1,মিরপুর-১,23.5,2.0,SRC_BRTA_METRO_FARES
BRTA_A_365_NO,5,PLC0013,Ashika Morh,এশিকা মোড়,24.8,1.3,SRC_BRTA_METRO_FARES
BRTA_A_365_NO,6,PLC0286,Original-10,অরিজিনাল-১০,25.8,1.0,SRC_BRTA_METRO_FARES
BRTA_A_365_NO,7,PLC0160,Kalshi,কালশী,29.7,3.9,SRC_BRTA_METRO_FARES
BRTA_A_365_NO,8,PLC0384,Zillur Rahman Flyover,জিল্লুর রহমান ফ্লাইওভার,30.1,0.4,SRC_BRTA_METRO_FARES
BRTA_A_365_NO,9,PLC0334,Shaora Bazar,শাওড়া বাজার,32.7,2.6,SRC_BRTA_METRO_FARES
BRTA_A_365_NO,10,PLC0005,Airport,এয়ারপোর্ট,36.6,3.9,SRC_BRTA_METRO_FARES
BRTA_A_365_NO,11,PLC0001,Abdullahpur,আব্দুল্লাহপুর,40.1,3.5,SRC_BRTA_METRO_FARES
BRTA_A_365_NO,12,PLC0169,Kamarpara,কামারপাড়া,42.2,2.1,SRC_BRTA_METRO_FARES
BRTA_A_365_NO,13,PLC0093,Dhaur,ধউর,45.2,3.0,SRC_BRTA_METRO_FARES
BRTA_A_366_NO,1,PLC0046,Basila,বসিলা,0.0,0,SRC_BRTA_METRO_FARES
BRTA_A_366_NO,2,PLC0011,Asad Avenue,আসাদ এভিনিউ,3.0,3.0,SRC_BRTA_METRO_FARES
BRTA_A_366_NO,3,PLC0346,Shyamoli,শ্যামলী,4.8,1.8,SRC_BRTA_METRO_FARES
BRTA_A_366_NO,4,PLC0163,Kalyanpur,কল্যাণপুর,5.13,0.33,SRC_BRTA_METRO_FARES
BRTA_A_366_NO,5,PLC0362,Technical,টেকনিক্যাল,6.05,0.92,SRC_BRTA_METRO_FARES
BRTA_A_366_NO,6,PLC0239,Mirpur-1,মিরপুর-১,8.5,2.45,SRC_BRTA_METRO_FARES
BRTA_A_366_NO,7,PLC0245,Mirpur-2,মিরপুর-২,9.8,1.3,SRC_BRTA_METRO_FARES
BRTA_A_366_NO,8,PLC0240,Mirpur-10,মিরপুর-১০,10.3,0.5,SRC_BRTA_METRO_FARES
BRTA_A_366_NO,9,PLC0241,Mirpur-11,মিরপুর-১১,11.3,1.0,SRC_BRTA_METRO_FARES
BRTA_A_366_NO,10,PLC0302,Purbi,পূর্বী,11.8,0.5,SRC_BRTA_METRO_FARES
BRTA_A_366_NO,11,PLC0160,Kalshi,কালশী,15.0,3.2,SRC_BRTA_METRO_FARES
BRTA_A_366_NO,12,PLC0337,Sheora Bazar,শেওড়া বাজার,19.4,4.4,SRC_BRTA_METRO_FARES
BRTA_A_366_NO,13,PLC0005,Airport,এয়ারপোর্ট,23.4,4.0,SRC_BRTA_METRO_FARES
BRTA_A_366_NO,14,PLC0377,Uttara,উত্তরা,24.7,1.3,SRC_BRTA_METRO_FARES
BRTA_A_366_NO,15,PLC0001,Abdullahpur,আব্দুল্লাহপুর,27.3,2.6,SRC_BRTA_METRO_FARES
BRTA_A_366_NO,16,PLC0093,Dhaur,ধউর,32.4,5.1,SRC_BRTA_METRO_FARES
BRTA_A_367_NO,1,PLC0052,Bhabantek,ভাবানটেক,0.0,0,SRC_BRTA_METRO_FARES
BRTA_A_367_NO,2,PLC0244,Mirpur-14,মিরপুর-১৪,1.8,1.8,SRC_BRTA_METRO_FARES
BRTA_A_367_NO,3,PLC0240,Mirpur-10,মিরপুর-১০,4.0,2.2,SRC_BRTA_METRO_FARES
BRTA_A_367_NO,4,PLC0239,Mirpur-1,মিরপুর-১,5.8,1.8,SRC_BRTA_METRO_FARES
BRTA_A_367_NO,5,PLC0362,Technical,টেকনিক্যাল,7.7,1.9,SRC_BRTA_METRO_FARES
BRTA_A_367_NO,6,PLC0114,Gabtoli,গাবতলী,8.9,1.2,SRC_BRTA_METRO_FARES
BRTA_A_367_NO,7,PLC0132,Hemayetpur,হেমায়েতপুর,16.1,7.2,SRC_BRTA_METRO_FARES
BRTA_A_367_NO,8,PLC0326,Savar,সাভার,22.7,6.6,SRC_BRTA_METRO_FARES
BRTA_A_367_NO,9,PLC0267,Nabinagar,নবীনগর,30.7,8.0,SRC_BRTA_METRO_FARES
BRTA_A_367_NO,10,PLC0108,EPZ,ইপিজেড,35.4,4.7,SRC_BRTA_METRO_FARES
BRTA_A_367_NO,11,PLC0269,Nandan Park,নন্দনপার্ক,44.8,9.4,SRC_BRTA_METRO_FARES
BRTA_A_368_NO,1,PLC0084,Demra Staff Quarter,ডেমরা স্টাফ কোয়ার্টার,0.0,0,SRC_BRTA_METRO_FARES
BRTA_A_368_NO,2,PLC0231,Meradia Bazar,মেরাদিয়া বাজার,8.0,8.0,SRC_BRTA_METRO_FARES
BRTA_A_368_NO,3,PLC0312,Rampura,রামপুরা,10.8,2.8,SRC_BRTA_METRO_FARES
BRTA_A_368_NO,4,PLC0264,Mouchak,মৌচাক,13.3,2.5,SRC_BRTA_METRO_FARES
BRTA_A_368_NO,5,PLC0210,Magbazar,মগবাজার,14.3,1.0,SRC_BRTA_METRO_FARES
BRTA_A_368_NO,6,PLC0039,Banglamotor,বাংলামটর,15.5,1.2,SRC_BRTA_METRO_FARES
BRTA_A_368_NO,7,PLC0112,Farmgate,ফার্মগেট,17.5,2.0,SRC_BRTA_METRO_FARES
BRTA_A_368_NO,8,PLC0012,Asad Gate,আসাদ গেট,19.2,1.7,SRC_BRTA_METRO_FARES
BRTA_A_368_NO,9,PLC0253,Mohammadpur,মোহাম্মদপুর,20.5,1.3,SRC_BRTA_METRO_FARES
BRTA_A_368_NO,10,PLC0046,Basila,বসিলা,23.5,3.0,SRC_BRTA_METRO_FARES
BRTA_A_373_NO,1,PLC0083,Demra Bridge,ডেমরা ব্রীজ,0.0,0,SRC_BRTA_METRO_FARES
BRTA_A_373_NO,2,PLC0084,Demra Staff Quarter,ডেমরা স্টাফ কোয়ার্টার,2.0,2.0,SRC_BRTA_METRO_FARES
BRTA_A_373_NO,3,PLC0230,Meradia (New Road),মেরাদিয়া (নতুন রাস্তা),8.5,6.5,SRC_BRTA_METRO_FARES
BRTA_A_373_NO,4,PLC0313,Rampura (Bonsree),রামপুরা (বনশ্রী),11.5,3.0,SRC_BRTA_METRO_FARES
BRTA_A_373_NO,5,PLC0264,Mouchak,মৌচাক,14.0,2.5,SRC_BRTA_METRO_FARES
BRTA_A_373_NO,6,PLC0155,Kakrail,কাকরাইল,14.9,0.9,SRC_BRTA_METRO_FARES
BRTA_A_373_NO,7,PLC0331,Shahbag,শাহবাগ,17.0,2.1,SRC_BRTA_METRO_FARES
BRTA_A_373_NO,8,PLC0329,Science Lab,সাইন্সল্যাব,18.2,1.2,SRC_BRTA_METRO_FARES
BRTA_A_373_NO,9,PLC0012,Asad Gate,আসাদ গেইট,22.2,4.0,SRC_BRTA_METRO_FARES
BRTA_A_373_NO,10,PLC0163,Kalyanpur,কল্যাণপুর,24.5,2.3,SRC_BRTA_METRO_FARES
BRTA_A_373_NO,11,PLC0114,Gabtoli,গাবতলী,25.4,0.9,SRC_BRTA_METRO_FARES
BRTA_A_373_NO,12,PLC0326,Savar,সাভার,38.9,13.5,SRC_BRTA_METRO_FARES
BRTA_A_373_NO,13,PLC0267,Nabinagar,নবীনগর,46.9,8.0,SRC_BRTA_METRO_FARES
BRTA_A_377_NO,1,PLC0115,Gabtoli Bridge Par,গাবতলী ব্রীজ পাড়,0.0,0,SRC_BRTA_METRO_FARES
BRTA_A_377_NO,2,PLC0362,Technical,টেকনিক্যাল,1.8,1.8,SRC_BRTA_METRO_FARES
BRTA_A_377_NO,3,PLC0239,Mirpur-1,মিরপুর-১,3.6,1.8,SRC_BRTA_METRO_FARES
BRTA_A_377_NO,4,PLC0245,Mirpur-2,মিরপুর-২,4.9,1.3,SRC_BRTA_METRO_FARES
BRTA_A_377_NO,5,PLC0240,Mirpur-10,মিরপুর-১০,5.4,0.5,SRC_BRTA_METRO_FARES
BRTA_A_377_NO,6,PLC0241,Mirpur-11,মিরপুর-১১,6.4,1.0,SRC_BRTA_METRO_FARES
BRTA_A_377_NO,7,PLC0302,Purbi,পুরবী,6.9,0.5,SRC_BRTA_METRO_FARES
BRTA_A_377_NO,8,PLC0160,Kalshi,কালশী,9.9,3.0,SRC_BRTA_METRO_FARES
BRTA_A_377_NO,9,PLC0104,ECB Chattar,ইসিবি চত্বর,11.7,1.8,SRC_BRTA_METRO_FARES
BRTA_A_377_NO,10,PLC0154,Kakoli,কাকলী,15.6,3.9,SRC_BRTA_METRO_FARES
BRTA_A_377_NO,11,PLC0252,Mohakhali Amtoli,মহাখালী আমতলী,17.1,1.5,SRC_BRTA_METRO_FARES
BRTA_A_377_NO,12,PLC0129,Gulshan-1,গুলশান-১,18.9,1.8,SRC_BRTA_METRO_FARES
BRTA_A_377_NO,13,PLC0025,Badda Link Road/Madhy Badda,বাড্ডা লিংক রোড/মধ্য বাড্ডা,21.4,2.5,SRC_BRTA_METRO_FARES
BRTA_A_377_NO,14,PLC0231,Meradia Bazar,মেরাদিয়া বাজার,26.5,5.1,SRC_BRTA_METRO_FARES
BRTA_A_378_NO,1,PLC0342,Shialbari,শিয়ালবাড়ী,0.0,0,SRC_BRTA_METRO_FARES
BRTA_A_378_NO,2,PLC0285,Original Das,অরিজিনাল দশ,2.0,2.0,SRC_BRTA_METRO_FARES
BRTA_A_378_NO,3,PLC0302,Purbi,পুরবী,3.0,1.0,SRC_BRTA_METRO_FARES
BRTA_A_378_NO,4,PLC0161,Kalshi Morh,কালশী মোড়,6.3,3.3,SRC_BRTA_METRO_FARES
BRTA_A_378_NO,5,PLC0227,Md. Zillur Rahman Flyover,মোঃ জিল্লুর রহমান ফ্লাইওভার,9.8,3.5,SRC_BRTA_METRO_FARES
BRTA_A_378_NO,6,PLC0154,Kakoli,কাকলী,11.8,2.0,SRC_BRTA_METRO_FARES
BRTA_A_378_NO,7,PLC0250,Mohakhali,মহাখালী,13.6,1.8,SRC_BRTA_METRO_FARES
BRTA_A_378_NO,8,PLC0325,Satrasta,সাতরাস্তা,15.8,2.2,SRC_BRTA_METRO_FARES
BRTA_A_378_NO,9,PLC0210,Magbazar,মগবাজার,17.3,1.5,SRC_BRTA_METRO_FARES
BRTA_A_378_NO,10,PLC0212,Malibagh,মালিবাগ,18.3,1.0,SRC_BRTA_METRO_FARES
BRTA_A_378_NO,11,PLC0155,Kakrail,কাকরাইল,19.3,1.0,SRC_BRTA_METRO_FARES
BRTA_A_378_NO,12,PLC0109,Fakirapool,ফকিরাপুল,20.3,1.0,SRC_BRTA_METRO_FARES
BRTA_A_378_NO,13,PLC0165,Kamalapur (Pirjangi Mazar),কমলাপুর (পীরজঙ্গী মাজার),21.3,1.0,SRC_BRTA_METRO_FARES
BRTA_A_380_NO,1,PLC0348,Signboard,সাইনবোর্ড,0.0,0,SRC_BRTA_METRO_FARES
BRTA_A_380_NO,2,PLC0143,Jatrabari,যাত্রাবাড়ী,5.0,5.0,SRC_BRTA_METRO_FARES
BRTA_A_380_NO,3,PLC0127,Gulistan (Hanif Flyover),গুলিস্তান (হানিফ ফ্লাইওভার),7.7,2.7,SRC_BRTA_METRO_FARES
BRTA_A_380_NO,4,PLC0291,Paltan,পল্টন,8.9,1.2,SRC_BRTA_METRO_FARES
BRTA_A_380_NO,5,PLC0058,Bijoy Nagar,বিজয় নগর,9.5,0.6,SRC_BRTA_METRO_FARES
BRTA_A_380_NO,6,PLC0155,Kakrail,কাকরাইল,10.3,0.8,SRC_BRTA_METRO_FARES
BRTA_A_380_NO,7,PLC0264,Mouchak,মৌচাক,11.4,1.1,SRC_BRTA_METRO_FARES
BRTA_A_380_NO,8,PLC0210,Magbazar,মগবাজার,12.7,1.3,SRC_BRTA_METRO_FARES
BRTA_A_380_NO,9,PLC0325,Satrasta,সাতরাস্তা,13.7,1.0,SRC_BRTA_METRO_FARES
BRTA_A_380_NO,10,PLC0250,Mohakhali,মহাখালী,16.8,3.1,SRC_BRTA_METRO_FARES
BRTA_A_380_NO,11,PLC0032,Banani,বনানী,18.8,2.0,SRC_BRTA_METRO_FARES
BRTA_A_380_NO,12,PLC0336,Sheora,শেওড়া,22.1,3.3,SRC_BRTA_METRO_FARES
BRTA_A_380_NO,13,PLC0193,Khilkhet,খিলক্ষেত,23.7,1.6,SRC_BRTA_METRO_FARES
BRTA_A_380_NO,14,PLC0005,Airport,এয়ারপোর্ট,29.4,5.7,SRC_BRTA_METRO_FARES
BRTA_A_380_NO,15,PLC0135,House Building,হাউজ বিল্ডিং,30.5,1.1,SRC_BRTA_METRO_FARES
BRTA_A_380_NO,16,PLC0001,Abdullahpur,আব্দুল্লাহপুর,31.6,1.1,SRC_BRTA_METRO_FARES
BRTA_A_380_NO,17,PLC0169,Kamarpara,কামারপাড়া,33.8,2.2,SRC_BRTA_METRO_FARES
BRTA_A_380_NO,18,PLC0111,Fantasy Kingdom,ফ্যান্টাসী কিংডম,46.3,12.5,SRC_BRTA_METRO_FARES
BRTA_A_381_NO,1,PLC0125,Gulistan,গুলিস্তান,0.0,0,SRC_BRTA_METRO_FARES
BRTA_A_381_NO,2,PLC0082,Demra,ডেমরা,4.5,4.5,SRC_BRTA_METRO_FARES
BRTA_A_381_NO,3,PLC0319,Rupshi,রূপসী,13.7,9.2,SRC_BRTA_METRO_FARES
BRTA_A_381_NO,4,PLC0042,Barpa,বরপা,15.1,1.4,SRC_BRTA_METRO_FARES
BRTA_A_381_NO,5,PLC0055,Bhulta (Gausia),ভুলতা (গাউছিয়া),20.6,5.5,SRC_BRTA_METRO_FARES
BRTA_A_386_NO,1,PLC0209,Madanpur,মদনপুর,0.0,0,SRC_BRTA_METRO_FARES
BRTA_A_386_NO,2,PLC0171,Kanchpur,কাঁচপুর,4.0,4.0,SRC_BRTA_METRO_FARES
BRTA_A_386_NO,3,PLC0082,Demra,ডেমরা,9.0,5.0,SRC_BRTA_METRO_FARES
BRTA_A_386_NO,4,PLC0231,Meradia Bazar,মেরাদিয়া বাজার,15.6,6.6,SRC_BRTA_METRO_FARES
BRTA_A_386_NO,5,PLC0064,Bonsree,বনশ্রী,17.6,2.0,SRC_BRTA_METRO_FARES
BRTA_A_386_NO,6,PLC0314,Rampura Bridge,রামপুরা ব্রীজ,18.6,1.0,SRC_BRTA_METRO_FARES
BRTA_A_386_NO,7,PLC0139,Jamuna Future Park,যমুনা ফিউচার পার্ক,23.8,5.2,SRC_BRTA_METRO_FARES
BRTA_A_386_NO,8,PLC0202,Kuril,কুড়িল,24.8,1.0,SRC_BRTA_METRO_FARES
BRTA_A_386_NO,9,PLC0104,ECB Chattar,ইসিবি চত্বর,28.4,3.6,SRC_BRTA_METRO_FARES
BRTA_A_386_NO,10,PLC0160,Kalshi,কালশী,30.3,1.9,SRC_BRTA_METRO_FARES
BRTA_A_386_NO,11,PLC0240,Mirpur-10,মিরপুর-১০,35.2,4.9,SRC_BRTA_METRO_FARES
BRTA_A_386_NO,12,PLC0239,Mirpur-1,মিরপুর-১,37.0,1.8,SRC_BRTA_METRO_FARES
BRTA_A_386_NO,13,PLC0114,Gabtoli,গাবতলী,40.1,3.1,SRC_BRTA_METRO_FARES
BRTA_A_386_NO,14,PLC0132,Hemayetpur,হেমায়েতপুর,48.1,8.0,SRC_BRTA_METRO_FARES
BRTA_A_386_NO,15,PLC0326,Savar,সাভার,54.8,6.7,SRC_BRTA_METRO_FARES
BRTA_A_386_NO,16,PLC0108,EPZ,ইপিজেড,68.0,13.2,SRC_BRTA_METRO_FARES
BRTA_A_386_NO,17,PLC0269,Nandan Park,নন্দন পার্ক,78.6,10.6,SRC_BRTA_METRO_FARES
BRTA_A_387_NO,1,PLC0157,Kalampur,কালামপুর,0.0,0,SRC_BRTA_METRO_FARES
BRTA_A_387_NO,2,PLC0185,Khamrai,খামরাই,3.3,3.3,SRC_BRTA_METRO_FARES
BRTA_A_387_NO,3,PLC0267,Nabinagar,নবীনগর,11.5,8.2,SRC_BRTA_METRO_FARES
BRTA_A_387_NO,4,PLC0326,Savar,সাভার,19.5,8.0,SRC_BRTA_METRO_FARES
BRTA_A_387_NO,5,PLC0132,Hemayetpur,হেমায়েতপুর,27.5,8.0,SRC_BRTA_METRO_FARES
BRTA_A_387_NO,6,PLC0114,Gabtoli,গাবতলী,33.0,5.5,SRC_BRTA_METRO_FARES
BRTA_A_387_NO,7,PLC0012,Asad Gate,আসাদগেট,38.0,5.0,SRC_BRTA_METRO_FARES
BRTA_A_387_NO,8,PLC0112,Farmgate,ফার্মগেট,40.0,2.0,SRC_BRTA_METRO_FARES
BRTA_A_387_NO,9,PLC0331,Shahbag,শাহবাগ,43.0,3.0,SRC_BRTA_METRO_FARES
BRTA_A_387_NO,10,PLC0298,Press Club,প্রেসক্লাব,47.0,4.0,SRC_BRTA_METRO_FARES
BRTA_A_387_NO,11,PLC0125,Gulistan,গুলিস্তান,47.5,0.5,SRC_BRTA_METRO_FARES
BRTA_A_387_NO,12,PLC0380,Victoria Park,ভিক্টোরিয়া পার্ক,49.5,2.0,SRC_BRTA_METRO_FARES
BRTA_A_406_NO,1,PLC0121,Ghater Char,ঘাটের চর,0.0,0,SRC_BRTA_METRO_FARES
BRTA_A_406_NO,2,PLC0046,Basila,বসিলা,2.8,2.8,SRC_BRTA_METRO_FARES
BRTA_A_406_NO,3,PLC0253,Mohammadpur,মোহাম্মদপুর,4.3,1.5,SRC_BRTA_METRO_FARES
BRTA_A_406_NO,4,PLC0333,Shankar,শংকর,6.3,2.0,SRC_BRTA_METRO_FARES
BRTA_A_406_NO,5,PLC0346,Shyamoli,শ্যামলী,6.8,0.5,SRC_BRTA_METRO_FARES
BRTA_A_406_NO,6,PLC0091,Dhanmondi,ধানমন্ডি,7.3,0.5,SRC_BRTA_METRO_FARES
BRTA_A_406_NO,7,PLC0144,Jigatola,জিগাতলা,8.3,1.0,SRC_BRTA_METRO_FARES
BRTA_A_406_NO,8,PLC0329,Science Lab,সাইন্সল্যাব,10.3,2.0,SRC_BRTA_METRO_FARES
BRTA_A_406_NO,9,PLC0331,Shahbag,শাহবাগ,11.3,1.0,SRC_BRTA_METRO_FARES
BRTA_A_406_NO,10,PLC0298,Press Club,প্রেসক্লাব,12.3,1.0,SRC_BRTA_METRO_FARES
BRTA_A_406_NO,11,PLC0125,Gulistan,গুলিস্তান,14.3,2.0,SRC_BRTA_METRO_FARES
BRTA_A_406_NO,12,PLC0131,Hanif Flyover,হানিফ ফ্লাইওভার,14.8,0.5,SRC_BRTA_METRO_FARES
BRTA_A_406_NO,13,PLC0332,Shanir Akhra,শনির আখড়া,16.3,1.5,SRC_BRTA_METRO_FARES
BRTA_A_406_NO,14,PLC0316,Rayerbag,রায়েরবাগ,20.3,4.0,SRC_BRTA_METRO_FARES
BRTA_A_406_NO,15,PLC0171,Kanchpur,কাঁচপুর,27.3,7.0,SRC_BRTA_METRO_FARES
BRTA_A_406_NO,16,PLC0209,Madanpur,মদনপুর,30.3,3.0,SRC_BRTA_METRO_FARES
BRTA_A_406_NO,17,PLC0350,Sonargaon,সোনারগাঁও,39.4,9.1,SRC_BRTA_METRO_FARES
BRTA_A_414_NO,1,PLC0379,Uttara Diabari,উত্তরা দিয়াবাড়ী,0.0,0,SRC_BRTA_METRO_FARES
BRTA_A_414_NO,2,PLC0135,House Building,হাউজ বিল্ডিং,3.0,3.0,SRC_BRTA_METRO_FARES
BRTA_A_414_NO,3,PLC0001,Abdullahpur,আব্দুল্লাহপুর,4.0,1.0,SRC_BRTA_METRO_FARES
BRTA_A_414_NO,4,PLC0169,Kamarpara,কামারপাড়া,6.0,2.0,SRC_BRTA_METRO_FARES
BRTA_A_414_NO,5,PLC0093,Dhaur,ধউর,9.0,3.0,SRC_BRTA_METRO_FARES
BRTA_A_414_NO,6,PLC0101,Diabari Morh,দিয়াবাড়ী মোড়,20.5,11.5,SRC_BRTA_METRO_FARES
BRTA_A_414_NO,7,PLC0226,Mazar Road,মাজার রোড,21.3,0.8,SRC_BRTA_METRO_FARES
BRTA_A_414_NO,8,PLC0239,Mirpur-1,মিরপুর-১,22.5,1.2,SRC_BRTA_METRO_FARES
BRTA_A_414_NO,9,PLC0362,Technical,টেকনিক্যাল,24.5,2.0,SRC_BRTA_METRO_FARES
BRTA_A_414_NO,10,PLC0346,Shyamoli,শ্যামলী,26.1,1.6,SRC_BRTA_METRO_FARES
BRTA_A_414_NO,11,PLC0012,Asad Gate,আসাদগেট,26.3,0.2,SRC_BRTA_METRO_FARES
BRTA_A_414_NO,12,PLC0253,Mohammadpur,মোহাম্মদপুর,27.8,1.5,SRC_BRTA_METRO_FARES
BRTA_A_414_NO,13,PLC0047,Basila Bridge,বসিলা ব্রীজ,29.3,1.5,SRC_BRTA_METRO_FARES
BRTA_A_414_NO,14,PLC0121,Ghater Char,ঘাটের চর,32.1,2.8,SRC_BRTA_METRO_FARES
BRTA_A_421_NO,1,PLC0348,Signboard,সাইনবোর্ড,0.0,0,SRC_BRTA_METRO_FARES
BRTA_A_421_NO,2,PLC0143,Jatrabari,যাত্রাবাড়ী,5.5,5.5,SRC_BRTA_METRO_FARES
BRTA_A_421_NO,3,PLC0327,Sayedabad,সায়েদাবাদ,6.6,1.1,SRC_BRTA_METRO_FARES
BRTA_A_421_NO,4,PLC0266,Mugda,মুগদা,8.3,1.7,SRC_BRTA_METRO_FARES
BRTA_A_421_NO,5,PLC0189,Khilgaon Flyover,খিলগাঁও ফ্লাইওভার,9.3,1.0,SRC_BRTA_METRO_FARES
BRTA_A_421_NO,6,PLC0305,Rajarbagh,রাজারবাগ,11.3,2.0,SRC_BRTA_METRO_FARES
BRTA_A_421_NO,7,PLC0210,Magbazar,মগবাজার,13.3,2.0,SRC_BRTA_METRO_FARES
BRTA_A_421_NO,8,PLC0039,Banglamotor,বাংলামটর,14.4,1.1,SRC_BRTA_METRO_FARES
BRTA_A_421_NO,9,PLC0112,Farmgate,ফার্মগেট,15.8,1.4,SRC_BRTA_METRO_FARES
BRTA_A_421_NO,10,PLC0012,Asad Gate,আসাদগেট,18.1,2.3,SRC_BRTA_METRO_FARES
BRTA_A_421_NO,11,PLC0163,Kalyanpur,কল্যাণপুর,20.8,2.7,SRC_BRTA_METRO_FARES
BRTA_A_421_NO,12,PLC0114,Gabtoli,গাবতলী,22.2,1.4,SRC_BRTA_METRO_FARES
BRTA_A_421_NO,13,PLC0326,Savar,সাভার,36.8,14.6,SRC_BRTA_METRO_FARES
BRTA_A_421_NO,14,PLC0267,Nabinagar,নবীনগর,45.5,8.7,SRC_BRTA_METRO_FARES
BRTA_A_422_NO,1,PLC0170,Kamrangirchar (Beribadh),কামারঙ্গীরচর (বেড়িবাঁধ),0.0,0,SRC_BRTA_METRO_FARES
BRTA_A_422_NO,2,PLC0253,Mohammadpur,মোহাম্মদপুর,9.2,9.2,SRC_BRTA_METRO_FARES
BRTA_A_422_NO,3,PLC0012,Asad Gate,আসাদগেট,10.6,1.4,SRC_BRTA_METRO_FARES
BRTA_A_422_NO,4,PLC0362,Technical,টেকনিক্যাল,14.3,3.7,SRC_BRTA_METRO_FARES
BRTA_A_422_NO,5,PLC0239,Mirpur-1,মিরপুর-১,16.0,1.7,SRC_BRTA_METRO_FARES
BRTA_A_422_NO,6,PLC0330,Shah Ali Mazar,শাহআলী মাজার,16.7,0.7,SRC_BRTA_METRO_FARES
BRTA_A_422_NO,7,PLC0099,Diabari (Beribadh),দিয়াবাড়ী (বেড়িবাঁধ),18.4,1.7,SRC_BRTA_METRO_FARES
BRTA_A_422_NO,8,PLC0094,Dhaur Morh,ধউর মোড়,31.7,13.3,SRC_BRTA_METRO_FARES
BRTA_A_422_NO,9,PLC0146,Jirabo,জিরাবো,37.4,5.7,SRC_BRTA_METRO_FARES
BRTA_A_422_NO,10,PLC0273,Narsinghpur,নরসিংহপুর,44.0,6.6,SRC_BRTA_METRO_FARES
BRTA_A_422_NO,11,PLC0175,Kasempur,কাশেমপুর,48.0,4.0,SRC_BRTA_METRO_FARES
BRTA_A_422_NO,12,PLC0197,Konabari,কোনাবাড়ী,52.0,4.0,SRC_BRTA_METRO_FARES
BRTA_A_424_NO,1,PLC0348,Signboard,সাইনবোর্ড,0.0,0,SRC_BRTA_METRO_FARES
BRTA_A_424_NO,2,PLC0143,Jatrabari,যাত্রাবাড়ী,5.0,5.0,SRC_BRTA_METRO_FARES
BRTA_A_424_NO,3,PLC0327,Sayedabad,সায়েদাবাদ,6.0,1.0,SRC_BRTA_METRO_FARES
BRTA_A_424_NO,4,PLC0220,Maniknagar,মানিকনগর,7.4,1.4,SRC_BRTA_METRO_FARES
BRTA_A_424_NO,5,PLC0044,Basabo,বাসাবো,9.4,2.0,SRC_BRTA_METRO_FARES
BRTA_A_424_NO,6,PLC0212,Malibagh,মালিবাগ,11.1,1.7,SRC_BRTA_METRO_FARES
BRTA_A_424_NO,7,PLC0312,Rampura,রামপুরা,13.5,2.4,SRC_BRTA_METRO_FARES
BRTA_A_424_NO,8,PLC0023,Badda,বাড্ডা,15.3,1.8,SRC_BRTA_METRO_FARES
BRTA_A_424_NO,9,PLC0284,Notun Bazar,নতুন বাজার,17.4,2.1,SRC_BRTA_METRO_FARES
BRTA_A_424_NO,10,PLC0204,Kuril Biswa Road,কুড়িল বিশ্বরোড,20.0,2.6,SRC_BRTA_METRO_FARES
BRTA_A_424_NO,11,PLC0193,Khilkhet,খিলক্ষেত,21.0,1.0,SRC_BRTA_METRO_FARES
BRTA_A_424_NO,12,PLC0005,Airport,এয়ারপোর্ট,23.8,2.8,SRC_BRTA_METRO_FARES
BRTA_A_424_NO,13,PLC0001,Abdullahpur,আব্দুল্লাহপুর,27.5,3.7,SRC_BRTA_METRO_FARES
BRTA_A_424_NO,14,PLC0169,Kamarpara,কামারপাড়া,29.7,2.2,SRC_BRTA_METRO_FARES
BRTA_A_424_NO,15,PLC0093,Dhaur,ধউর,33.0,3.3,SRC_BRTA_METRO_FARES
BRTA_A_426_NO,1,PLC0171,Kanchpur,কাঁচপুর,0.0,0,SRC_BRTA_METRO_FARES
BRTA_A_426_NO,2,PLC0131,Hanif Flyover,হানিফ ফ্লাইওভার,14.0,14.0,SRC_BRTA_METRO_FARES
BRTA_A_426_NO,3,PLC0288,Palashi,পলাশী,17.0,3.0,SRC_BRTA_METRO_FARES
BRTA_A_426_NO,4,PLC0019,Azimpur (Dhakeswari),আজিমপুর (ঢাকেশ্বরী),17.5,0.5,SRC_BRTA_METRO_FARES
BRTA_A_426_NO,5,PLC0156,Kalabagan,কলাবাগান,20.5,3.0,SRC_BRTA_METRO_FARES
BRTA_A_426_NO,6,PLC0346,Shyamoli,শ্যামলী,23.5,3.0,SRC_BRTA_METRO_FARES
BRTA_A_426_NO,7,PLC0114,Gabtoli,গাবতলী,26.2,2.7,SRC_BRTA_METRO_FARES
BRTA_A_426_NO,8,PLC0326,Savar,সাভার,40.2,14.0,SRC_BRTA_METRO_FARES
BRTA_A_426_NO,9,PLC0267,Nabinagar,নবীনগর,48.7,8.5,SRC_BRTA_METRO_FARES
BRTA_A_426_NO,10,PLC0137,Islampur,ইসলামপুর,51.8,3.1,SRC_BRTA_METRO_FARES
BRTA_A_426_NO,11,PLC0157,Kalampur,কালামপুর,59.3,7.5,SRC_BRTA_METRO_FARES
BRTA_A_426_NO,12,PLC0218,Manikganj,মানিকগঞ্জ,77.2,17.9,SRC_BRTA_METRO_FARES
BRTA_A_426_NO,13,PLC0041,Baniajuri,বানিয়াজুরি,84.3,7.1,SRC_BRTA_METRO_FARES
BRTA_A_426_NO,14,PLC0066,Borongail,বরংগাইল,90.3,6.0,SRC_BRTA_METRO_FARES
BRTA_A_426_NO,15,PLC0375,Utholi,উথলী,96.9,6.6,SRC_BRTA_METRO_FARES
BRTA_A_426_NO,16,PLC0293,Paturia,পাটুরিয়া,104.5,7.6,SRC_BRTA_METRO_FARES
BRTA_A_429_NO,1,PLC0326,Savar,সাভার,0.0,0,SRC_BRTA_METRO_FARES
BRTA_A_429_NO,2,PLC0132,Hemayetpur,হেমায়েতপুর,7.0,7.0,SRC_BRTA_METRO_FARES
BRTA_A_429_NO,3,PLC0114,Gabtoli,গাবতলী,14.2,7.2,SRC_BRTA_METRO_FARES
BRTA_A_429_NO,4,PLC0346,Shyamoli,শ্যামলী,16.7,2.5,SRC_BRTA_METRO_FARES
BRTA_A_429_NO,5,PLC0012,Asad Gate,আসাদগেট,18.6,1.9,SRC_BRTA_METRO_FARES
BRTA_A_429_NO,6,PLC0112,Farmgate,ফার্মগেট,20.6,2.0,SRC_BRTA_METRO_FARES
BRTA_A_429_NO,7,PLC0039,Banglamotor,বাংলামোটর,21.9,1.3,SRC_BRTA_METRO_FARES
BRTA_A_429_NO,8,PLC0331,Shahbag,শাহবাগ,22.7,0.8,SRC_BRTA_METRO_FARES
BRTA_A_429_NO,9,PLC0222,Matsya Bhaban,মৎসভবন,23.7,1.0,SRC_BRTA_METRO_FARES
BRTA_A_429_NO,10,PLC0298,Press Club,প্রেসক্লাব,24.3,0.6,SRC_BRTA_METRO_FARES
BRTA_A_429_NO,11,PLC0291,Paltan,পল্টন,24.7,0.4,SRC_BRTA_METRO_FARES
BRTA_A_429_NO,12,PLC0125,Gulistan,গুলিস্তান,25.4,0.7,SRC_BRTA_METRO_FARES
BRTA_A_429_NO,13,PLC0332,Shanir Akhra,শনির আখড়া,30.4,5.0,SRC_BRTA_METRO_FARES
BRTA_A_429_NO,14,PLC0348,Signboard,সাইনবোর্ড,34.0,3.6,SRC_BRTA_METRO_FARES
BRTA_A_430_NO,1,PLC0053,Bhawal Vita (South Keraniganj),ভাওয়াল ভিটা (দক্ষিণ কেরানীগঞ্জ),0.0,0,SRC_BRTA_METRO_FARES
BRTA_A_430_NO,2,PLC0002,Abdullahpur (Jail),আব্দুল্লাহপুর (জেলখানা),3.9,3.9,SRC_BRTA_METRO_FARES
BRTA_A_430_NO,3,PLC0307,Rajendrapur Bazar,রাজেন্দ্রপুর বাজার,4.6,0.7,SRC_BRTA_METRO_FARES
BRTA_A_430_NO,4,PLC0076,Chunkutia Bazar,চুনকুটিয়া বাজার,8.8,4.2,SRC_BRTA_METRO_FARES
BRTA_A_430_NO,5,PLC0151,Kadamtoli,কদমতলী,9.5,0.7,SRC_BRTA_METRO_FARES
BRTA_A_430_NO,6,PLC0020,Babu Bazar,বাবু বাজার,11.2,1.7,SRC_BRTA_METRO_FARES
BRTA_A_430_NO,7,PLC0126,Gulistan (Fulbaria),গুলিস্তান (ফুলবাড়িয়া),12.6,1.4,SRC_BRTA_METRO_FARES
BRTA_A_430_NO,8,PLC0291,Paltan,পল্টন,13.3,0.7,SRC_BRTA_METRO_FARES
BRTA_A_430_NO,9,PLC0155,Kakrail,কাকরাইল,14.1,0.8,SRC_BRTA_METRO_FARES
BRTA_A_430_NO,10,PLC0212,Malibagh,মালিবাগ,15.0,0.9,SRC_BRTA_METRO_FARES
BRTA_A_430_NO,11,PLC0265,Mouchak (Flyover),মৌচাক (ফ্লাইওভার),15.3,0.3,SRC_BRTA_METRO_FARES
BRTA_A_430_NO,12,PLC0312,Rampura,রামপুরা,16.9,1.6,SRC_BRTA_METRO_FARES
BRTA_A_430_NO,13,PLC0023,Badda,বাড্ডা,20.3,3.4,SRC_BRTA_METRO_FARES
BRTA_A_430_NO,14,PLC0284,Notun Bazar,নতুন বাজার,21.4,1.1,SRC_BRTA_METRO_FARES
BRTA_A_430_NO,15,PLC0204,Kuril Biswa Road,কুড়িল বিশ্বরোড,24.1,2.7,SRC_BRTA_METRO_FARES
BRTA_A_430_NO,16,PLC0193,Khilkhet,খিলক্ষেত,25.9,1.8,SRC_BRTA_METRO_FARES
BRTA_A_430_NO,17,PLC0005,Airport,এয়ারপোর্ট,28.6,2.7,SRC_BRTA_METRO_FARES
BRTA_A_430_NO,18,PLC0135,House Building,হাউজবিল্ডিং,31.4,2.8,SRC_BRTA_METRO_FARES
BRTA_A_430_NO,19,PLC0098,Diabari,দিয়াবাড়ী,35.1,3.7,SRC_BRTA_METRO_FARES
BRTA_A_431_NO,1,PLC0387,Zoo,চিড়িয়াখানা,0.0,0,SRC_BRTA_METRO_FARES
BRTA_A_431_NO,2,PLC0239,Mirpur-1,মিরপুর-১,1.8,1.8,SRC_BRTA_METRO_FARES
BRTA_A_431_NO,3,PLC0362,Technical,টেকনিক্যাল,3.8,2.0,SRC_BRTA_METRO_FARES
BRTA_A_431_NO,4,PLC0012,Asad Gate,আসাদগেট,7.4,3.6,SRC_BRTA_METRO_FARES
BRTA_A_431_NO,5,PLC0329,Science Lab,সাইন্সল্যাব,9.9,2.5,SRC_BRTA_METRO_FARES
BRTA_A_431_NO,6,PLC0018,Azimpur,আজিমপুর,12.5,2.6,SRC_BRTA_METRO_FARES
BRTA_A_431_NO,7,PLC0071,Chankharpul,চানখারপুল,16.1,3.6,SRC_BRTA_METRO_FARES
BRTA_A_431_NO,8,PLC0113,Fulbaria,ফুলবাড়িয়া,17.7,1.6,SRC_BRTA_METRO_FARES
BRTA_A_431_NO,9,PLC0276,Nayabazar,নয়াবাজার,18.9,1.2,SRC_BRTA_METRO_FARES
BRTA_A_431_NO,10,PLC0021,Babu Bazar Bridge,বাবু বাজার ব্রীজ,20.2,1.3,SRC_BRTA_METRO_FARES
BRTA_A_431_NO,11,PLC0151,Kadamtoli,কদমতলী,21.5,1.3,SRC_BRTA_METRO_FARES
BRTA_A_431_NO,12,PLC0198,Konakhola,কোনাখোলা,26.3,4.8,SRC_BRTA_METRO_FARES
BRTA_A_431_NO,13,PLC0318,Ruhitpur,রুহিতপুর,30.5,4.2,SRC_BRTA_METRO_FARES
BRTA_A_431_NO,14,PLC0360,Tankarpur,টঙ্করপুর,38.6,8.1,SRC_BRTA_METRO_FARES
BRTA_A_431_NO,15,PLC0196,Komorgonj,কোমরগঞ্জ,51.2,12.6,SRC_BRTA_METRO_FARES
BRTA_A_431_NO,16,PLC0033,Bandura,বান্দুরা,52.2,1.0,SRC_BRTA_METRO_FARES
BRTA_A_431_NO,17,PLC0183,Khaisakhali Beribadh,খাইস্যাখালী বেড়িবাঁধ,53.2,1.0,SRC_BRTA_METRO_FARES
BRTA_A_431_NO,18,PLC0050,Beribadh,বেড়িবাঁধ,53.8,0.6,SRC_BRTA_METRO_FARES
BRTA_A_432_NO,1,PLC0204,Kuril Biswa Road,কুড়িল বিশ্বরোড,0.0,0,SRC_BRTA_METRO_FARES
BRTA_A_432_NO,2,PLC0284,Notun Bazar,নতুন বাজার,3.4,3.4,SRC_BRTA_METRO_FARES
BRTA_A_432_NO,3,PLC0024,Badda Link Road,বাড্ডা লিংক রোড,5.5,2.1,SRC_BRTA_METRO_FARES
BRTA_A_432_NO,4,PLC0129,Gulshan-1,গুলশান-১,6.5,1.0,SRC_BRTA_METRO_FARES
BRTA_A_432_NO,5,PLC0250,Mohakhali,মহাখালী,8.5,2.0,SRC_BRTA_METRO_FARES
BRTA_A_432_NO,6,PLC0303,Rainbow,রেইনবো,11.3,2.8,SRC_BRTA_METRO_FARES
BRTA_A_432_NO,7,PLC0350,Sonargaon,সোনারগাঁও,12.3,1.0,SRC_BRTA_METRO_FARES
BRTA_A_432_NO,8,PLC0320,Russell Square,রাসেল স্কয়ার,14.0,1.7,SRC_BRTA_METRO_FARES
BRTA_A_432_NO,9,PLC0156,Kalabagan,কলাবাগান,15.1,1.1,SRC_BRTA_METRO_FARES
BRTA_A_432_NO,10,PLC0279,New Market,নিউমার্কেট,16.5,1.4,SRC_BRTA_METRO_FARES
BRTA_A_432_NO,11,PLC0288,Palashi,পলাশী,20.0,3.5,SRC_BRTA_METRO_FARES
BRTA_A_436_NO,1,PLC0322,Sadarghat Victoria Park,সদরঘাট ভিক্টোরিয়া পার্ক,0.0,0,SRC_BRTA_METRO_FARES
BRTA_A_436_NO,2,PLC0034,Bangabandhu Avenue,বঙ্গবন্ধু এভিনিউ,2.6,2.6,SRC_BRTA_METRO_FARES
BRTA_A_436_NO,3,PLC0155,Kakrail,কাকরাইল,4.0,1.4,SRC_BRTA_METRO_FARES
BRTA_A_436_NO,4,PLC0212,Malibagh,মালিবাগ,4.7,0.7,SRC_BRTA_METRO_FARES
BRTA_A_436_NO,5,PLC0264,Mouchak,মৌচাক,5.1,0.4,SRC_BRTA_METRO_FARES
BRTA_A_436_NO,6,PLC0312,Rampura,রামপুরা,7.9,2.8,SRC_BRTA_METRO_FARES
BRTA_A_436_NO,7,PLC0204,Kuril Biswa Road,কুড়িল বিশ্বরোড,14.0,6.1,SRC_BRTA_METRO_FARES
BRTA_A_436_NO,8,PLC0005,Airport,এয়ারপোর্ট,18.6,4.6,SRC_BRTA_METRO_FARES
BRTA_A_436_NO,9,PLC0001,Abdullahpur,আব্দুল্লাহপুর,22.1,3.5,SRC_BRTA_METRO_FARES
BRTA_A_436_NO,10,PLC0093,Dhaur,ধউর,27.7,5.6,SRC_BRTA_METRO_FARES
BRTA_A_436_NO,11,PLC0146,Jirabo,জিরাবো,33.0,5.3,SRC_BRTA_METRO_FARES
BRTA_A_436_NO,12,PLC0015,Ashulia (Fantasy Kingdom),আশুলিয়া (ফ্যান্টাসি কিংডম),37.3,4.3,SRC_BRTA_METRO_FARES
BRTA_A_436_NO,13,PLC0029,Baipail,বাইপাইল,39.8,2.5,SRC_BRTA_METRO_FARES
BRTA_A_439_NO,1,PLC0190,Khilgaon Khidma Hospital,খিলগাঁও খিদমা হাসপাতাল,0.0,0,SRC_BRTA_METRO_FARES
BRTA_A_439_NO,2,PLC0191,Khilgaon Rail Gate,খিলগাঁও রেলগেট,2.5,2.5,SRC_BRTA_METRO_FARES
BRTA_A_439_NO,3,PLC0044,Basabo,বাসাবো,4.0,1.5,SRC_BRTA_METRO_FARES
BRTA_A_439_NO,4,PLC0266,Mugda,মুগদা,4.5,0.5,SRC_BRTA_METRO_FARES
BRTA_A_439_NO,5,PLC0164,Kamalapur,কমলাপুর,5.5,1.0,SRC_BRTA_METRO_FARES
BRTA_A_439_NO,6,PLC0260,Motijheel,মতিঝিল,6.5,1.0,SRC_BRTA_METRO_FARES
BRTA_A_439_NO,7,PLC0125,Gulistan,গুলিস্তান,7.8,1.3,SRC_BRTA_METRO_FARES
BRTA_A_439_NO,8,PLC0331,Shahbag,শাহবাগ,10.4,2.6,SRC_BRTA_METRO_FARES
BRTA_A_439_NO,9,PLC0329,Science Lab,সাইন্সল্যাব,11.9,1.5,SRC_BRTA_METRO_FARES
BRTA_A_439_NO,10,PLC0056,Bigatla,বিগাতলা,13.1,1.2,SRC_BRTA_METRO_FARES
BRTA_A_439_NO,11,PLC0092,Dhanmondi-15,ধানমন্ডী-১৫,13.7,0.6,SRC_BRTA_METRO_FARES
BRTA_A_439_NO,12,PLC0253,Mohammadpur,মোহাম্মদপুর,15.7,2.0,SRC_BRTA_METRO_FARES
BRTA_A_439_NO,13,PLC0046,Basila,বসিলা,17.2,1.5,SRC_BRTA_METRO_FARES
BRTA_A_439_NO,14,PLC0121,Ghater Char,ঘাটেরচর,20.0,2.8,SRC_BRTA_METRO_FARES
BRTA_A_441_NO,1,PLC0269,Nandan Park,নন্দনপার্ক,0.0,0,SRC_BRTA_METRO_FARES
BRTA_A_441_NO,2,PLC0147,Jirani Bazar,জিরানী বাজার,4.5,4.5,SRC_BRTA_METRO_FARES
BRTA_A_441_NO,3,PLC0267,Nabinagar,নবীনগর,14.1,9.6,SRC_BRTA_METRO_FARES
BRTA_A_441_NO,4,PLC0326,Savar,সাভার,22.5,8.4,SRC_BRTA_METRO_FARES
BRTA_A_441_NO,5,PLC0114,Gabtoli,গাবতলী,36.9,14.4,SRC_BRTA_METRO_FARES
BRTA_A_441_NO,6,PLC0279,New Market,নিউমার্কেট,44.5,7.6,SRC_BRTA_METRO_FARES
BRTA_A_441_NO,7,PLC0018,Azimpur,আজিমপুর,45.3,0.8,SRC_BRTA_METRO_FARES
BRTA_A_441_NO,8,PLC0030,Bakshibazar,বকশিবাজার,46.7,1.4,SRC_BRTA_METRO_FARES
BRTA_A_441_NO,9,PLC0071,Chankharpul,চানখারপুল,47.4,0.7,SRC_BRTA_METRO_FARES
BRTA_A_441_NO,10,PLC0348,Signboard,সাইনবোর্ড,56.7,9.3,SRC_BRTA_METRO_FARES
BRTA_A_441_NO,11,PLC0271,Narayanganj Chasara,নারায়ণগঞ্জ চাষাঢ়া,65.4,8.7,SRC_BRTA_METRO_FARES
BRTA_A_453_NO,1,PLC0267,Nabinagar,নবীনগর,0.0,0,SRC_BRTA_METRO_FARES
BRTA_A_453_NO,2,PLC0326,Savar,সাভার,8.2,8.2,SRC_BRTA_METRO_FARES
BRTA_A_453_NO,3,PLC0132,Hemayetpur,হেমায়েতপুর,14.8,6.6,SRC_BRTA_METRO_FARES
BRTA_A_453_NO,4,PLC0114,Gabtoli,গাবতলী,22.3,7.5,SRC_BRTA_METRO_FARES
BRTA_A_453_NO,5,PLC0012,Asad Gate,আসাদগেট,27.3,5.0,SRC_BRTA_METRO_FARES
BRTA_A_453_NO,6,PLC0112,Farmgate,ফার্মগেট,28.8,1.5,SRC_BRTA_METRO_FARES
BRTA_A_453_NO,7,PLC0331,Shahbag,শাহবাগ,31.3,2.5,SRC_BRTA_METRO_FARES
BRTA_A_453_NO,8,PLC0122,Golapshah Mazar,গোলাপশাহ মাজার,33.7,2.4,SRC_BRTA_METRO_FARES
BRTA_A_453_NO,9,PLC0022,Babubazar Bridge,বাবুবাজার ব্রীজ,35.7,2.0,SRC_BRTA_METRO_FARES
BRTA_A_453_NO,10,PLC0051,Bezgaon Chourasta,বেজগাঁও চৌরাস্তা,61.6,25.9,SRC_BRTA_METRO_FARES
BRTA_A_453_NO,11,PLC0224,Mawa Ghat,মাওয়াঘাট,72.5,10.9,SRC_BRTA_METRO_FARES
BRTA_A_458_NO,1,PLC0243,Mirpur-12,মিরপুর-১২,0.0,0,SRC_BRTA_METRO_FARES
BRTA_A_458_NO,2,PLC0241,Mirpur-11,মিরপুর-১১,1.1,1.1,SRC_BRTA_METRO_FARES
BRTA_A_458_NO,3,PLC0240,Mirpur-10,মিরপুর-১০,2.5,1.4,SRC_BRTA_METRO_FARES
BRTA_A_458_NO,4,PLC0179,Kazipara,কাজীপাড়া,3.7,1.2,SRC_BRTA_METRO_FARES
BRTA_A_458_NO,5,PLC0339,Sheorapara,শেওড়াপাড়া,4.5,0.8,SRC_BRTA_METRO_FARES
BRTA_A_458_NO,6,PLC0057,Bijay Smarani,বিজয় স্মরণী,8.0,3.5,SRC_BRTA_METRO_FARES
BRTA_A_458_NO,7,PLC0112,Farmgate,ফার্মগেট,8.7,0.7,SRC_BRTA_METRO_FARES
BRTA_A_458_NO,8,PLC0331,Shahbag,শাহবাগ,10.8,2.1,SRC_BRTA_METRO_FARES
BRTA_A_458_NO,9,PLC0298,Press Club,প্রেসক্লাব,12.8,2.0,SRC_BRTA_METRO_FARES
BRTA_A_458_NO,10,PLC0125,Gulistan,গুলিস্তান,13.6,0.8,SRC_BRTA_METRO_FARES
BRTA_A_458_NO,11,PLC0260,Motijheel,মতিঝিল,15.3,1.7,SRC_BRTA_METRO_FARES
BRTA_A_459,1,PLC0217,Manikdi (ECB Mor),মানিকদি (ইসিবি মোড়),0.0,0,SRC_BRTA_METRO_FARES
BRTA_A_459,2,PLC0160,Kalshi,কালশী,1.1,1.1,SRC_BRTA_METRO_FARES
BRTA_A_459,3,PLC0241,Mirpur-11,মিরপুর-১১,3.1,2.0,SRC_BRTA_METRO_FARES
BRTA_A_459,4,PLC0240,Mirpur-10,মিরপুর-১০,4.2,1.1,SRC_BRTA_METRO_FARES
BRTA_A_459,5,PLC0179,Kazipara,কাজীপাড়া,5.3,1.1,SRC_BRTA_METRO_FARES
BRTA_A_459,6,PLC0339,Sheorapara,শেওড়াপাড়া,6.2,0.9,SRC_BRTA_METRO_FARES
BRTA_A_459,7,PLC0004,Agargaon,আগারগাঁও,7.8,1.6,SRC_BRTA_METRO_FARES
BRTA_A_459,8,PLC0343,Shishumela,শিশুমেলা,9.3,1.5,SRC_BRTA_METRO_FARES
BRTA_A_459,9,PLC0078,College Gate,কলেজ গেইট,9.8,0.5,SRC_BRTA_METRO_FARES
BRTA_A_459,10,PLC0344,Shukrabad,শুক্রাবাদ,11.9,2.1,SRC_BRTA_METRO_FARES
BRTA_A_459,11,PLC0279,New Market,নিউমার্কেট,14.1,2.2,SRC_BRTA_METRO_FARES
BRTA_A_459,12,PLC0018,Azimpur,আজিমপুর,15.3,1.2,SRC_BRTA_METRO_FARES
BRTA_PILOTING_ROUTE_1,1,PLC0120,Ghatarchor,ঘাটেরচর,0.0,0,SRC_BRTA_METRO_FARES
BRTA_PILOTING_ROUTE_1,2,PLC0382,Washpur,ওয়াশপুর,0.95,0.95,SRC_BRTA_METRO_FARES
BRTA_PILOTING_ROUTE_1,3,PLC0046,Basila,বসিলা,1.83,0.88,SRC_BRTA_METRO_FARES
BRTA_PILOTING_ROUTE_1,4,PLC0048,Basila CNG Stand,বসিলা সিএনজি স্ট্যান্ড,3.48,1.65,SRC_BRTA_METRO_FARES
BRTA_PILOTING_ROUTE_1,5,PLC0255,Mohammadpur (Basila Road),মোহাম্মদপুর (বসিলা রোড),3.72,0.24,SRC_BRTA_METRO_FARES
BRTA_PILOTING_ROUTE_1,6,PLC0257,Mohammadpur Bus Stand,মোহাম্মদপুর বাস স্ট্যান্ড,4.27,0.55,SRC_BRTA_METRO_FARES
BRTA_PILOTING_ROUTE_1,7,PLC0371,Town Hall,টাউন হল,4.79,0.52,SRC_BRTA_METRO_FARES
BRTA_PILOTING_ROUTE_1,8,PLC0012,Asad Gate,আসাদগেট,5.56,0.77,SRC_BRTA_METRO_FARES
BRTA_PILOTING_ROUTE_1,9,PLC0112,Farmgate,ফার্মগেট,7.4,1.84,SRC_BRTA_METRO_FARES
BRTA_PILOTING_ROUTE_1,10,PLC0174,Karwan Bazar,কারওয়ান বাজার,8.23,0.83,SRC_BRTA_METRO_FARES
BRTA_PILOTING_ROUTE_1,11,PLC0039,Banglamotor,বাংলামোটর,8.92,0.69,SRC_BRTA_METRO_FARES
BRTA_PILOTING_ROUTE_1,12,PLC0331,Shahbag,শাহবাগ,9.7,0.78,SRC_BRTA_METRO_FARES
BRTA_PILOTING_ROUTE_1,13,PLC0222,Matsya Bhaban,মৎস্য ভবন,10.52,0.82,SRC_BRTA_METRO_FARES
BRTA_PILOTING_ROUTE_1,14,PLC0155,Kakrail,কাকরাইল,11.3,0.78,SRC_BRTA_METRO_FARES
BRTA_PILOTING_ROUTE_1,15,PLC0109,Fakirapool,ফকিরাপুল,12.46,1.16,SRC_BRTA_METRO_FARES
BRTA_PILOTING_ROUTE_1,16,PLC0262,Motijheel (Notre Dame College),মতিঝিল (নটরডেম কলেজ),13.0,0.54,SRC_BRTA_METRO_FARES
BRTA_PILOTING_ROUTE_1,17,PLC0261,Motijheel (Hirjheel),মতিঝিল (হীরঝিল),13.58,0.58,SRC_BRTA_METRO_FARES
BRTA_PILOTING_ROUTE_1,18,PLC0365,Tikatuli,টিকাটুলি,14.16,0.58,SRC_BRTA_METRO_FARES
BRTA_PILOTING_ROUTE_1,19,PLC0152,Kajla,কাজলা,16.99,2.83,SRC_BRTA_METRO_FARES
BRTA_PILOTING_ROUTE_1,20,PLC0199,Konapara,কোনাপাড়া,19.89,2.9,SRC_BRTA_METRO_FARES
BRTA_PILOTING_ROUTE_1,21,PLC0084,Demra Staff Quarter,ডেমরা স্টাফ কোয়ার্টার,22.27,2.38,SRC_BRTA_METRO_FARES
BRTA_PILOTING_ROUTE_2,1,PLC0084,Demra Staff Quarter,ডেমরা স্টাফ কোয়ার্টার,0.0,0,SRC_BRTA_METRO_FARES
BRTA_PILOTING_ROUTE_2,2,PLC0199,Konapara,কোনাপাড়া,2.44,2.44,SRC_BRTA_METRO_FARES
BRTA_PILOTING_ROUTE_2,3,PLC0152,Kajla,কাজলা,5.54,3.1,SRC_BRTA_METRO_FARES
BRTA_PILOTING_ROUTE_2,4,PLC0149,Jonopoth Mor,জনপথ মোড়,6.89,1.35,SRC_BRTA_METRO_FARES
BRTA_PILOTING_ROUTE_2,5,PLC0381,Washi (Belba Garden),ওয়াশী (বেলবা গার্ডেন),8.09,1.2,SRC_BRTA_METRO_FARES
BRTA_PILOTING_ROUTE_2,6,PLC0263,Motijheel (Shapla Chattar),মতিঝিল (শাপলা চত্বর),9.08,0.99,SRC_BRTA_METRO_FARES
BRTA_PILOTING_ROUTE_2,7,PLC0262,Motijheel (Notre Dame College),মতিঝিল (নটরডেম কলেজ),9.57,0.49,SRC_BRTA_METRO_FARES
BRTA_PILOTING_ROUTE_2,8,PLC0109,Fakirapool,ফকিরাপুল,10.2,0.63,SRC_BRTA_METRO_FARES
BRTA_PILOTING_ROUTE_2,9,PLC0155,Kakrail,কাকরাইল,11.07,0.87,SRC_BRTA_METRO_FARES
BRTA_PILOTING_ROUTE_2,10,PLC0222,Matsya Bhaban,মৎস্য ভবন,11.87,0.8,SRC_BRTA_METRO_FARES
BRTA_PILOTING_ROUTE_2,11,PLC0331,Shahbag,শাহবাগ,12.69,0.82,SRC_BRTA_METRO_FARES
BRTA_PILOTING_ROUTE_2,12,PLC0039,Banglamotor,বাংলামোটর,13.46,0.77,SRC_BRTA_METRO_FARES
BRTA_PILOTING_ROUTE_2,13,PLC0174,Karwan Bazar,কারওয়ান বাজার,14.11,0.65,SRC_BRTA_METRO_FARES
BRTA_PILOTING_ROUTE_2,14,PLC0112,Farmgate,ফার্মগেট,14.96,0.85,SRC_BRTA_METRO_FARES
BRTA_PILOTING_ROUTE_2,15,PLC0012,Asad Gate,আসাদগেট,16.94,1.98,SRC_BRTA_METRO_FARES
BRTA_PILOTING_ROUTE_2,16,PLC0371,Town Hall,টাউন হল,17.67,0.73,SRC_BRTA_METRO_FARES
BRTA_PILOTING_ROUTE_2,17,PLC0257,Mohammadpur Bus Stand,মোহাম্মদপুর বাস স্ট্যান্ড,18.12,0.45,SRC_BRTA_METRO_FARES
BRTA_PILOTING_ROUTE_2,18,PLC0255,Mohammadpur (Basila Road),মোহাম্মদপুর (বসিলা রোড),18.54,0.42,SRC_BRTA_METRO_FARES
BRTA_PILOTING_ROUTE_2,19,PLC0048,Basila CNG Stand,বসিলা সিএনজি স্ট্যান্ড,18.77,0.23,SRC_BRTA_METRO_FARES
BRTA_PILOTING_ROUTE_2,20,PLC0046,Basila,বসিলা,20.43,1.66,SRC_BRTA_METRO_FARES
BRTA_PILOTING_ROUTE_2,21,PLC0382,Washpur,ওয়াশপুর,21.31,0.88,SRC_BRTA_METRO_FARES
BRTA_PILOTING_ROUTE_2,22,PLC0120,Ghatarchor,ঘাটেরচর,22.26,0.95,SRC_BRTA_METRO_FARES
BRTA_PILOTING_ROUTE_3,1,PLC0120,Ghatarchor,ঘাটেরচর,0.0,0,SRC_BRTA_METRO_FARES
BRTA_PILOTING_ROUTE_3,2,PLC0382,Washpur,ওয়াশপুর,0.95,0.95,SRC_BRTA_METRO_FARES
BRTA_PILOTING_ROUTE_3,3,PLC0046,Basila,বসিলা,1.83,0.88,SRC_BRTA_METRO_FARES
BRTA_PILOTING_ROUTE_3,4,PLC0048,Basila CNG Stand,বসিলা সিএনজি স্ট্যান্ড,3.48,1.65,SRC_BRTA_METRO_FARES
BRTA_PILOTING_ROUTE_3,5,PLC0255,Mohammadpur (Basila Road),মোহাম্মদপুর (বসিলা রোড),3.72,0.24,SRC_BRTA_METRO_FARES
BRTA_PILOTING_ROUTE_3,6,PLC0257,Mohammadpur Bus Stand,মোহাম্মদপুর বাস স্ট্যান্ড,4.27,0.55,SRC_BRTA_METRO_FARES
BRTA_PILOTING_ROUTE_3,7,PLC0371,Town Hall,টাউন হল,4.79,0.52,SRC_BRTA_METRO_FARES
BRTA_PILOTING_ROUTE_3,8,PLC0349,Sobhanbag,সোবহানবাগ,6.34,1.55,SRC_BRTA_METRO_FARES
BRTA_PILOTING_ROUTE_3,9,PLC0156,Kalabagan,কলাবাগান,7.27,0.93,SRC_BRTA_METRO_FARES
BRTA_PILOTING_ROUTE_3,10,PLC0329,Science Lab,সায়েন্সল্যাব,8.22,0.95,SRC_BRTA_METRO_FARES
BRTA_PILOTING_ROUTE_3,11,PLC0116,Gausia/Chandnichok,গাউসিয়া/চাঁদনীচক,9.19,0.97,SRC_BRTA_METRO_FARES
BRTA_PILOTING_ROUTE_3,12,PLC0018,Azimpur,আজিমপুর,10.15,0.96,SRC_BRTA_METRO_FARES
BRTA_PILOTING_ROUTE_3,13,PLC0071,Chankharpul,চানখারপুল,12.54,2.39,SRC_BRTA_METRO_FARES
BRTA_PILOTING_ROUTE_3,14,PLC0295,Postgola,পোস্তগোলা,17.86,5.32,SRC_BRTA_METRO_FARES
BRTA_PILOTING_ROUTE_3,15,PLC0287,Pagla Bazar,পাগলাবাজার,23.51,5.65,SRC_BRTA_METRO_FARES
BRTA_PILOTING_ROUTE_4,1,PLC0287,Pagla Bazar,পাগলা বাজার,0.0,0,SRC_BRTA_METRO_FARES
BRTA_PILOTING_ROUTE_4,2,PLC0295,Postgola,পোস্তগোলা,5.84,5.84,SRC_BRTA_METRO_FARES
BRTA_PILOTING_ROUTE_4,3,PLC0071,Chankharpul,চানখারপুল,11.3,5.46,SRC_BRTA_METRO_FARES
BRTA_PILOTING_ROUTE_4,4,PLC0018,Azimpur,আজিমপুর,13.86,2.56,SRC_BRTA_METRO_FARES
BRTA_PILOTING_ROUTE_4,5,PLC0279,New Market,নিউমার্কেট,14.83,0.97,SRC_BRTA_METRO_FARES
BRTA_PILOTING_ROUTE_4,6,PLC0329,Science Lab,সায়েন্সল্যাব,15.86,1.03,SRC_BRTA_METRO_FARES
BRTA_PILOTING_ROUTE_4,7,PLC0156,Kalabagan,কলাবাগান,16.83,0.97,SRC_BRTA_METRO_FARES
BRTA_PILOTING_ROUTE_4,8,PLC0349,Sobhanbag,সোবহানবাগ,17.56,0.73,SRC_BRTA_METRO_FARES
BRTA_PILOTING_ROUTE_4,9,PLC0371,Town Hall,টাউন হল,19.44,1.88,SRC_BRTA_METRO_FARES
BRTA_PILOTING_ROUTE_4,10,PLC0257,Mohammadpur Bus Stand,মোহাম্মদপুর বাস স্ট্যান্ড,19.88,0.44,SRC_BRTA_METRO_FARES
BRTA_PILOTING_ROUTE_4,11,PLC0255,Mohammadpur (Basila Road),মোহাম্মদপুর (বসিলা রোড),20.11,0.23,SRC_BRTA_METRO_FARES
BRTA_PILOTING_ROUTE_4,12,PLC0048,Basila CNG Stand,বসিলা সিএনজি স্ট্যান্ড,21.77,1.66,SRC_BRTA_METRO_FARES
BRTA_PILOTING_ROUTE_4,13,PLC0382,Washpur,ওয়াশপুর,22.65,0.88,SRC_BRTA_METRO_FARES
BRTA_PILOTING_ROUTE_4,14,PLC0120,Ghatarchor,ঘাটেরচর,23.6,0.95,SRC_BRTA_METRO_FARES
