route_id,from_place_id,from_name_en,to_place_id,to_name_en,segment_distance_km,direction,source_id
BRTA_A_101_NO,PLC0160,Kalshi,PLC0243,Mirpur-12,2.2,forward,SRC_BRTA_METRO_FARES
BRTA_A_101_NO,PLC0243,Mirpur-12,PLC0160,Kalshi,2.2,reverse,SRC_BRTA_METRO_FARES
BRTA_A_101_NO,PLC0243,Mirpur-12,PLC0240,Mirpur-10,2.5,forward,SRC_BRTA_METRO_FARES
BRTA_A_101_NO,PLC0240,Mirpur-10,PLC0243,Mirpur-12,2.5,reverse,SRC_BRTA_METRO_FARES
BRTA_A_101_NO,PLC0240,Mirpur-10,PLC0179,Kazipara,1.4,forward,SRC_BRTA_METRO_FARES
BRTA_A_101_NO,PLC0179,Kazipara,PLC0240,Mirpur-10,1.4,reverse,SRC_BRTA_METRO_FARES
BRTA_A_101_NO,PLC0179,Kazipara,PLC0340,Shewrapara,0.7,forward,SRC_BRTA_METRO_FARES
BRTA_A_101_NO,PLC0340,Shewrapara,PLC0179,Kazipara,0.7,reverse,SRC_BRTA_METRO_FARES
BRTA_A_101_NO,PLC0340,Shewrapara,PLC0112,Farmgate,4.6,forward,SRC_BRTA_METRO_FARES
BRTA_A_101_NO,PLC0112,Farmgate,PLC0340,Shewrapara,4.6,reverse,SRC_BRTA_METRO_FARES
BRTA_A_101_NO,PLC0112,Farmgate,PLC0331,Shahbag,2.3,forward,SRC_BRTA_METRO_FARES
BRTA_A_101_NO,PLC0331,Shahbag,PLC0112,Farmgate,2.3,reverse,SRC_BRTA_METRO_FARES
BRTA_A_101_NO,PLC0331,Shahbag,PLC0292,Palton,1.9,forward,SRC_BRTA_METRO_FARES
BRTA_A_101_NO,PLC0292,Palton,PLC0331,Shahbag,1.9,reverse,SRC_BRTA_METRO_FARES
BRTA_A_101_NO,PLC0292,Palton,PLC0125,Gulistan,1.0,forward,SRC_BRTA_METRO_FARES
BRTA_A_101_NO,PLC0125,Gulistan,PLC0292,Palton,1.0,reverse,SRC_BRTA_METRO_FARES
BRTA_A_101_NO,PLC0125,Gulistan,PLC0365,Tikatuli,1.2,forward,SRC_BRTA_METRO_FARES
BRTA_A_101_NO,PLC0365,Tikatuli,PLC0125,Gulistan,1.2,reverse,SRC_BRTA_METRO_FARES
BRTA_A_101_NO,PLC0365,Tikatuli,PLC0327,Sayedabad,1.1,forward,SRC_BRTA_METRO_FARES
BRTA_A_101_NO,PLC0327,Sayedabad,PLC0365,Tikatuli,1.1,reverse,SRC_BRTA_METRO_FARES
BRTA_A_101_NO,PLC0327,Sayedabad,PLC0143,Jatrabari,1.0,forward,SRC_BRTA_METRO_FARES
BRTA_A_101_NO,PLC0143,Jatrabari,PLC0327,Sayedabad,1.0,reverse,SRC_BRTA_METRO_FARES
BRTA_A_101_NO,PLC0143,Jatrabari,PLC0348,Signboard,4.9,forward,SRC_BRTA_METRO_FARES
BRTA_A_101_NO,PLC0348,Signboard,PLC0143,Jatrabari,4.9,reverse,SRC_BRTA_METRO_FARES
BRTA_A_101_NO,PLC0348,Signboard,PLC0172,Kanchpur Bridge,4.0,forward,SRC_BRTA_METRO_FARES
BRTA_A_101_NO,PLC0172,Kanchpur Bridge,PLC0348,Signboard,4.0,reverse,SRC_BRTA_METRO_FARES
BRTA_A_102_NO,PLC0290,Pallabi (Mirpur-12),PLC0242,Mirpur-11 1/2,0.4,forward,SRC_BRTA_METRO_FARES
BRTA_A_102_NO,PLC0242,Mirpur-11 1/2,PLC0290,Pallabi (Mirpur-12),0.4,reverse,SRC_BRTA_METRO_FARES
BRTA_A_102_NO,PLC0242,Mirpur-11 1/2,PLC0028,Baikali Hotel,0.3,forward,SRC_BRTA_METRO_FARES
BRTA_A_102_NO,PLC0028,Baikali Hotel,PLC0242,Mirpur-11 1/2,0.3,reverse,SRC_BRTA_METRO_FARES
BRTA_A_102_NO,PLC0028,Baikali Hotel,PLC0241,Mirpur-11,0.7,forward,SRC_BRTA_METRO_FARES
BRTA_A_102_NO,PLC0241,Mirpur-11,PLC0028,Baikali Hotel,0.7,reverse,SRC_BRTA_METRO_FARES
BRTA_A_102_NO,PLC0241,Mirpur-11,PLC0240,Mirpur-10,0.9,forward,SRC_BRTA_METRO_FARES
BRTA_A_102_NO,PLC0240,Mirpur-10,PLC0241,Mirpur-11,0.9,reverse,SRC_BRTA_METRO_FARES
BRTA_A_102_NO,PLC0240,Mirpur-10,PLC0179,Kazipara,1.4,forward,SRC_BRTA_METRO_FARES
BRTA_A_102_NO,PLC0179,Kazipara,PLC0240,Mirpur-10,1.4,reverse,SRC_BRTA_METRO_FARES
BRTA_A_102_NO,PLC0179,Kazipara,PLC0112,Farmgate,5.3,forward,SRC_BRTA_METRO_FARES
BRTA_A_102_NO,PLC0112,Farmgate,PLC0179,Kazipara,5.3,reverse,SRC_BRTA_METRO_FARES
BRTA_A_102_NO,PLC0112,Farmgate,PLC0298,Press Club,4.2,forward,SRC_BRTA_METRO_FARES
BRTA_A_102_NO,PLC0298,Press Club,PLC0112,Farmgate,4.2,reverse,SRC_BRTA_METRO_FARES
BRTA_A_102_NO,PLC0298,Press Club,PLC0358,T&T,1.5,forward,SRC_BRTA_METRO_FARES
BRTA_A_102_NO,PLC0358,T&T,PLC0298,Press Club,1.5,reverse,SRC_BRTA_METRO_FARES
BRTA_A_102_NO,PLC0358,T&T,PLC0317,Raysaheb Bazar,1.0,forward,SRC_BRTA_METRO_FARES
BRTA_A_102_NO,PLC0317,Raysaheb Bazar,PLC0358,T&T,1.0,reverse,SRC_BRTA_METRO_FARES
BRTA_A_102_NO,PLC0317,Raysaheb Bazar,PLC0380,Victoria Park,1.2,forward,SRC_BRTA_METRO_FARES
BRTA_A_102_NO,PLC0380,Victoria Park,PLC0317,Raysaheb Bazar,1.2,reverse,SRC_BRTA_METRO_FARES
BRTA_A_103_NO,PLC0102,Duyaripara,PLC0243,Mirpur-12,0.9,forward,SRC_BRTA_METRO_FARES
BRTA_A_103_NO,PLC0243,Mirpur-12,PLC0102,Duyaripara,0.9,reverse,SRC_BRTA_METRO_FARES
BRTA_A_103_NO,PLC0243,Mirpur-12,PLC0237,Mirpur Sade 11,0.4,forward,SRC_BRTA_METRO_FARES
BRTA_A_103_NO,PLC0237,Mirpur Sade 11,PLC0243,Mirpur-12,0.4,reverse,SRC_BRTA_METRO_FARES
BRTA_A_103_NO,PLC0237,Mirpur Sade 11,PLC0028,Baikali Hotel,0.5,forward,SRC_BRTA_METRO_FARES
BRTA_A_103_NO,PLC0028,Baikali Hotel,PLC0237,Mirpur Sade 11,0.5,reverse,SRC_BRTA_METRO_FARES
BRTA_A_103_NO,PLC0028,Baikali Hotel,PLC0241,Mirpur-11,0.5,forward,SRC_BRTA_METRO_FARES
BRTA_A_103_NO,PLC0241,Mirpur-11,PLC0028,Baikali Hotel,0.5,reverse,SRC_BRTA_METRO_FARES
BRTA_A_103_NO,PLC0241,Mirpur-11,PLC0240,Mirpur-10,0.9,forward,SRC_BRTA_METRO_FARES
BRTA_A_103_NO,PLC0240,Mirpur-10,PLC0241,Mirpur-11,0.9,reverse,SRC_BRTA_METRO_FARES
BRTA_A_103_NO,PLC0240,Mirpur-10,PLC0179,Kazipara,1.4,forward,SRC_BRTA_METRO_FARES
BRTA_A_103_NO,PLC0179,Kazipara,PLC0240,Mirpur-10,1.4,reverse,SRC_BRTA_METRO_FARES
BRTA_A_103_NO,PLC0179,Kazipara,PLC0340,Shewrapara,0.7,forward,SRC_BRTA_METRO_FARES
BRTA_A_103_NO,PLC0340,Shewrapara,PLC0179,Kazipara,0.7,reverse,SRC_BRTA_METRO_FARES
BRTA_A_103_NO,PLC0340,Shewrapara,PLC0004,Agargaon,1.7,forward,SRC_BRTA_METRO_FARES
BRTA_A_103_NO,PLC0004,Agargaon,PLC0340,Shewrapara,1.7,reverse,SRC_BRTA_METRO_FARES
BRTA_A_103_NO,PLC0004,Agargaon,PLC0186,Khanmondol,3.6,forward,SRC_BRTA_METRO_FARES
BRTA_A_103_NO,PLC0186,Khanmondol,PLC0004,Agargaon,3.6,reverse,SRC_BRTA_METRO_FARES
BRTA_A_103_NO,PLC0186,Khanmondol,PLC0344,Shukrabad,0.5,forward,SRC_BRTA_METRO_FARES
BRTA_A_103_NO,PLC0344,Shukrabad,PLC0186,Khanmondol,0.5,reverse,SRC_BRTA_METRO_FARES
BRTA_A_103_NO,PLC0344,Shukrabad,PLC0088,Dhakeswari Mandir,4.0,forward,SRC_BRTA_METRO_FARES
BRTA_A_103_NO,PLC0088,Dhakeswari Mandir,PLC0344,Shukrabad,4.0,reverse,SRC_BRTA_METRO_FARES
BRTA_A_110_NO,PLC0102,Duyaripara,PLC0297,Prashika,2.0,forward,SRC_BRTA_METRO_FARES
BRTA_A_110_NO,PLC0297,Prashika,PLC0102,Duyaripara,2.0,reverse,SRC_BRTA_METRO_FARES
BRTA_A_110_NO,PLC0297,Prashika,PLC0238,Mirpur Thana,0.4,forward,SRC_BRTA_METRO_FARES
BRTA_A_110_NO,PLC0238,Mirpur Thana,PLC0297,Prashika,0.4,reverse,SRC_BRTA_METRO_FARES
BRTA_A_110_NO,PLC0238,Mirpur Thana,PLC0239,Mirpur-1,1.3,forward,SRC_BRTA_METRO_FARES
BRTA_A_110_NO,PLC0239,Mirpur-1,PLC0238,Mirpur Thana,1.3,reverse,SRC_BRTA_METRO_FARES
BRTA_A_110_NO,PLC0239,Mirpur-1,PLC0008,Ansar Camp,0.9,forward,SRC_BRTA_METRO_FARES
BRTA_A_110_NO,PLC0008,Ansar Camp,PLC0239,Mirpur-1,0.9,reverse,SRC_BRTA_METRO_FARES
BRTA_A_110_NO,PLC0008,Ansar Camp,PLC0362,Technical,0.9,forward,SRC_BRTA_METRO_FARES
BRTA_A_110_NO,PLC0362,Technical,PLC0008,Ansar Camp,0.9,reverse,SRC_BRTA_METRO_FARES
BRTA_A_110_NO,PLC0362,Technical,PLC0012,Asad Gate,2.6,forward,SRC_BRTA_METRO_FARES
BRTA_A_110_NO,PLC0012,Asad Gate,PLC0362,Technical,2.6,reverse,SRC_BRTA_METRO_FARES
BRTA_A_110_NO,PLC0012,Asad Gate,PLC0329,Science Lab,3.7,forward,SRC_BRTA_METRO_FARES
BRTA_A_110_NO,PLC0329,Science Lab,PLC0012,Asad Gate,3.7,reverse,SRC_BRTA_METRO_FARES
BRTA_A_110_NO,PLC0329,Science Lab,PLC0067,BUET,3.1,forward,SRC_BRTA_METRO_FARES
BRTA_A_110_NO,PLC0067,BUET,PLC0329,Science Lab,3.1,reverse,SRC_BRTA_METRO_FARES
BRTA_A_110_NO,PLC0067,BUET,PLC0125,Gulistan,1.8,forward,SRC_BRTA_METRO_FARES
BRTA_A_110_NO,PLC0125,Gulistan,PLC0067,BUET,1.8,reverse,SRC_BRTA_METRO_FARES
BRTA_A_111_NO,PLC0289,Pallabi (Ceramic),PLC0242,Mirpur-11 1/2,0.7,forward,SRC_BRTA_METRO_FARES
BRTA_A_111_NO,PLC0242,Mirpur-11 1/2,PLC0289,Pallabi (Ceramic),0.7,reverse,SRC_BRTA_METRO_FARES
BRTA_A_111_NO,PLC0242,Mirpur-11 1/2,PLC0028,Baikali Hotel,0.4,forward,SRC_BRTA_METRO_FARES
BRTA_A_111_NO,PLC0028,Baikali Hotel,PLC0242,Mirpur-11 1/2,0.4,reverse,SRC_BRTA_METRO_FARES
BRTA_A_111_NO,PLC0028,Baikali Hotel,PLC0241,Mirpur-11,0.4,forward,SRC_BRTA_METRO_FARES
BRTA_A_111_NO,PLC0241,Mirpur-11,PLC0028,Baikali Hotel,0.4,reverse,SRC_BRTA_METRO_FARES
BRTA_A_111_NO,PLC0241,Mirpur-11,PLC0240,Mirpur-10,1.1,forward,SRC_BRTA_METRO_FARES
BRTA_A_111_NO,PLC0240,Mirpur-10,PLC0241,Mirpur-11,1.1,reverse,SRC_BRTA_METRO_FARES
BRTA_A_111_NO,PLC0240,Mirpur-10,PLC0179,Kazipara,1.1,forward,SRC_BRTA_METRO_FARES
BRTA_A_111_NO,PLC0179,Kazipara,PLC0240,Mirpur-10,1.1,reverse,SRC_BRTA_METRO_FARES
BRTA_A_111_NO,PLC0179,Kazipara,PLC0112,Farmgate,5.3,forward,SRC_BRTA_METRO_FARES
BRTA_A_111_NO,PLC0112,Farmgate,PLC0179,Kazipara,5.3,reverse,SRC_BRTA_METRO_FARES
BRTA_A_111_NO,PLC0112,Farmgate,PLC0292,Palton,4.5,forward,SRC_BRTA_METRO_FARES
BRTA_A_111_NO,PLC0292,Palton,PLC0112,Farmgate,4.5,reverse,SRC_BRTA_METRO_FARES
BRTA_A_111_NO,PLC0292,Palton,PLC0354,Stadium,0.3,forward,SRC_BRTA_METRO_FARES
BRTA_A_111_NO,PLC0354,Stadium,PLC0292,Palton,0.3,reverse,SRC_BRTA_METRO_FARES
BRTA_A_111_NO,PLC0354,Stadium,PLC0283,Notre Dame College,3.2,forward,SRC_BRTA_METRO_FARES
BRTA_A_111_NO,PLC0283,Notre Dame College,PLC0354,Stadium,3.2,reverse,SRC_BRTA_METRO_FARES
BRTA_A_114_NO,PLC0387,Zoo,PLC0239,Mirpur-1,1.8,forward,SRC_BRTA_METRO_FARES
BRTA_A_114_NO,PLC0239,Mirpur-1,PLC0387,Zoo,1.8,reverse,SRC_BRTA_METRO_FARES
BRTA_A_114_NO,PLC0239,Mirpur-1,PLC0008,Ansar Camp,0.9,forward,SRC_BRTA_METRO_FARES
BRTA_A_114_NO,PLC0008,Ansar Camp,PLC0239,Mirpur-1,0.9,reverse,SRC_BRTA_METRO_FARES
BRTA_A_114_NO,PLC0008,Ansar Camp,PLC0080,Darussalam,1.1,forward,SRC_BRTA_METRO_FARES
BRTA_A_114_NO,PLC0080,Darussalam,PLC0008,Ansar Camp,1.1,reverse,SRC_BRTA_METRO_FARES
BRTA_A_114_NO,PLC0080,Darussalam,PLC0163,Kalyanpur,1.2,forward,SRC_BRTA_METRO_FARES
BRTA_A_114_NO,PLC0163,Kalyanpur,PLC0080,Darussalam,1.2,reverse,SRC_BRTA_METRO_FARES
BRTA_A_114_NO,PLC0163,Kalyanpur,PLC0346,Shyamoli,0.4,forward,SRC_BRTA_METRO_FARES
BRTA_A_114_NO,PLC0346,Shyamoli,PLC0163,Kalyanpur,0.4,reverse,SRC_BRTA_METRO_FARES
BRTA_A_114_NO,PLC0346,Shyamoli,PLC0078,College Gate,0.9,forward,SRC_BRTA_METRO_FARES
BRTA_A_114_NO,PLC0078,College Gate,PLC0346,Shyamoli,0.9,reverse,SRC_BRTA_METRO_FARES
BRTA_A_114_NO,PLC0078,College Gate,PLC0012,Asad Gate,0.9,forward,SRC_BRTA_METRO_FARES
BRTA_A_114_NO,PLC0012,Asad Gate,PLC0078,College Gate,0.9,reverse,SRC_BRTA_METRO_FARES
BRTA_A_114_NO,PLC0012,Asad Gate,PLC0112,Farmgate,1.8,forward,SRC_BRTA_METRO_FARES
BRTA_A_114_NO,PLC0112,Farmgate,PLC0012,Asad Gate,1.8,reverse,SRC_BRTA_METRO_FARES
BRTA_A_114_NO,PLC0112,Farmgate,PLC0178,Kawran Bazar,1.0,forward,SRC_BRTA_METRO_FARES
BRTA_A_114_NO,PLC0178,Kawran Bazar,PLC0112,Farmgate,1.0,reverse,SRC_BRTA_METRO_FARES
BRTA_A_114_NO,PLC0178,Kawran Bazar,PLC0331,Shahbag,1.4,forward,SRC_BRTA_METRO_FARES
BRTA_A_114_NO,PLC0331,Shahbag,PLC0178,Kawran Bazar,1.4,reverse,SRC_BRTA_METRO_FARES
BRTA_A_114_NO,PLC0331,Shahbag,PLC0298,Press Club,1.7,forward,SRC_BRTA_METRO_FARES
BRTA_A_114_NO,PLC0298,Press Club,PLC0331,Shahbag,1.7,reverse,SRC_BRTA_METRO_FARES
BRTA_A_114_NO,PLC0298,Press Club,PLC0354,Stadium,1.0,forward,SRC_BRTA_METRO_FARES
BRTA_A_114_NO,PLC0354,Stadium,PLC0298,Press Club,1.0,reverse,SRC_BRTA_METRO_FARES
BRTA_A_114_NO,PLC0354,Stadium,PLC0136,Intefak,3.1,forward,SRC_BRTA_METRO_FARES
BRTA_A_114_NO,PLC0136,Intefak,PLC0354,Stadium,3.1,reverse,SRC_BRTA_METRO_FARES
BRTA_A_114_NO,PLC0136,Intefak,PLC0327,Sayedabad,1.1,forward,SRC_BRTA_METRO_FARES
BRTA_A_114_NO,PLC0327,Sayedabad,PLC0136,Intefak,1.1,reverse,SRC_BRTA_METRO_FARES
BRTA_A_115_NO,PLC0239,Mirpur-1,PLC0008,Ansar Camp,1.0,forward,SRC_BRTA_METRO_FARES
BRTA_A_115_NO,PLC0008,Ansar Camp,PLC0239,Mirpur-1,1.0,reverse,SRC_BRTA_METRO_FARES
BRTA_A_115_NO,PLC0008,Ansar Camp,PLC0362,Technical,1.2,forward,SRC_BRTA_METRO_FARES
BRTA_A_115_NO,PLC0362,Technical,PLC0008,Ansar Camp,1.2,reverse,SRC_BRTA_METRO_FARES
BRTA_A_115_NO,PLC0362,Technical,PLC0163,Kalyanpur,1.0,forward,SRC_BRTA_METRO_FARES
BRTA_A_115_NO,PLC0163,Kalyanpur,PLC0362,Technical,1.0,reverse,SRC_BRTA_METRO_FARES
BRTA_A_115_NO,PLC0163,Kalyanpur,PLC0346,Shyamoli,0.7,forward,SRC_BRTA_METRO_FARES
BRTA_A_115_NO,PLC0346,Shyamoli,PLC0163,Kalyanpur,0.7,reverse,SRC_BRTA_METRO_FARES
BRTA_A_115_NO,PLC0346,Shyamoli,PLC0078,College Gate,0.7,forward,SRC_BRTA_METRO_FARES
BRTA_A_115_NO,PLC0078,College Gate,PLC0346,Shyamoli,0.7,reverse,SRC_BRTA_METRO_FARES
BRTA_A_115_NO,PLC0078,College Gate,PLC0344,Shukrabad,2.2,forward,SRC_BRTA_METRO_FARES
BRTA_A_115_NO,PLC0344,Shukrabad,PLC0078,College Gate,2.2,reverse,SRC_BRTA_METRO_FARES
BRTA_A_115_NO,PLC0344,Shukrabad,PLC0156,Kalabagan,0.6,forward,SRC_BRTA_METRO_FARES
BRTA_A_115_NO,PLC0156,Kalabagan,PLC0344,Shukrabad,0.6,reverse,SRC_BRTA_METRO_FARES
BRTA_A_115_NO,PLC0156,Kalabagan,PLC0329,Science Lab,1.0,forward,SRC_BRTA_METRO_FARES
BRTA_A_115_NO,PLC0329,Science Lab,PLC0156,Kalabagan,1.0,reverse,SRC_BRTA_METRO_FARES
BRTA_A_115_NO,PLC0329,Science Lab,PLC0177,Katabon,0.9,forward,SRC_BRTA_METRO_FARES
BRTA_A_115_NO,PLC0177,Katabon,PLC0329,Science Lab,0.9,reverse,SRC_BRTA_METRO_FARES
BRTA_A_115_NO,PLC0177,Katabon,PLC0331,Shahbag,0.4,forward,SRC_BRTA_METRO_FARES
BRTA_A_115_NO,PLC0331,Shahbag,PLC0177,Katabon,0.4,reverse,SRC_BRTA_METRO_FARES
BRTA_A_115_NO,PLC0331,Shahbag,PLC0298,Press Club,1.8,forward,SRC_BRTA_METRO_FARES
BRTA_A_115_NO,PLC0298,Press Club,PLC0331,Shahbag,1.8,reverse,SRC_BRTA_METRO_FARES
BRTA_A_115_NO,PLC0298,Press Club,PLC0128,Gulistan Morh,1.0,forward,SRC_BRTA_METRO_FARES
BRTA_A_115_NO,PLC0128,Gulistan Morh,PLC0298,Press Club,1.0,reverse,SRC_BRTA_METRO_FARES
BRTA_A_115_NO,PLC0128,Gulistan Morh,PLC0038,Bangladesh Bank,1.3,forward,SRC_BRTA_METRO_FARES
BRTA_A_115_NO,PLC0038,Bangladesh Bank,PLC0128,Gulistan Morh,1.3,reverse,SRC_BRTA_METRO_FARES
BRTA_A_115_NO,PLC0038,Bangladesh Bank,PLC0143,Jatrabari,3.8,forward,SRC_BRTA_METRO_FARES
BRTA_A_115_NO,PLC0143,Jatrabari,PLC0038,Bangladesh Bank,3.8,reverse,SRC_BRTA_METRO_FARES
BRTA_A_122_NO,PLC0243,Mirpur-12,PLC0105,ECB Morh,4.4,forward,SRC_BRTA_METRO_FARES
BRTA_A_122_NO,PLC0105,ECB Morh,PLC0243,Mirpur-12,4.4,reverse,SRC_BRTA_METRO_FARES
BRTA_A_122_NO,PLC0105,ECB Morh,PLC0240,Mirpur-10,4.5,forward,SRC_BRTA_METRO_FARES
BRTA_A_122_NO,PLC0240,Mirpur-10,PLC0105,ECB Morh,4.5,reverse,SRC_BRTA_METRO_FARES
BRTA_A_122_NO,PLC0240,Mirpur-10,PLC0179,Kazipara,1.4,forward,SRC_BRTA_METRO_FARES
BRTA_A_122_NO,PLC0179,Kazipara,PLC0240,Mirpur-10,1.4,reverse,SRC_BRTA_METRO_FARES
BRTA_A_122_NO,PLC0179,Kazipara,PLC0340,Shewrapara,0.7,forward,SRC_BRTA_METRO_FARES
BRTA_A_122_NO,PLC0340,Shewrapara,PLC0179,Kazipara,0.7,reverse,SRC_BRTA_METRO_FARES
BRTA_A_122_NO,PLC0340,Shewrapara,PLC0004,Agargaon,1.7,forward,SRC_BRTA_METRO_FARES
BRTA_A_122_NO,PLC0004,Agargaon,PLC0340,Shewrapara,1.7,reverse,SRC_BRTA_METRO_FARES
BRTA_A_122_NO,PLC0004,Agargaon,PLC0343,Shishumela,1.3,forward,SRC_BRTA_METRO_FARES
BRTA_A_122_NO,PLC0343,Shishumela,PLC0004,Agargaon,1.3,reverse,SRC_BRTA_METRO_FARES
BRTA_A_122_NO,PLC0343,Shishumela,PLC0078,College Gate,0.5,forward,SRC_BRTA_METRO_FARES
BRTA_A_122_NO,PLC0078,College Gate,PLC0343,Shishumela,0.5,reverse,SRC_BRTA_METRO_FARES
BRTA_A_122_NO,PLC0078,College Gate,PLC0219,Manikmia Avenue,1.4,forward,SRC_BRTA_METRO_FARES
BRTA_A_122_NO,PLC0219,Manikmia Avenue,PLC0078,College Gate,1.4,reverse,SRC_BRTA_METRO_FARES
BRTA_A_122_NO,PLC0219,Manikmia Avenue,PLC0018,Azimpur,6.1,forward,SRC_BRTA_METRO_FARES
BRTA_A_122_NO,PLC0018,Azimpur,PLC0219,Manikmia Avenue,6.1,reverse,SRC_BRTA_METRO_FARES
BRTA_A_127_NO,PLC0235,Mirpur Mazar Road,PLC0239,Mirpur-1,1.0,forward,SRC_BRTA_METRO_FARES
BRTA_A_127_NO,PLC0239,Mirpur-1,PLC0235,Mirpur Mazar Road,1.0,reverse,SRC_BRTA_METRO_FARES
BRTA_A_127_NO,PLC0239,Mirpur-1,PLC0346,Shyamoli,3.6,forward,SRC_BRTA_METRO_FARES
BRTA_A_127_NO,PLC0346,Shyamoli,PLC0239,Mirpur-1,3.6,reverse,SRC_BRTA_METRO_FARES
BRTA_A_127_NO,PLC0346,Shyamoli,PLC0012,Asad Gate,2.0,forward,SRC_BRTA_METRO_FARES
BRTA_A_127_NO,PLC0012,Asad Gate,PLC0346,Shyamoli,2.0,reverse,SRC_BRTA_METRO_FARES
BRTA_A_127_NO,PLC0012,Asad Gate,PLC0320,Russell Square,2.0,forward,SRC_BRTA_METRO_FARES
BRTA_A_127_NO,PLC0320,Russell Square,PLC0012,Asad Gate,2.0,reverse,SRC_BRTA_METRO_FARES
BRTA_A_127_NO,PLC0320,Russell Square,PLC0156,Kalabagan,0.4,forward,SRC_BRTA_METRO_FARES
BRTA_A_127_NO,PLC0156,Kalabagan,PLC0320,Russell Square,0.4,reverse,SRC_BRTA_METRO_FARES
BRTA_A_127_NO,PLC0156,Kalabagan,PLC0329,Science Lab,1.0,forward,SRC_BRTA_METRO_FARES
BRTA_A_127_NO,PLC0329,Science Lab,PLC0156,Kalabagan,1.0,reverse,SRC_BRTA_METRO_FARES
BRTA_A_127_NO,PLC0329,Science Lab,PLC0279,New Market,0.6,forward,SRC_BRTA_METRO_FARES
BRTA_A_127_NO,PLC0279,New Market,PLC0329,Science Lab,0.6,reverse,SRC_BRTA_METRO_FARES
BRTA_A_127_NO,PLC0279,New Market,PLC0280,Nilkhet,0.2,forward,SRC_BRTA_METRO_FARES
BRTA_A_127_NO,PLC0280,Nilkhet,PLC0279,New Market,0.2,reverse,SRC_BRTA_METRO_FARES
BRTA_A_127_NO,PLC0280,Nilkhet,PLC0018,Azimpur,1.2,forward,SRC_BRTA_METRO_FARES
BRTA_A_127_NO,PLC0018,Azimpur,PLC0280,Nilkhet,1.2,reverse,SRC_BRTA_METRO_FARES
BRTA_A_129_NO,PLC0249,Mirpur(14),PLC0248,Mirpur(10),2.1,forward,SRC_BRTA_METRO_FARES
BRTA_A_129_NO,PLC0248,Mirpur(10),PLC0249,Mirpur(14),2.1,reverse,SRC_BRTA_METRO_FARES
BRTA_A_129_NO,PLC0248,Mirpur(10),PLC0247,Mirpur(1),1.5,forward,SRC_BRTA_METRO_FARES
BRTA_A_129_NO,PLC0247,Mirpur(1),PLC0248,Mirpur(10),1.5,reverse,SRC_BRTA_METRO_FARES
BRTA_A_129_NO,PLC0247,Mirpur(1),PLC0036,Bangla College,1.7,forward,SRC_BRTA_METRO_FARES
BRTA_A_129_NO,PLC0036,Bangla College,PLC0247,Mirpur(1),1.7,reverse,SRC_BRTA_METRO_FARES
BRTA_A_129_NO,PLC0036,Bangla College,PLC0346,Shyamoli,2.1,forward,SRC_BRTA_METRO_FARES
BRTA_A_129_NO,PLC0346,Shyamoli,PLC0036,Bangla College,2.1,reverse,SRC_BRTA_METRO_FARES
BRTA_A_129_NO,PLC0346,Shyamoli,PLC0012,Asad Gate,1.5,forward,SRC_BRTA_METRO_FARES
BRTA_A_129_NO,PLC0012,Asad Gate,PLC0346,Shyamoli,1.5,reverse,SRC_BRTA_METRO_FARES
BRTA_A_129_NO,PLC0012,Asad Gate,PLC0344,Shukrabad,0.5,forward,SRC_BRTA_METRO_FARES
BRTA_A_129_NO,PLC0344,Shukrabad,PLC0012,Asad Gate,0.5,reverse,SRC_BRTA_METRO_FARES
BRTA_A_129_NO,PLC0344,Shukrabad,PLC0156,Kalabagan,0.7,forward,SRC_BRTA_METRO_FARES
BRTA_A_129_NO,PLC0156,Kalabagan,PLC0344,Shukrabad,0.7,reverse,SRC_BRTA_METRO_FARES
BRTA_A_129_NO,PLC0156,Kalabagan,PLC0329,Science Lab,1.8,forward,SRC_BRTA_METRO_FARES
BRTA_A_129_NO,PLC0329,Science Lab,PLC0156,Kalabagan,1.8,reverse,SRC_BRTA_METRO_FARES
BRTA_A_129_NO,PLC0329,Science Lab,PLC0331,Shahbag,1.2,forward,SRC_BRTA_METRO_FARES
BRTA_A_129_NO,PLC0331,Shahbag,PLC0329,Science Lab,1.2,reverse,SRC_BRTA_METRO_FARES
BRTA_A_129_NO,PLC0331,Shahbag,PLC0298,Press Club,1.6,forward,SRC_BRTA_METRO_FARES
BRTA_A_129_NO,PLC0298,Press Club,PLC0331,Shahbag,1.6,reverse,SRC_BRTA_METRO_FARES
BRTA_A_129_NO,PLC0298,Press Club,PLC0335,Shapla Chattar,2.4,forward,SRC_BRTA_METRO_FARES
BRTA_A_129_NO,PLC0335,Shapla Chattar,PLC0298,Press Club,2.4,reverse,SRC_BRTA_METRO_FARES
BRTA_A_129_NO,PLC0335,Shapla Chattar,PLC0164,Kamalapur,1.0,forward,SRC_BRTA_METRO_FARES
BRTA_A_129_NO,PLC0164,Kamalapur,PLC0335,Shapla Chattar,1.0,reverse,SRC_BRTA_METRO_FARES
BRTA_A_129_NO,PLC0164,Kamalapur,PLC0044,Basabo,2.8,forward,SRC_BRTA_METRO_FARES
BRTA_A_129_NO,PLC0044,Basabo,PLC0164,Kamalapur,2.8,reverse,SRC_BRTA_METRO_FARES
BRTA_A_129_NO,PLC0044,Basabo,PLC0191,Khilgaon Rail Gate,2.4,forward,SRC_BRTA_METRO_FARES
BRTA_A_129_NO,PLC0191,Khilgaon Rail Gate,PLC0044,Basabo,2.4,reverse,SRC_BRTA_METRO_FARES
BRTA_A_129_NO,PLC0191,Khilgaon Rail Gate,PLC0192,Khilgaon Taltala,2.4,forward,SRC_BRTA_METRO_FARES
BRTA_A_129_NO,PLC0192,Khilgaon Taltala,PLC0191,Khilgaon Rail Gate,2.4,reverse,SRC_BRTA_METRO_FARES
BRTA_A_131_NO,PLC0387,Zoo,PLC0239,Mirpur-1,1.8,forward,SRC_BRTA_METRO_FARES
BRTA_A_131_NO,PLC0239,Mirpur-1,PLC0387,Zoo,1.8,reverse,SRC_BRTA_METRO_FARES
BRTA_A_131_NO,PLC0239,Mirpur-1,PLC0080,Darussalam,2.0,forward,SRC_BRTA_METRO_FARES
BRTA_A_131_NO,PLC0080,Darussalam,PLC0239,Mirpur-1,2.0,reverse,SRC_BRTA_METRO_FARES
BRTA_A_131_NO,PLC0080,Darussalam,PLC0346,Shyamoli,1.6,forward,SRC_BRTA_METRO_FARES
BRTA_A_131_NO,PLC0346,Shyamoli,PLC0080,Darussalam,1.6,reverse,SRC_BRTA_METRO_FARES
BRTA_A_131_NO,PLC0346,Shyamoli,PLC0012,Asad Gate,1.8,forward,SRC_BRTA_METRO_FARES
BRTA_A_131_NO,PLC0012,Asad Gate,PLC0346,Shyamoli,1.8,reverse,SRC_BRTA_METRO_FARES
BRTA_A_131_NO,PLC0012,Asad Gate,PLC0112,Farmgate,1.8,forward,SRC_BRTA_METRO_FARES
BRTA_A_131_NO,PLC0112,Farmgate,PLC0012,Asad Gate,1.8,reverse,SRC_BRTA_METRO_FARES
BRTA_A_131_NO,PLC0112,Farmgate,PLC0298,Press Club,3.6,forward,SRC_BRTA_METRO_FARES
BRTA_A_131_NO,PLC0298,Press Club,PLC0112,Farmgate,3.6,reverse,SRC_BRTA_METRO_FARES
BRTA_A_131_NO,PLC0298,Press Club,PLC0125,Gulistan,1.1,forward,SRC_BRTA_METRO_FARES
BRTA_A_131_NO,PLC0125,Gulistan,PLC0298,Press Club,1.1,reverse,SRC_BRTA_METRO_FARES
BRTA_A_131_NO,PLC0125,Gulistan,PLC0380,Victoria Park,2.3,forward,SRC_BRTA_METRO_FARES
BRTA_A_131_NO,PLC0380,Victoria Park,PLC0125,Gulistan,2.3,reverse,SRC_BRTA_METRO_FARES
BRTA_A_132_NO,PLC0029,Baipail,PLC0169,Kamarpara,15.5,forward,SRC_BRTA_METRO_FARES
BRTA_A_132_NO,PLC0169,Kamarpara,PLC0029,Baipail,15.5,reverse,SRC_BRTA_METRO_FARES
BRTA_A_132_NO,PLC0169,Kamarpara,PLC0001,Abdullahpur,2.2,forward,SRC_BRTA_METRO_FARES
BRTA_A_132_NO,PLC0001,Abdullahpur,PLC0169,Kamarpara,2.2,reverse,SRC_BRTA_METRO_FARES
BRTA_A_132_NO,PLC0001,Abdullahpur,PLC0018,Azimpur,0.7,forward,SRC_BRTA_METRO_FARES
BRTA_A_132_NO,PLC0018,Azimpur,PLC0001,Abdullahpur,0.7,reverse,SRC_BRTA_METRO_FARES
BRTA_A_132_NO,PLC0018,Azimpur,PLC0005,Airport,2.3,forward,SRC_BRTA_METRO_FARES
BRTA_A_132_NO,PLC0005,Airport,PLC0018,Azimpur,2.3,reverse,SRC_BRTA_METRO_FARES
BRTA_A_132_NO,PLC0005,Airport,PLC0193,Khilkhet,2.8,forward,SRC_BRTA_METRO_FARES
BRTA_A_132_NO,PLC0193,Khilkhet,PLC0005,Airport,2.8,reverse,SRC_BRTA_METRO_FARES
BRTA_A_132_NO,PLC0193,Khilkhet,PLC0060,Bishwo Road,0.9,forward,SRC_BRTA_METRO_FARES
BRTA_A_132_NO,PLC0060,Bishwo Road,PLC0193,Khilkhet,0.9,reverse,SRC_BRTA_METRO_FARES
BRTA_A_132_NO,PLC0060,Bishwo Road,PLC0356,Staff Road,2.0,forward,SRC_BRTA_METRO_FARES
BRTA_A_132_NO,PLC0356,Staff Road,PLC0060,Bishwo Road,2.0,reverse,SRC_BRTA_METRO_FARES
BRTA_A_132_NO,PLC0356,Staff Road,PLC0154,Kakoli,2.0,forward,SRC_BRTA_METRO_FARES
BRTA_A_132_NO,PLC0154,Kakoli,PLC0356,Staff Road,2.0,reverse,SRC_BRTA_METRO_FARES
BRTA_A_132_NO,PLC0154,Kakoli,PLC0250,Mohakhali,1.8,forward,SRC_BRTA_METRO_FARES
BRTA_A_132_NO,PLC0250,Mohakhali,PLC0154,Kakoli,1.8,reverse,SRC_BRTA_METRO_FARES
BRTA_A_132_NO,PLC0250,Mohakhali,PLC0112,Farmgate,2.9,forward,SRC_BRTA_METRO_FARES
BRTA_A_132_NO,PLC0112,Farmgate,PLC0250,Mohakhali,2.9,reverse,SRC_BRTA_METRO_FARES
BRTA_A_132_NO,PLC0112,Farmgate,PLC0331,Shahbag,2.4,forward,SRC_BRTA_METRO_FARES
BRTA_A_132_NO,PLC0331,Shahbag,PLC0112,Farmgate,2.4,reverse,SRC_BRTA_METRO_FARES
BRTA_A_132_NO,PLC0331,Shahbag,PLC0298,Press Club,1.8,forward,SRC_BRTA_METRO_FARES
BRTA_A_132_NO,PLC0298,Press Club,PLC0331,Shahbag,1.8,reverse,SRC_BRTA_METRO_FARES
BRTA_A_132_NO,PLC0298,Press Club,PLC0113,Fulbaria,1.5,forward,SRC_BRTA_METRO_FARES
BRTA_A_132_NO,PLC0113,Fulbaria,PLC0298,Press Club,1.5,reverse,SRC_BRTA_METRO_FARES
BRTA_A_132_NO,PLC0113,Fulbaria,PLC0021,Babu Bazar Bridge,1.4,forward,SRC_BRTA_METRO_FARES
BRTA_A_132_NO,PLC0021,Babu Bazar Bridge,PLC0113,Fulbaria,1.4,reverse,SRC_BRTA_METRO_FARES
BRTA_A_132_NO,PLC0021,Babu Bazar Bridge,PLC0182,Keraniganj (New Jail),7.3,forward,SRC_BRTA_METRO_FARES
BRTA_A_132_NO,PLC0182,Keraniganj (New Jail),PLC0021,Babu Bazar Bridge,7.3,reverse,SRC_BRTA_METRO_FARES
BRTA_A_137_NO,PLC0327,Sayedabad,PLC0038,Bangladesh Bank,2.3,forward,SRC_BRTA_METRO_FARES
BRTA_A_137_NO,PLC0038,Bangladesh Bank,PLC0327,Sayedabad,2.3,reverse,SRC_BRTA_METRO_FARES
BRTA_A_137_NO,PLC0038,Bangladesh Bank,PLC0373,UBL,1.1,forward,SRC_BRTA_METRO_FARES
BRTA_A_137_NO,PLC0373,UBL,PLC0038,Bangladesh Bank,1.1,reverse,SRC_BRTA_METRO_FARES
BRTA_A_137_NO,PLC0373,UBL,PLC0298,Press Club,0.6,forward,SRC_BRTA_METRO_FARES
BRTA_A_137_NO,PLC0298,Press Club,PLC0373,UBL,0.6,reverse,SRC_BRTA_METRO_FARES
BRTA_A_137_NO,PLC0298,Press Club,PLC0331,Shahbag,1.2,forward,SRC_BRTA_METRO_FARES
BRTA_A_137_NO,PLC0331,Shahbag,PLC0298,Press Club,1.2,reverse,SRC_BRTA_METRO_FARES
BRTA_A_137_NO,PLC0331,Shahbag,PLC0112,Farmgate,2.3,forward,SRC_BRTA_METRO_FARES
BRTA_A_137_NO,PLC0112,Farmgate,PLC0331,Shahbag,2.3,reverse,SRC_BRTA_METRO_FARES
BRTA_A_137_NO,PLC0112,Farmgate,PLC0031,Balughat,7.1,forward,SRC_BRTA_METRO_FARES
BRTA_A_137_NO,PLC0031,Balughat,PLC0112,Farmgate,7.1,reverse,SRC_BRTA_METRO_FARES
BRTA_A_138_NO,PLC0378,Uttara (Raniganj),PLC0274,Natun Bazar,11.8,forward,SRC_BRTA_METRO_FARES
BRTA_A_138_NO,PLC0274,Natun Bazar,PLC0378,Uttara (Raniganj),11.8,reverse,SRC_BRTA_METRO_FARES
BRTA_A_138_NO,PLC0274,Natun Bazar,PLC0315,Rampura TV Center,3.4,forward,SRC_BRTA_METRO_FARES
BRTA_A_138_NO,PLC0315,Rampura TV Center,PLC0274,Natun Bazar,3.4,reverse,SRC_BRTA_METRO_FARES
BRTA_A_138_NO,PLC0315,Rampura TV Center,PLC0212,Malibagh,3.3,forward,SRC_BRTA_METRO_FARES
BRTA_A_138_NO,PLC0212,Malibagh,PLC0315,Rampura TV Center,3.3,reverse,SRC_BRTA_METRO_FARES
BRTA_A_138_NO,PLC0212,Malibagh,PLC0155,Kakrail,0.8,forward,SRC_BRTA_METRO_FARES
BRTA_A_138_NO,PLC0155,Kakrail,PLC0212,Malibagh,0.8,reverse,SRC_BRTA_METRO_FARES
BRTA_A_138_NO,PLC0155,Kakrail,PLC0034,Bangabandhu Avenue,1.7,forward,SRC_BRTA_METRO_FARES
BRTA_A_138_NO,PLC0034,Bangabandhu Avenue,PLC0155,Kakrail,1.7,reverse,SRC_BRTA_METRO_FARES
BRTA_A_138_NO,PLC0034,Bangabandhu Avenue,PLC0380,Victoria Park,2.3,forward,SRC_BRTA_METRO_FARES
BRTA_A_138_NO,PLC0380,Victoria Park,PLC0034,Bangabandhu Avenue,2.3,reverse,SRC_BRTA_METRO_FARES
BRTA_A_141_NO,PLC0063,Bonoshri,PLC0312,Rampura,2.5,forward,SRC_BRTA_METRO_FARES
BRTA_A_141_NO,PLC0312,Rampura,PLC0063,Bonoshri,2.5,reverse,SRC_BRTA_METRO_FARES
BRTA_A_141_NO,PLC0312,Rampura,PLC0250,Mohakhali,7.7,forward,SRC_BRTA_METRO_FARES
BRTA_A_141_NO,PLC0250,Mohakhali,PLC0312,Rampura,7.7,reverse,SRC_BRTA_METRO_FARES
BRTA_A_141_NO,PLC0250,Mohakhali,PLC0004,Agargaon,3.9,forward,SRC_BRTA_METRO_FARES
BRTA_A_141_NO,PLC0004,Agargaon,PLC0250,Mohakhali,3.9,reverse,SRC_BRTA_METRO_FARES
BRTA_A_141_NO,PLC0004,Agargaon,PLC0347,Shyamoli Ring Road,2.6,forward,SRC_BRTA_METRO_FARES
BRTA_A_141_NO,PLC0347,Shyamoli Ring Road,PLC0004,Agargaon,2.6,reverse,SRC_BRTA_METRO_FARES
BRTA_A_141_NO,PLC0347,Shyamoli Ring Road,PLC0258,Mohammadpur Shia Mosque,1.5,forward,SRC_BRTA_METRO_FARES
BRTA_A_141_NO,PLC0258,Mohammadpur Shia Mosque,PLC0347,Shyamoli Ring Road,1.5,reverse,SRC_BRTA_METRO_FARES
BRTA_A_142_NO,PLC0294,Pirjangi Mazar,PLC0166,Kamalapur Station,0.5,forward,SRC_BRTA_METRO_FARES
BRTA_A_142_NO,PLC0166,Kamalapur Station,PLC0294,Pirjangi Mazar,0.5,reverse,SRC_BRTA_METRO_FARES
BRTA_A_142_NO,PLC0166,Kamalapur Station,PLC0038,Bangladesh Bank,1.0,forward,SRC_BRTA_METRO_FARES
BRTA_A_142_NO,PLC0038,Bangladesh Bank,PLC0166,Kamalapur Station,1.0,reverse,SRC_BRTA_METRO_FARES
BRTA_A_142_NO,PLC0038,Bangladesh Bank,PLC0354,Stadium,1.3,forward,SRC_BRTA_METRO_FARES
BRTA_A_142_NO,PLC0354,Stadium,PLC0038,Bangladesh Bank,1.3,reverse,SRC_BRTA_METRO_FARES
BRTA_A_142_NO,PLC0354,Stadium,PLC0292,Palton,0.7,forward,SRC_BRTA_METRO_FARES
BRTA_A_142_NO,PLC0292,Palton,PLC0354,Stadium,0.7,reverse,SRC_BRTA_METRO_FARES
BRTA_A_142_NO,PLC0292,Palton,PLC0155,Kakrail,1.5,forward,SRC_BRTA_METRO_FARES
BRTA_A_142_NO,PLC0155,Kakrail,PLC0292,Palton,1.5,reverse,SRC_BRTA_METRO_FARES
BRTA_A_142_NO,PLC0155,Kakrail,PLC0212,Malibagh,0.9,forward,SRC_BRTA_METRO_FARES
BRTA_A_142_NO,PLC0212,Malibagh,PLC0155,Kakrail,0.9,reverse,SRC_BRTA_METRO_FARES
BRTA_A_142_NO,PLC0212,Malibagh,PLC0210,Magbazar,1.3,forward,SRC_BRTA_METRO_FARES
BRTA_A_142_NO,PLC0210,Magbazar,PLC0212,Malibagh,1.3,reverse,SRC_BRTA_METRO_FARES
BRTA_A_142_NO,PLC0210,Magbazar,PLC0037,Bangla Motor,1.0,forward,SRC_BRTA_METRO_FARES
BRTA_A_142_NO,PLC0037,Bangla Motor,PLC0210,Magbazar,1.0,reverse,SRC_BRTA_METRO_FARES
BRTA_A_142_NO,PLC0037,Bangla Motor,PLC0112,Farmgate,1.5,forward,SRC_BRTA_METRO_FARES
BRTA_A_142_NO,PLC0112,Farmgate,PLC0037,Bangla Motor,1.5,reverse,SRC_BRTA_METRO_FARES
BRTA_A_142_NO,PLC0112,Farmgate,PLC0250,Mohakhali,2.9,forward,SRC_BRTA_METRO_FARES
BRTA_A_142_NO,PLC0250,Mohakhali,PLC0112,Farmgate,2.9,reverse,SRC_BRTA_METRO_FARES
BRTA_A_142_NO,PLC0250,Mohakhali,PLC0129,Gulshan-1,1.9,forward,SRC_BRTA_METRO_FARES
BRTA_A_142_NO,PLC0129,Gulshan-1,PLC0250,Mohakhali,1.9,reverse,SRC_BRTA_METRO_FARES
BRTA_A_142_NO,PLC0129,Gulshan-1,PLC0130,Gulshan-2,1.6,forward,SRC_BRTA_METRO_FARES
BRTA_A_142_NO,PLC0130,Gulshan-2,PLC0129,Gulshan-1,1.6,reverse,SRC_BRTA_METRO_FARES
BRTA_A_142_NO,PLC0130,Gulshan-2,PLC0274,Natun Bazar,0.6,forward,SRC_BRTA_METRO_FARES
BRTA_A_142_NO,PLC0274,Natun Bazar,PLC0130,Gulshan-2,0.6,reverse,SRC_BRTA_METRO_FARES
BRTA_A_154_NO,PLC0387,Zoo,PLC0239,Mirpur-1,2.0,forward,SRC_BRTA_METRO_FARES
BRTA_A_154_NO,PLC0239,Mirpur-1,PLC0387,Zoo,2.0,reverse,SRC_BRTA_METRO_FARES
BRTA_A_154_NO,PLC0239,Mirpur-1,PLC0362,Technical,2.0,forward,SRC_BRTA_METRO_FARES
BRTA_A_154_NO,PLC0362,Technical,PLC0239,Mirpur-1,2.0,reverse,SRC_BRTA_METRO_FARES
BRTA_A_154_NO,PLC0362,Technical,PLC0346,Shyamoli,1.8,forward,SRC_BRTA_METRO_FARES
BRTA_A_154_NO,PLC0346,Shyamoli,PLC0362,Technical,1.8,reverse,SRC_BRTA_METRO_FARES
BRTA_A_154_NO,PLC0346,Shyamoli,PLC0012,Asad Gate,1.5,forward,SRC_BRTA_METRO_FARES
BRTA_A_154_NO,PLC0012,Asad Gate,PLC0346,Shyamoli,1.5,reverse,SRC_BRTA_METRO_FARES
BRTA_A_154_NO,PLC0012,Asad Gate,PLC0156,Kalabagan,1.2,forward,SRC_BRTA_METRO_FARES
BRTA_A_154_NO,PLC0156,Kalabagan,PLC0012,Asad Gate,1.2,reverse,SRC_BRTA_METRO_FARES
BRTA_A_154_NO,PLC0156,Kalabagan,PLC0329,Science Lab,1.8,forward,SRC_BRTA_METRO_FARES
BRTA_A_154_NO,PLC0329,Science Lab,PLC0156,Kalabagan,1.8,reverse,SRC_BRTA_METRO_FARES
BRTA_A_154_NO,PLC0329,Science Lab,PLC0331,Shahbag,1.2,forward,SRC_BRTA_METRO_FARES
BRTA_A_154_NO,PLC0331,Shahbag,PLC0329,Science Lab,1.2,reverse,SRC_BRTA_METRO_FARES
BRTA_A_154_NO,PLC0331,Shahbag,PLC0298,Press Club,1.1,forward,SRC_BRTA_METRO_FARES
BRTA_A_154_NO,PLC0298,Press Club,PLC0331,Shahbag,1.1,reverse,SRC_BRTA_METRO_FARES
BRTA_A_154_NO,PLC0298,Press Club,PLC0125,Gulistan,1.1,forward,SRC_BRTA_METRO_FARES
BRTA_A_154_NO,PLC0125,Gulistan,PLC0298,Press Club,1.1,reverse,SRC_BRTA_METRO_FARES
BRTA_A_154_NO,PLC0125,Gulistan,PLC0263,Motijheel (Shapla Chattar),1.0,forward,SRC_BRTA_METRO_FARES
BRTA_A_154_NO,PLC0263,Motijheel (Shapla Chattar),PLC0125,Gulistan,1.0,reverse,SRC_BRTA_METRO_FARES
BRTA_A_154_NO,PLC0263,Motijheel (Shapla Chattar),PLC0164,Kamalapur,1.0,forward,SRC_BRTA_METRO_FARES
BRTA_A_154_NO,PLC0164,Kamalapur,PLC0263,Motijheel (Shapla Chattar),1.0,reverse,SRC_BRTA_METRO_FARES
BRTA_A_154_NO,PLC0164,Kamalapur,PLC0364,Tikatapara,1.0,forward,SRC_BRTA_METRO_FARES
BRTA_A_154_NO,PLC0364,Tikatapara,PLC0164,Kamalapur,1.0,reverse,SRC_BRTA_METRO_FARES
BRTA_A_154_NO,PLC0364,Tikatapara,PLC0327,Sayedabad,2.0,forward,SRC_BRTA_METRO_FARES
BRTA_A_154_NO,PLC0327,Sayedabad,PLC0364,Tikatapara,2.0,reverse,SRC_BRTA_METRO_FARES
BRTA_A_154_NO,PLC0327,Sayedabad,PLC0143,Jatrabari,1.0,forward,SRC_BRTA_METRO_FARES
BRTA_A_154_NO,PLC0143,Jatrabari,PLC0327,Sayedabad,1.0,reverse,SRC_BRTA_METRO_FARES
BRTA_A_154_NO,PLC0143,Jatrabari,PLC0332,Shanir Akhra,1.0,forward,SRC_BRTA_METRO_FARES
BRTA_A_154_NO,PLC0332,Shanir Akhra,PLC0143,Jatrabari,1.0,reverse,SRC_BRTA_METRO_FARES
BRTA_A_154_NO,PLC0332,Shanir Akhra,PLC0348,Signboard,5.8,forward,SRC_BRTA_METRO_FARES
BRTA_A_154_NO,PLC0348,Signboard,PLC0332,Shanir Akhra,5.8,reverse,SRC_BRTA_METRO_FARES
BRTA_A_157_NO,PLC0063,Bonoshri,PLC0264,Mouchak,5.8,forward,SRC_BRTA_METRO_FARES
BRTA_A_157_NO,PLC0264,Mouchak,PLC0063,Bonoshri,5.8,reverse,SRC_BRTA_METRO_FARES
BRTA_A_157_NO,PLC0264,Mouchak,PLC0155,Kakrail,0.9,forward,SRC_BRTA_METRO_FARES
BRTA_A_157_NO,PLC0155,Kakrail,PLC0264,Mouchak,0.9,reverse,SRC_BRTA_METRO_FARES
BRTA_A_157_NO,PLC0155,Kakrail,PLC0331,Shahbag,2.1,forward,SRC_BRTA_METRO_FARES
BRTA_A_157_NO,PLC0331,Shahbag,PLC0155,Kakrail,2.1,reverse,SRC_BRTA_METRO_FARES
BRTA_A_157_NO,PLC0331,Shahbag,PLC0329,Science Lab,1.2,forward,SRC_BRTA_METRO_FARES
BRTA_A_157_NO,PLC0329,Science Lab,PLC0331,Shahbag,1.2,reverse,SRC_BRTA_METRO_FARES
BRTA_A_157_NO,PLC0329,Science Lab,PLC0144,Jigatola,1.1,forward,SRC_BRTA_METRO_FARES
BRTA_A_157_NO,PLC0144,Jigatola,PLC0329,Science Lab,1.1,reverse,SRC_BRTA_METRO_FARES
BRTA_A_157_NO,PLC0144,Jigatola,PLC0254,Mohammadpur (Asad Avenue),2.9,forward,SRC_BRTA_METRO_FARES
BRTA_A_157_NO,PLC0254,Mohammadpur (Asad Avenue),PLC0144,Jigatola,2.9,reverse,SRC_BRTA_METRO_FARES
BRTA_A_160_NO,PLC0256,Mohammadpur (Japan Garden City),PLC0346,Shyamoli,2.8,forward,SRC_BRTA_METRO_FARES
BRTA_A_160_NO,PLC0346,Shyamoli,PLC0256,Mohammadpur (Japan Garden City),2.8,reverse,SRC_BRTA_METRO_FARES
BRTA_A_160_NO,PLC0346,Shyamoli,PLC0012,Asad Gate,1.6,forward,SRC_BRTA_METRO_FARES
BRTA_A_160_NO,PLC0012,Asad Gate,PLC0346,Shyamoli,1.6,reverse,SRC_BRTA_METRO_FARES
BRTA_A_160_NO,PLC0012,Asad Gate,PLC0329,Science Lab,2.7,forward,SRC_BRTA_METRO_FARES
BRTA_A_160_NO,PLC0329,Science Lab,PLC0012,Asad Gate,2.7,reverse,SRC_BRTA_METRO_FARES
BRTA_A_160_NO,PLC0329,Science Lab,PLC0331,Shahbag,1.5,forward,SRC_BRTA_METRO_FARES
BRTA_A_160_NO,PLC0331,Shahbag,PLC0329,Science Lab,1.5,reverse,SRC_BRTA_METRO_FARES
BRTA_A_160_NO,PLC0331,Shahbag,PLC0155,Kakrail,1.5,forward,SRC_BRTA_METRO_FARES
BRTA_A_160_NO,PLC0155,Kakrail,PLC0331,Shahbag,1.5,reverse,SRC_BRTA_METRO_FARES
BRTA_A_160_NO,PLC0155,Kakrail,PLC0109,Fakirapool,1.2,forward,SRC_BRTA_METRO_FARES
BRTA_A_160_NO,PLC0109,Fakirapool,PLC0155,Kakrail,1.2,reverse,SRC_BRTA_METRO_FARES
BRTA_A_160_NO,PLC0109,Fakirapool,PLC0038,Bangladesh Bank,1.1,forward,SRC_BRTA_METRO_FARES
BRTA_A_160_NO,PLC0038,Bangladesh Bank,PLC0109,Fakirapool,1.1,reverse,SRC_BRTA_METRO_FARES
BRTA_A_160_NO,PLC0038,Bangladesh Bank,PLC0081,Dayaganj Road,1.5,forward,SRC_BRTA_METRO_FARES
BRTA_A_160_NO,PLC0081,Dayaganj Road,PLC0038,Bangladesh Bank,1.5,reverse,SRC_BRTA_METRO_FARES
BRTA_A_160_NO,PLC0081,Dayaganj Road,PLC0295,Postgola,2.3,forward,SRC_BRTA_METRO_FARES
BRTA_A_160_NO,PLC0295,Postgola,PLC0081,Dayaganj Road,2.3,reverse,SRC_BRTA_METRO_FARES
BRTA_A_161_NO,PLC0119,Ghatarchar,PLC0253,Mohammadpur,6.0,forward,SRC_BRTA_METRO_FARES
BRTA_A_161_NO,PLC0253,Mohammadpur,PLC0119,Ghatarchar,6.0,reverse,SRC_BRTA_METRO_FARES
BRTA_A_161_NO,PLC0253,Mohammadpur,PLC0333,Shankar,0.9,forward,SRC_BRTA_METRO_FARES
BRTA_A_161_NO,PLC0333,Shankar,PLC0253,Mohammadpur,0.9,reverse,SRC_BRTA_METRO_FARES
BRTA_A_161_NO,PLC0333,Shankar,PLC0092,Dhanmondi-15,0.8,forward,SRC_BRTA_METRO_FARES
BRTA_A_161_NO,PLC0092,Dhanmondi-15,PLC0333,Shankar,0.8,reverse,SRC_BRTA_METRO_FARES
BRTA_A_161_NO,PLC0092,Dhanmondi-15,PLC0144,Jigatola,0.7,forward,SRC_BRTA_METRO_FARES
BRTA_A_161_NO,PLC0144,Jigatola,PLC0092,Dhanmondi-15,0.7,reverse,SRC_BRTA_METRO_FARES
BRTA_A_161_NO,PLC0144,Jigatola,PLC0085,Dhaka City College,0.8,forward,SRC_BRTA_METRO_FARES
BRTA_A_161_NO,PLC0085,Dhaka City College,PLC0144,Jigatola,0.8,reverse,SRC_BRTA_METRO_FARES
BRTA_A_161_NO,PLC0085,Dhaka City College,PLC0329,Science Lab,0.4,forward,SRC_BRTA_METRO_FARES
BRTA_A_161_NO,PLC0329,Science Lab,PLC0085,Dhaka City College,0.4,reverse,SRC_BRTA_METRO_FARES
BRTA_A_161_NO,PLC0329,Science Lab,PLC0086,Dhaka College,0.2,forward,SRC_BRTA_METRO_FARES
BRTA_A_161_NO,PLC0086,Dhaka College,PLC0329,Science Lab,0.2,reverse,SRC_BRTA_METRO_FARES
BRTA_A_161_NO,PLC0086,Dhaka College,PLC0279,New Market,0.4,forward,SRC_BRTA_METRO_FARES
BRTA_A_161_NO,PLC0279,New Market,PLC0086,Dhaka College,0.4,reverse,SRC_BRTA_METRO_FARES
BRTA_A_161_NO,PLC0279,New Market,PLC0018,Azimpur,0.7,forward,SRC_BRTA_METRO_FARES
BRTA_A_161_NO,PLC0018,Azimpur,PLC0279,New Market,0.7,reverse,SRC_BRTA_METRO_FARES
BRTA_A_161_NO,PLC0018,Azimpur,PLC0280,Nilkhet,1.0,forward,SRC_BRTA_METRO_FARES
BRTA_A_161_NO,PLC0280,Nilkhet,PLC0018,Azimpur,1.0,reverse,SRC_BRTA_METRO_FARES
BRTA_A_161_NO,PLC0280,Nilkhet,PLC0097,Dhupkhola,8.6,forward,SRC_BRTA_METRO_FARES
BRTA_A_161_NO,PLC0097,Dhupkhola,PLC0280,Nilkhet,8.6,reverse,SRC_BRTA_METRO_FARES
BRTA_A_166_NO,PLC0253,Mohammadpur,PLC0371,Town Hall,1.4,forward,SRC_BRTA_METRO_FARES
BRTA_A_166_NO,PLC0371,Town Hall,PLC0253,Mohammadpur,1.4,reverse,SRC_BRTA_METRO_FARES
BRTA_A_166_NO,PLC0371,Town Hall,PLC0012,Asad Gate,1.0,forward,SRC_BRTA_METRO_FARES
BRTA_A_166_NO,PLC0012,Asad Gate,PLC0371,Town Hall,1.0,reverse,SRC_BRTA_METRO_FARES
BRTA_A_166_NO,PLC0012,Asad Gate,PLC0112,Farmgate,1.5,forward,SRC_BRTA_METRO_FARES
BRTA_A_166_NO,PLC0112,Farmgate,PLC0012,Asad Gate,1.5,reverse,SRC_BRTA_METRO_FARES
BRTA_A_166_NO,PLC0112,Farmgate,PLC0250,Mohakhali,3.1,forward,SRC_BRTA_METRO_FARES
BRTA_A_166_NO,PLC0250,Mohakhali,PLC0112,Farmgate,3.1,reverse,SRC_BRTA_METRO_FARES
BRTA_A_166_NO,PLC0250,Mohakhali,PLC0366,Titumir College,0.8,forward,SRC_BRTA_METRO_FARES
BRTA_A_166_NO,PLC0366,Titumir College,PLC0250,Mohakhali,0.8,reverse,SRC_BRTA_METRO_FARES
BRTA_A_166_NO,PLC0366,Titumir College,PLC0129,Gulshan-1,1.0,forward,SRC_BRTA_METRO_FARES
BRTA_A_166_NO,PLC0129,Gulshan-1,PLC0366,Titumir College,1.0,reverse,SRC_BRTA_METRO_FARES
BRTA_A_166_NO,PLC0129,Gulshan-1,PLC0232,Middle Badda,0.9,forward,SRC_BRTA_METRO_FARES
BRTA_A_166_NO,PLC0232,Middle Badda,PLC0129,Gulshan-1,0.9,reverse,SRC_BRTA_METRO_FARES
BRTA_A_166_NO,PLC0232,Middle Badda,PLC0376,Uttar Badda,1.2,forward,SRC_BRTA_METRO_FARES
BRTA_A_166_NO,PLC0376,Uttar Badda,PLC0232,Middle Badda,1.2,reverse,SRC_BRTA_METRO_FARES
BRTA_A_166_NO,PLC0376,Uttar Badda,PLC0274,Natun Bazar,0.2,forward,SRC_BRTA_METRO_FARES
BRTA_A_166_NO,PLC0274,Natun Bazar,PLC0376,Uttar Badda,0.2,reverse,SRC_BRTA_METRO_FARES
BRTA_A_166_NO,PLC0274,Natun Bazar,PLC0045,Bashundhara,1.9,forward,SRC_BRTA_METRO_FARES
BRTA_A_166_NO,PLC0045,Bashundhara,PLC0274,Natun Bazar,1.9,reverse,SRC_BRTA_METRO_FARES
BRTA_A_166_NO,PLC0045,Bashundhara,PLC0282,Norda,0.6,forward,SRC_BRTA_METRO_FARES
BRTA_A_166_NO,PLC0282,Norda,PLC0045,Bashundhara,0.6,reverse,SRC_BRTA_METRO_FARES
BRTA_A_166_NO,PLC0282,Norda,PLC0203,Kuril Bishwa Road,0.5,forward,SRC_BRTA_METRO_FARES
BRTA_A_166_NO,PLC0203,Kuril Bishwa Road,PLC0282,Norda,0.5,reverse,SRC_BRTA_METRO_FARES
BRTA_A_166_NO,PLC0203,Kuril Bishwa Road,PLC0193,Khilkhet,0.5,forward,SRC_BRTA_METRO_FARES
BRTA_A_166_NO,PLC0193,Khilkhet,PLC0203,Kuril Bishwa Road,0.5,reverse,SRC_BRTA_METRO_FARES
BRTA_A_166_NO,PLC0193,Khilkhet,PLC0278,New Airport,2.6,forward,SRC_BRTA_METRO_FARES
BRTA_A_166_NO,PLC0278,New Airport,PLC0193,Khilkhet,2.6,reverse,SRC_BRTA_METRO_FARES
BRTA_A_166_NO,PLC0278,New Airport,PLC0309,Rajlaxmi,1.5,forward,SRC_BRTA_METRO_FARES
BRTA_A_166_NO,PLC0309,Rajlaxmi,PLC0278,New Airport,1.5,reverse,SRC_BRTA_METRO_FARES
BRTA_A_166_NO,PLC0309,Rajlaxmi,PLC0135,House Building,1.8,forward,SRC_BRTA_METRO_FARES
BRTA_A_166_NO,PLC0135,House Building,PLC0309,Rajlaxmi,1.8,reverse,SRC_BRTA_METRO_FARES
BRTA_A_173_NO,PLC0021,Babu Bazar Bridge,PLC0113,Fulbaria,3.0,forward,SRC_BRTA_METRO_FARES
BRTA_A_173_NO,PLC0113,Fulbaria,PLC0021,Babu Bazar Bridge,3.0,reverse,SRC_BRTA_METRO_FARES
BRTA_A_173_NO,PLC0113,Fulbaria,PLC0292,Palton,1.0,forward,SRC_BRTA_METRO_FARES
BRTA_A_173_NO,PLC0292,Palton,PLC0113,Fulbaria,1.0,reverse,SRC_BRTA_METRO_FARES
BRTA_A_173_NO,PLC0292,Palton,PLC0310,Rajmoni,1.0,forward,SRC_BRTA_METRO_FARES
BRTA_A_173_NO,PLC0310,Rajmoni,PLC0292,Palton,1.0,reverse,SRC_BRTA_METRO_FARES
BRTA_A_173_NO,PLC0310,Rajmoni,PLC0212,Malibagh,1.2,forward,SRC_BRTA_METRO_FARES
BRTA_A_173_NO,PLC0212,Malibagh,PLC0310,Rajmoni,1.2,reverse,SRC_BRTA_METRO_FARES
BRTA_A_173_NO,PLC0212,Malibagh,PLC0264,Mouchak,0.4,forward,SRC_BRTA_METRO_FARES
BRTA_A_173_NO,PLC0264,Mouchak,PLC0212,Malibagh,0.4,reverse,SRC_BRTA_METRO_FARES
BRTA_A_173_NO,PLC0264,Mouchak,PLC0003,Abul Hotel,1.0,forward,SRC_BRTA_METRO_FARES
BRTA_A_173_NO,PLC0003,Abul Hotel,PLC0264,Mouchak,1.0,reverse,SRC_BRTA_METRO_FARES
BRTA_A_173_NO,PLC0003,Abul Hotel,PLC0372,TV Center,1.0,forward,SRC_BRTA_METRO_FARES
BRTA_A_173_NO,PLC0372,TV Center,PLC0003,Abul Hotel,1.0,reverse,SRC_BRTA_METRO_FARES
BRTA_A_173_NO,PLC0372,TV Center,PLC0232,Middle Badda,2.0,forward,SRC_BRTA_METRO_FARES
BRTA_A_173_NO,PLC0232,Middle Badda,PLC0372,TV Center,2.0,reverse,SRC_BRTA_METRO_FARES
BRTA_A_173_NO,PLC0232,Middle Badda,PLC0274,Natun Bazar,2.0,forward,SRC_BRTA_METRO_FARES
BRTA_A_173_NO,PLC0274,Natun Bazar,PLC0232,Middle Badda,2.0,reverse,SRC_BRTA_METRO_FARES
BRTA_A_173_NO,PLC0274,Natun Bazar,PLC0203,Kuril Bishwa Road,2.5,forward,SRC_BRTA_METRO_FARES
BRTA_A_173_NO,PLC0203,Kuril Bishwa Road,PLC0274,Natun Bazar,2.5,reverse,SRC_BRTA_METRO_FARES
BRTA_A_173_NO,PLC0203,Kuril Bishwa Road,PLC0005,Airport,3.6,forward,SRC_BRTA_METRO_FARES
BRTA_A_173_NO,PLC0005,Airport,PLC0203,Kuril Bishwa Road,3.6,reverse,SRC_BRTA_METRO_FARES
BRTA_A_173_NO,PLC0005,Airport,PLC0018,Azimpur,2.5,forward,SRC_BRTA_METRO_FARES
BRTA_A_173_NO,PLC0018,Azimpur,PLC0005,Airport,2.5,reverse,SRC_BRTA_METRO_FARES
BRTA_A_173_NO,PLC0018,Azimpur,PLC0001,Abdullahpur,1.0,forward,SRC_BRTA_METRO_FARES
BRTA_A_173_NO,PLC0001,Abdullahpur,PLC0018,Azimpur,1.0,reverse,SRC_BRTA_METRO_FARES
BRTA_A_173_NO,PLC0001,Abdullahpur,PLC0096,Dhowr Bridge,3.0,forward,SRC_BRTA_METRO_FARES
BRTA_A_173_NO,PLC0096,Dhowr Bridge,PLC0001,Abdullahpur,3.0,reverse,SRC_BRTA_METRO_FARES
BRTA_A_181_NO,PLC0326,Savar,PLC0132,Hemayetpur,6.7,forward,SRC_BRTA_METRO_FARES
BRTA_A_181_NO,PLC0132,Hemayetpur,PLC0326,Savar,6.7,reverse,SRC_BRTA_METRO_FARES
BRTA_A_181_NO,PLC0132,Hemayetpur,PLC0114,Gabtoli,7.6,forward,SRC_BRTA_METRO_FARES
BRTA_A_181_NO,PLC0114,Gabtoli,PLC0132,Hemayetpur,7.6,reverse,SRC_BRTA_METRO_FARES
BRTA_A_181_NO,PLC0114,Gabtoli,PLC0362,Technical,1.0,forward,SRC_BRTA_METRO_FARES
BRTA_A_181_NO,PLC0362,Technical,PLC0114,Gabtoli,1.0,reverse,SRC_BRTA_METRO_FARES
BRTA_A_181_NO,PLC0362,Technical,PLC0250,Mohakhali,7.7,forward,SRC_BRTA_METRO_FARES
BRTA_A_181_NO,PLC0250,Mohakhali,PLC0362,Technical,7.7,reverse,SRC_BRTA_METRO_FARES
BRTA_A_181_NO,PLC0250,Mohakhali,PLC0129,Gulshan-1,2.6,forward,SRC_BRTA_METRO_FARES
BRTA_A_181_NO,PLC0129,Gulshan-1,PLC0250,Mohakhali,2.6,reverse,SRC_BRTA_METRO_FARES
BRTA_A_181_NO,PLC0129,Gulshan-1,PLC0274,Natun Bazar,2.2,forward,SRC_BRTA_METRO_FARES
BRTA_A_181_NO,PLC0274,Natun Bazar,PLC0129,Gulshan-1,2.2,reverse,SRC_BRTA_METRO_FARES
BRTA_A_182_NO,PLC0244,Mirpur-14,PLC0240,Mirpur-10,2.3,forward,SRC_BRTA_METRO_FARES
BRTA_A_182_NO,PLC0240,Mirpur-10,PLC0244,Mirpur-14,2.3,reverse,SRC_BRTA_METRO_FARES
BRTA_A_182_NO,PLC0240,Mirpur-10,PLC0239,Mirpur-1,1.9,forward,SRC_BRTA_METRO_FARES
BRTA_A_182_NO,PLC0239,Mirpur-1,PLC0240,Mirpur-10,1.9,reverse,SRC_BRTA_METRO_FARES
BRTA_A_182_NO,PLC0239,Mirpur-1,PLC0299,Priyangan Gate,0.6,forward,SRC_BRTA_METRO_FARES
BRTA_A_182_NO,PLC0299,Priyangan Gate,PLC0239,Mirpur-1,0.6,reverse,SRC_BRTA_METRO_FARES
BRTA_A_182_NO,PLC0299,Priyangan Gate,PLC0103,Eastern Housing,4.2,forward,SRC_BRTA_METRO_FARES
BRTA_A_182_NO,PLC0103,Eastern Housing,PLC0299,Priyangan Gate,4.2,reverse,SRC_BRTA_METRO_FARES
BRTA_A_182_NO,PLC0103,Eastern Housing,PLC0095,Dhowr,8.5,forward,SRC_BRTA_METRO_FARES
BRTA_A_182_NO,PLC0095,Dhowr,PLC0103,Eastern Housing,8.5,reverse,SRC_BRTA_METRO_FARES
BRTA_A_182_NO,PLC0095,Dhowr,PLC0385,Zirab,5.5,forward,SRC_BRTA_METRO_FARES
BRTA_A_182_NO,PLC0385,Zirab,PLC0095,Dhowr,5.5,reverse,SRC_BRTA_METRO_FARES
BRTA_A_182_NO,PLC0385,Zirab,PLC0110,Fantasy,4.2,forward,SRC_BRTA_METRO_FARES
BRTA_A_182_NO,PLC0110,Fantasy,PLC0385,Zirab,4.2,reverse,SRC_BRTA_METRO_FARES
BRTA_A_182_NO,PLC0110,Fantasy,PLC0029,Baipail,2.3,forward,SRC_BRTA_METRO_FARES
BRTA_A_182_NO,PLC0029,Baipail,PLC0110,Fantasy,2.3,reverse,SRC_BRTA_METRO_FARES
BRTA_A_182_NO,PLC0029,Baipail,PLC0108,EPZ,1.5,forward,SRC_BRTA_METRO_FARES
BRTA_A_182_NO,PLC0108,EPZ,PLC0029,Baipail,1.5,reverse,SRC_BRTA_METRO_FARES
BRTA_A_182_NO,PLC0108,EPZ,PLC0386,Zirani,5.0,forward,SRC_BRTA_METRO_FARES
BRTA_A_182_NO,PLC0386,Zirani,PLC0108,EPZ,5.0,reverse,SRC_BRTA_METRO_FARES
BRTA_A_182_NO,PLC0386,Zirani,PLC0269,Nandan Park,4.0,forward,SRC_BRTA_METRO_FARES
BRTA_A_182_NO,PLC0269,Nandan Park,PLC0386,Zirani,4.0,reverse,SRC_BRTA_METRO_FARES
BRTA_A_182_NO,PLC0269,Nandan Park,PLC0070,Chandra,2.5,forward,SRC_BRTA_METRO_FARES
BRTA_A_182_NO,PLC0070,Chandra,PLC0269,Nandan Park,2.5,reverse,SRC_BRTA_METRO_FARES
BRTA_A_190_NO,PLC0108,EPZ,PLC0114,Gabtoli,25.9,forward,SRC_BRTA_METRO_FARES
BRTA_A_190_NO,PLC0114,Gabtoli,PLC0108,EPZ,25.9,reverse,SRC_BRTA_METRO_FARES
BRTA_A_190_NO,PLC0114,Gabtoli,PLC0163,Kalyanpur,2.4,forward,SRC_BRTA_METRO_FARES
BRTA_A_190_NO,PLC0163,Kalyanpur,PLC0114,Gabtoli,2.4,reverse,SRC_BRTA_METRO_FARES
BRTA_A_190_NO,PLC0163,Kalyanpur,PLC0078,College Gate,1.3,forward,SRC_BRTA_METRO_FARES
BRTA_A_190_NO,PLC0078,College Gate,PLC0163,Kalyanpur,1.3,reverse,SRC_BRTA_METRO_FARES
BRTA_A_190_NO,PLC0078,College Gate,PLC0112,Farmgate,2.8,forward,SRC_BRTA_METRO_FARES
BRTA_A_190_NO,PLC0112,Farmgate,PLC0078,College Gate,2.8,reverse,SRC_BRTA_METRO_FARES
BRTA_A_190_NO,PLC0112,Farmgate,PLC0038,Bangladesh Bank,5.6,forward,SRC_BRTA_METRO_FARES
BRTA_A_190_NO,PLC0038,Bangladesh Bank,PLC0112,Farmgate,5.6,reverse,SRC_BRTA_METRO_FARES
BRTA_A_190_NO,PLC0038,Bangladesh Bank,PLC0327,Sayedabad,2.0,forward,SRC_BRTA_METRO_FARES
BRTA_A_190_NO,PLC0327,Sayedabad,PLC0038,Bangladesh Bank,2.0,reverse,SRC_BRTA_METRO_FARES
BRTA_A_190_NO,PLC0327,Sayedabad,PLC0207,Link Road,6.2,forward,SRC_BRTA_METRO_FARES
BRTA_A_190_NO,PLC0207,Link Road,PLC0327,Sayedabad,6.2,reverse,SRC_BRTA_METRO_FARES
BRTA_A_192_NO,PLC0108,EPZ,PLC0326,Savar,12.8,forward,SRC_BRTA_METRO_FARES
BRTA_A_192_NO,PLC0326,Savar,PLC0108,EPZ,12.8,reverse,SRC_BRTA_METRO_FARES
BRTA_A_192_NO,PLC0326,Savar,PLC0114,Gabtoli,13.1,forward,SRC_BRTA_METRO_FARES
BRTA_A_192_NO,PLC0114,Gabtoli,PLC0326,Savar,13.1,reverse,SRC_BRTA_METRO_FARES
BRTA_A_192_NO,PLC0114,Gabtoli,PLC0163,Kalyanpur,2.4,forward,SRC_BRTA_METRO_FARES
BRTA_A_192_NO,PLC0163,Kalyanpur,PLC0114,Gabtoli,2.4,reverse,SRC_BRTA_METRO_FARES
BRTA_A_192_NO,PLC0163,Kalyanpur,PLC0078,College Gate,1.3,forward,SRC_BRTA_METRO_FARES
BRTA_A_192_NO,PLC0078,College Gate,PLC0163,Kalyanpur,1.3,reverse,SRC_BRTA_METRO_FARES
BRTA_A_192_NO,PLC0078,College Gate,PLC0112,Farmgate,2.8,forward,SRC_BRTA_METRO_FARES
BRTA_A_192_NO,PLC0112,Farmgate,PLC0078,College Gate,2.8,reverse,SRC_BRTA_METRO_FARES
BRTA_A_192_NO,PLC0112,Farmgate,PLC0037,Bangla Motor,1.6,forward,SRC_BRTA_METRO_FARES
BRTA_A_192_NO,PLC0037,Bangla Motor,PLC0112,Farmgate,1.6,reverse,SRC_BRTA_METRO_FARES
BRTA_A_192_NO,PLC0037,Bangla Motor,PLC0210,Magbazar,1.3,forward,SRC_BRTA_METRO_FARES
BRTA_A_192_NO,PLC0210,Magbazar,PLC0037,Bangla Motor,1.3,reverse,SRC_BRTA_METRO_FARES
BRTA_A_192_NO,PLC0210,Magbazar,PLC0212,Malibagh,1.0,forward,SRC_BRTA_METRO_FARES
BRTA_A_192_NO,PLC0212,Malibagh,PLC0210,Magbazar,1.0,reverse,SRC_BRTA_METRO_FARES
BRTA_A_192_NO,PLC0212,Malibagh,PLC0044,Basabo,2.4,forward,SRC_BRTA_METRO_FARES
BRTA_A_192_NO,PLC0044,Basabo,PLC0212,Malibagh,2.4,reverse,SRC_BRTA_METRO_FARES
BRTA_A_192_NO,PLC0044,Basabo,PLC0148,Jonopoth,3.0,forward,SRC_BRTA_METRO_FARES
BRTA_A_192_NO,PLC0148,Jonopoth,PLC0044,Basabo,3.0,reverse,SRC_BRTA_METRO_FARES
BRTA_A_192_NO,PLC0148,Jonopoth,PLC0143,Jatrabari,0.6,forward,SRC_BRTA_METRO_FARES
BRTA_A_192_NO,PLC0143,Jatrabari,PLC0148,Jonopoth,0.6,reverse,SRC_BRTA_METRO_FARES
BRTA_A_192_NO,PLC0143,Jatrabari,PLC0272,Narayanganj Link Road,5.2,forward,SRC_BRTA_METRO_FARES
BRTA_A_192_NO,PLC0272,Narayanganj Link Road,PLC0143,Jatrabari,5.2,reverse,SRC_BRTA_METRO_FARES
BRTA_A_202_NO,PLC0326,Savar,PLC0114,Gabtoli,13.8,forward,SRC_BRTA_METRO_FARES
BRTA_A_202_NO,PLC0114,Gabtoli,PLC0326,Savar,13.8,reverse,SRC_BRTA_METRO_FARES
BRTA_A_202_NO,PLC0114,Gabtoli,PLC0239,Mirpur-1,3.1,forward,SRC_BRTA_METRO_FARES
BRTA_A_202_NO,PLC0239,Mirpur-1,PLC0114,Gabtoli,3.1,reverse,SRC_BRTA_METRO_FARES
BRTA_A_202_NO,PLC0239,Mirpur-1,PLC0240,Mirpur-10,1.9,forward,SRC_BRTA_METRO_FARES
BRTA_A_202_NO,PLC0240,Mirpur-10,PLC0239,Mirpur-1,1.9,reverse,SRC_BRTA_METRO_FARES
BRTA_A_202_NO,PLC0240,Mirpur-10,PLC0250,Mohakhali,7.5,forward,SRC_BRTA_METRO_FARES
BRTA_A_202_NO,PLC0250,Mohakhali,PLC0240,Mirpur-10,7.5,reverse,SRC_BRTA_METRO_FARES
BRTA_A_202_NO,PLC0250,Mohakhali,PLC0129,Gulshan-1,2.4,forward,SRC_BRTA_METRO_FARES
BRTA_A_202_NO,PLC0129,Gulshan-1,PLC0250,Mohakhali,2.4,reverse,SRC_BRTA_METRO_FARES
BRTA_A_202_NO,PLC0129,Gulshan-1,PLC0063,Bonoshri,6.3,forward,SRC_BRTA_METRO_FARES
BRTA_A_202_NO,PLC0063,Bonoshri,PLC0129,Gulshan-1,6.3,reverse,SRC_BRTA_METRO_FARES
BRTA_A_202_NO,PLC0063,Bonoshri,PLC0007,Amulia Staff Quarter,8.0,forward,SRC_BRTA_METRO_FARES
BRTA_A_202_NO,PLC0007,Amulia Staff Quarter,PLC0063,Bonoshri,8.0,reverse,SRC_BRTA_METRO_FARES
BRTA_A_207_NO,PLC0367,Tongi,PLC0017,Azampur,7.4,forward,SRC_BRTA_METRO_FARES
BRTA_A_207_NO,PLC0017,Azampur,PLC0367,Tongi,7.4,reverse,SRC_BRTA_METRO_FARES
BRTA_A_207_NO,PLC0017,Azampur,PLC0250,Mohakhali,11.6,forward,SRC_BRTA_METRO_FARES
BRTA_A_207_NO,PLC0250,Mohakhali,PLC0017,Azampur,11.6,reverse,SRC_BRTA_METRO_FARES
BRTA_A_207_NO,PLC0250,Mohakhali,PLC0112,Farmgate,2.5,forward,SRC_BRTA_METRO_FARES
BRTA_A_207_NO,PLC0112,Farmgate,PLC0250,Mohakhali,2.5,reverse,SRC_BRTA_METRO_FARES
BRTA_A_207_NO,PLC0112,Farmgate,PLC0215,Manik Mia,1.8,forward,SRC_BRTA_METRO_FARES
BRTA_A_207_NO,PLC0215,Manik Mia,PLC0112,Farmgate,1.8,reverse,SRC_BRTA_METRO_FARES
BRTA_A_207_NO,PLC0215,Manik Mia,PLC0077,City College,2.1,forward,SRC_BRTA_METRO_FARES
BRTA_A_207_NO,PLC0077,City College,PLC0215,Manik Mia,2.1,reverse,SRC_BRTA_METRO_FARES
BRTA_A_207_NO,PLC0077,City College,PLC0280,Nilkhet,1.1,forward,SRC_BRTA_METRO_FARES
BRTA_A_207_NO,PLC0280,Nilkhet,PLC0077,City College,1.1,reverse,SRC_BRTA_METRO_FARES
BRTA_A_207_NO,PLC0280,Nilkhet,PLC0087,Dhakeshwari Etimkhana,1.5,forward,SRC_BRTA_METRO_FARES
BRTA_A_207_NO,PLC0087,Dhakeshwari Etimkhana,PLC0280,Nilkhet,1.5,reverse,SRC_BRTA_METRO_FARES
BRTA_A_219_NO,PLC0113,Fulbaria,PLC0210,Magbazar,4.2,forward,SRC_BRTA_METRO_FARES
BRTA_A_219_NO,PLC0210,Magbazar,PLC0113,Fulbaria,4.2,reverse,SRC_BRTA_METRO_FARES
BRTA_A_219_NO,PLC0210,Magbazar,PLC0268,Nabisco,4.2,forward,SRC_BRTA_METRO_FARES
BRTA_A_219_NO,PLC0268,Nabisco,PLC0210,Magbazar,4.2,reverse,SRC_BRTA_METRO_FARES
BRTA_A_219_NO,PLC0268,Nabisco,PLC0250,Mohakhali,1.0,forward,SRC_BRTA_METRO_FARES
BRTA_A_219_NO,PLC0250,Mohakhali,PLC0268,Nabisco,1.0,reverse,SRC_BRTA_METRO_FARES
BRTA_A_219_NO,PLC0250,Mohakhali,PLC0032,Banani,1.7,forward,SRC_BRTA_METRO_FARES
BRTA_A_219_NO,PLC0032,Banani,PLC0250,Mohakhali,1.7,reverse,SRC_BRTA_METRO_FARES
BRTA_A_219_NO,PLC0032,Banani,PLC0005,Airport,8.7,forward,SRC_BRTA_METRO_FARES
BRTA_A_219_NO,PLC0005,Airport,PLC0032,Banani,8.7,reverse,SRC_BRTA_METRO_FARES
BRTA_A_219_NO,PLC0005,Airport,PLC0367,Tongi,5.2,forward,SRC_BRTA_METRO_FARES
BRTA_A_219_NO,PLC0367,Tongi,PLC0005,Airport,5.2,reverse,SRC_BRTA_METRO_FARES
BRTA_A_219_NO,PLC0367,Tongi,PLC0118,Gazipur Crossroad,11.5,forward,SRC_BRTA_METRO_FARES
BRTA_A_219_NO,PLC0118,Gazipur Crossroad,PLC0367,Tongi,11.5,reverse,SRC_BRTA_METRO_FARES
BRTA_A_219_NO,PLC0118,Gazipur Crossroad,PLC0306,Rajendrapur,12.1,forward,SRC_BRTA_METRO_FARES
BRTA_A_219_NO,PLC0306,Rajendrapur,PLC0118,Gazipur Crossroad,12.1,reverse,SRC_BRTA_METRO_FARES
BRTA_A_219_NO,PLC0306,Rajendrapur,PLC0307,Rajendrapur Bazar,5.4,forward,SRC_BRTA_METRO_FARES
BRTA_A_219_NO,PLC0307,Rajendrapur Bazar,PLC0306,Rajendrapur,5.4,reverse,SRC_BRTA_METRO_FARES
BRTA_A_219_NO,PLC0307,Rajendrapur Bazar,PLC0304,Rajabari,4.8,forward,SRC_BRTA_METRO_FARES
BRTA_A_219_NO,PLC0304,Rajabari,PLC0307,Rajendrapur Bazar,4.8,reverse,SRC_BRTA_METRO_FARES
BRTA_A_219_NO,PLC0304,Rajabari,PLC0173,Kapasia,7.2,forward,SRC_BRTA_METRO_FARES
BRTA_A_219_NO,PLC0173,Kapasia,PLC0304,Rajabari,7.2,reverse,SRC_BRTA_METRO_FARES
BRTA_A_220_NO,PLC0113,Fulbaria,PLC0210,Magbazar,4.2,forward,SRC_BRTA_METRO_FARES
BRTA_A_220_NO,PLC0210,Magbazar,PLC0113,Fulbaria,4.2,reverse,SRC_BRTA_METRO_FARES
BRTA_A_220_NO,PLC0210,Magbazar,PLC0268,Nabisco,4.2,forward,SRC_BRTA_METRO_FARES
BRTA_A_220_NO,PLC0268,Nabisco,PLC0210,Magbazar,4.2,reverse,SRC_BRTA_METRO_FARES
BRTA_A_220_NO,PLC0268,Nabisco,PLC0250,Mohakhali,1.0,forward,SRC_BRTA_METRO_FARES
BRTA_A_220_NO,PLC0250,Mohakhali,PLC0268,Nabisco,1.0,reverse,SRC_BRTA_METRO_FARES
BRTA_A_220_NO,PLC0250,Mohakhali,PLC0032,Banani,1.7,forward,SRC_BRTA_METRO_FARES
BRTA_A_220_NO,PLC0032,Banani,PLC0250,Mohakhali,1.7,reverse,SRC_BRTA_METRO_FARES
BRTA_A_220_NO,PLC0032,Banani,PLC0005,Airport,8.7,forward,SRC_BRTA_METRO_FARES
BRTA_A_220_NO,PLC0005,Airport,PLC0032,Banani,8.7,reverse,SRC_BRTA_METRO_FARES
BRTA_A_220_NO,PLC0005,Airport,PLC0367,Tongi,5.2,forward,SRC_BRTA_METRO_FARES
BRTA_A_220_NO,PLC0367,Tongi,PLC0005,Airport,5.2,reverse,SRC_BRTA_METRO_FARES
BRTA_A_220_NO,PLC0367,Tongi,PLC0118,Gazipur Crossroad,11.5,forward,SRC_BRTA_METRO_FARES
BRTA_A_220_NO,PLC0118,Gazipur Crossroad,PLC0367,Tongi,11.5,reverse,SRC_BRTA_METRO_FARES
BRTA_A_220_NO,PLC0118,Gazipur Crossroad,PLC0308,Rajendrapur Crossroad,12.1,forward,SRC_BRTA_METRO_FARES
BRTA_A_220_NO,PLC0308,Rajendrapur Crossroad,PLC0118,Gazipur Crossroad,12.1,reverse,SRC_BRTA_METRO_FARES
BRTA_A_220_NO,PLC0308,Rajendrapur Crossroad,PLC0134,Hota Para,3.7,forward,SRC_BRTA_METRO_FARES
BRTA_A_220_NO,PLC0134,Hota Para,PLC0308,Rajendrapur Crossroad,3.7,reverse,SRC_BRTA_METRO_FARES
BRTA_A_220_NO,PLC0134,Hota Para,PLC0026,Bagher Bazar,5.0,forward,SRC_BRTA_METRO_FARES
BRTA_A_220_NO,PLC0026,Bagher Bazar,PLC0134,Hota Para,5.0,reverse,SRC_BRTA_METRO_FARES
BRTA_A_220_NO,PLC0026,Bagher Bazar,PLC0214,Manda Crossroad,3.0,forward,SRC_BRTA_METRO_FARES
BRTA_A_220_NO,PLC0214,Manda Crossroad,PLC0026,Bagher Bazar,3.0,reverse,SRC_BRTA_METRO_FARES
BRTA_A_220_NO,PLC0214,Manda Crossroad,PLC0353,Sreepur,10.3,forward,SRC_BRTA_METRO_FARES
BRTA_A_220_NO,PLC0353,Sreepur,PLC0214,Manda Crossroad,10.3,reverse,SRC_BRTA_METRO_FARES
BRTA_A_220_NO,PLC0353,Sreepur,PLC0062,Bomi,6.9,forward,SRC_BRTA_METRO_FARES
BRTA_A_220_NO,PLC0062,Bomi,PLC0353,Sreepur,6.9,reverse,SRC_BRTA_METRO_FARES
BRTA_A_222_NO,PLC0113,Fulbaria,PLC0180,Kazlail,2.0,forward,SRC_BRTA_METRO_FARES
BRTA_A_222_NO,PLC0180,Kazlail,PLC0113,Fulbaria,2.0,reverse,SRC_BRTA_METRO_FARES
BRTA_A_222_NO,PLC0180,Kazlail,PLC0210,Magbazar,2.2,forward,SRC_BRTA_METRO_FARES
BRTA_A_222_NO,PLC0210,Magbazar,PLC0180,Kazlail,2.2,reverse,SRC_BRTA_METRO_FARES
BRTA_A_222_NO,PLC0210,Magbazar,PLC0250,Mohakhali,5.2,forward,SRC_BRTA_METRO_FARES
BRTA_A_222_NO,PLC0250,Mohakhali,PLC0210,Magbazar,5.2,reverse,SRC_BRTA_METRO_FARES
BRTA_A_222_NO,PLC0250,Mohakhali,PLC0153,Kajli,1.7,forward,SRC_BRTA_METRO_FARES
BRTA_A_222_NO,PLC0153,Kajli,PLC0250,Mohakhali,1.7,reverse,SRC_BRTA_METRO_FARES
BRTA_A_222_NO,PLC0153,Kajli,PLC0005,Airport,8.7,forward,SRC_BRTA_METRO_FARES
BRTA_A_222_NO,PLC0005,Airport,PLC0153,Kajli,8.7,reverse,SRC_BRTA_METRO_FARES
BRTA_A_222_NO,PLC0005,Airport,PLC0367,Tongi,5.2,forward,SRC_BRTA_METRO_FARES
BRTA_A_222_NO,PLC0367,Tongi,PLC0005,Airport,5.2,reverse,SRC_BRTA_METRO_FARES
BRTA_A_222_NO,PLC0367,Tongi,PLC0118,Gazipur Crossroad,11.5,forward,SRC_BRTA_METRO_FARES
BRTA_A_222_NO,PLC0118,Gazipur Crossroad,PLC0367,Tongi,11.5,reverse,SRC_BRTA_METRO_FARES
BRTA_A_222_NO,PLC0118,Gazipur Crossroad,PLC0117,Gazipur,5.0,forward,SRC_BRTA_METRO_FARES
BRTA_A_222_NO,PLC0117,Gazipur,PLC0118,Gazipur Crossroad,5.0,reverse,SRC_BRTA_METRO_FARES
BRTA_A_224_NO,PLC0113,Fulbaria,PLC0133,High Court,0.7,forward,SRC_BRTA_METRO_FARES
BRTA_A_224_NO,PLC0133,High Court,PLC0113,Fulbaria,0.7,reverse,SRC_BRTA_METRO_FARES
BRTA_A_224_NO,PLC0133,High Court,PLC0222,Matsya Bhaban,0.5,forward,SRC_BRTA_METRO_FARES
BRTA_A_224_NO,PLC0222,Matsya Bhaban,PLC0133,High Court,0.5,reverse,SRC_BRTA_METRO_FARES
BRTA_A_224_NO,PLC0222,Matsya Bhaban,PLC0331,Shahbag,2.2,forward,SRC_BRTA_METRO_FARES
BRTA_A_224_NO,PLC0331,Shahbag,PLC0222,Matsya Bhaban,2.2,reverse,SRC_BRTA_METRO_FARES
BRTA_A_224_NO,PLC0331,Shahbag,PLC0329,Science Lab,1.5,forward,SRC_BRTA_METRO_FARES
BRTA_A_224_NO,PLC0329,Science Lab,PLC0331,Shahbag,1.5,reverse,SRC_BRTA_METRO_FARES
BRTA_A_224_NO,PLC0329,Science Lab,PLC0156,Kalabagan,1.8,forward,SRC_BRTA_METRO_FARES
BRTA_A_224_NO,PLC0156,Kalabagan,PLC0329,Science Lab,1.8,reverse,SRC_BRTA_METRO_FARES
BRTA_A_224_NO,PLC0156,Kalabagan,PLC0012,Asad Gate,1.6,forward,SRC_BRTA_METRO_FARES
BRTA_A_224_NO,PLC0012,Asad Gate,PLC0156,Kalabagan,1.6,reverse,SRC_BRTA_METRO_FARES
BRTA_A_224_NO,PLC0012,Asad Gate,PLC0362,Technical,3.0,forward,SRC_BRTA_METRO_FARES
BRTA_A_224_NO,PLC0362,Technical,PLC0012,Asad Gate,3.0,reverse,SRC_BRTA_METRO_FARES
BRTA_A_224_NO,PLC0362,Technical,PLC0114,Gabtoli,1.0,forward,SRC_BRTA_METRO_FARES
BRTA_A_224_NO,PLC0114,Gabtoli,PLC0362,Technical,1.0,reverse,SRC_BRTA_METRO_FARES
BRTA_A_224_NO,PLC0114,Gabtoli,PLC0218,Manikganj,52.7,forward,SRC_BRTA_METRO_FARES
BRTA_A_224_NO,PLC0218,Manikganj,PLC0114,Gabtoli,52.7,reverse,SRC_BRTA_METRO_FARES
BRTA_A_224_NO,PLC0218,Manikganj,PLC0293,Paturia,27.3,forward,SRC_BRTA_METRO_FARES
BRTA_A_224_NO,PLC0293,Paturia,PLC0218,Manikganj,27.3,reverse,SRC_BRTA_METRO_FARES
BRTA_A_225_NO,PLC0327,Sayedabad,PLC0212,Malibagh,4.0,forward,SRC_BRTA_METRO_FARES
BRTA_A_225_NO,PLC0212,Malibagh,PLC0327,Sayedabad,4.0,reverse,SRC_BRTA_METRO_FARES
BRTA_A_225_NO,PLC0212,Malibagh,PLC0325,Satrasta,4.0,forward,SRC_BRTA_METRO_FARES
BRTA_A_225_NO,PLC0325,Satrasta,PLC0212,Malibagh,4.0,reverse,SRC_BRTA_METRO_FARES
BRTA_A_225_NO,PLC0325,Satrasta,PLC0250,Mohakhali,4.0,forward,SRC_BRTA_METRO_FARES
BRTA_A_225_NO,PLC0250,Mohakhali,PLC0325,Satrasta,4.0,reverse,SRC_BRTA_METRO_FARES
BRTA_A_225_NO,PLC0250,Mohakhali,PLC0005,Airport,8.0,forward,SRC_BRTA_METRO_FARES
BRTA_A_225_NO,PLC0005,Airport,PLC0250,Mohakhali,8.0,reverse,SRC_BRTA_METRO_FARES
BRTA_A_225_NO,PLC0005,Airport,PLC0370,Tongi Bazar,4.0,forward,SRC_BRTA_METRO_FARES
BRTA_A_225_NO,PLC0370,Tongi Bazar,PLC0005,Airport,4.0,reverse,SRC_BRTA_METRO_FARES
BRTA_A_225_NO,PLC0370,Tongi Bazar,PLC0073,Cherag Ali,3.0,forward,SRC_BRTA_METRO_FARES
BRTA_A_225_NO,PLC0073,Cherag Ali,PLC0370,Tongi Bazar,3.0,reverse,SRC_BRTA_METRO_FARES
BRTA_A_225_NO,PLC0073,Cherag Ali,PLC0061,Board Bazar,4.0,forward,SRC_BRTA_METRO_FARES
BRTA_A_225_NO,PLC0061,Board Bazar,PLC0073,Cherag Ali,4.0,reverse,SRC_BRTA_METRO_FARES
BRTA_A_225_NO,PLC0061,Board Bazar,PLC0074,Chourasta,6.0,forward,SRC_BRTA_METRO_FARES
BRTA_A_225_NO,PLC0074,Chourasta,PLC0061,Board Bazar,6.0,reverse,SRC_BRTA_METRO_FARES
BRTA_A_225_NO,PLC0074,Chourasta,PLC0117,Gazipur,5.0,forward,SRC_BRTA_METRO_FARES
BRTA_A_225_NO,PLC0117,Gazipur,PLC0074,Chourasta,5.0,reverse,SRC_BRTA_METRO_FARES
BRTA_A_228_NO,PLC0327,Sayedabad,PLC0143,Jatrabari,1.0,forward,SRC_BRTA_METRO_FARES
BRTA_A_228_NO,PLC0143,Jatrabari,PLC0327,Sayedabad,1.0,reverse,SRC_BRTA_METRO_FARES
BRTA_A_228_NO,PLC0143,Jatrabari,PLC0150,Jurain,2.0,forward,SRC_BRTA_METRO_FARES
BRTA_A_228_NO,PLC0150,Jurain,PLC0143,Jatrabari,2.0,reverse,SRC_BRTA_METRO_FARES
BRTA_A_228_NO,PLC0150,Jurain,PLC0295,Postgola,0.5,forward,SRC_BRTA_METRO_FARES
BRTA_A_228_NO,PLC0295,Postgola,PLC0150,Jurain,0.5,reverse,SRC_BRTA_METRO_FARES
BRTA_A_228_NO,PLC0295,Postgola,PLC0270,Narayanganj,12.3,forward,SRC_BRTA_METRO_FARES
BRTA_A_228_NO,PLC0270,Narayanganj,PLC0295,Postgola,12.3,reverse,SRC_BRTA_METRO_FARES
BRTA_A_234_NO,PLC0208,Madanganj,PLC0327,Sayedabad,25.9,forward,SRC_BRTA_METRO_FARES
BRTA_A_234_NO,PLC0327,Sayedabad,PLC0208,Madanganj,25.9,reverse,SRC_BRTA_METRO_FARES
BRTA_A_234_NO,PLC0327,Sayedabad,PLC0125,Gulistan,2.0,forward,SRC_BRTA_METRO_FARES
BRTA_A_234_NO,PLC0125,Gulistan,PLC0327,Sayedabad,2.0,reverse,SRC_BRTA_METRO_FARES
BRTA_A_234_NO,PLC0125,Gulistan,PLC0298,Press Club,1.0,forward,SRC_BRTA_METRO_FARES
BRTA_A_234_NO,PLC0298,Press Club,PLC0125,Gulistan,1.0,reverse,SRC_BRTA_METRO_FARES
BRTA_A_234_NO,PLC0298,Press Club,PLC0331,Shahbag,1.7,forward,SRC_BRTA_METRO_FARES
BRTA_A_234_NO,PLC0331,Shahbag,PLC0298,Press Club,1.7,reverse,SRC_BRTA_METRO_FARES
BRTA_A_234_NO,PLC0331,Shahbag,PLC0280,Nilkhet,1.9,forward,SRC_BRTA_METRO_FARES
BRTA_A_234_NO,PLC0280,Nilkhet,PLC0331,Shahbag,1.9,reverse,SRC_BRTA_METRO_FARES
BRTA_A_234_NO,PLC0280,Nilkhet,PLC0018,Azimpur,0.6,forward,SRC_BRTA_METRO_FARES
BRTA_A_234_NO,PLC0018,Azimpur,PLC0280,Nilkhet,0.6,reverse,SRC_BRTA_METRO_FARES
BRTA_A_236_NO,PLC0327,Sayedabad,PLC0143,Jatrabari,0.8,forward,SRC_BRTA_METRO_FARES
BRTA_A_236_NO,PLC0143,Jatrabari,PLC0327,Sayedabad,0.8,reverse,SRC_BRTA_METRO_FARES
BRTA_A_236_NO,PLC0143,Jatrabari,PLC0332,Shanir Akhra,1.8,forward,SRC_BRTA_METRO_FARES
BRTA_A_236_NO,PLC0332,Shanir Akhra,PLC0143,Jatrabari,1.8,reverse,SRC_BRTA_METRO_FARES
BRTA_A_236_NO,PLC0332,Shanir Akhra,PLC0316,Rayerbag,0.9,forward,SRC_BRTA_METRO_FARES
BRTA_A_236_NO,PLC0316,Rayerbag,PLC0332,Shanir Akhra,0.9,reverse,SRC_BRTA_METRO_FARES
BRTA_A_236_NO,PLC0316,Rayerbag,PLC0207,Link Road,2.5,forward,SRC_BRTA_METRO_FARES
BRTA_A_236_NO,PLC0207,Link Road,PLC0316,Rayerbag,2.5,reverse,SRC_BRTA_METRO_FARES
BRTA_A_236_NO,PLC0207,Link Road,PLC0270,Narayanganj,10.2,forward,SRC_BRTA_METRO_FARES
BRTA_A_236_NO,PLC0270,Narayanganj,PLC0207,Link Road,10.2,reverse,SRC_BRTA_METRO_FARES
BRTA_A_240_NO,PLC0171,Kanchpur,PLC0327,Sayedabad,9.0,forward,SRC_BRTA_METRO_FARES
BRTA_A_240_NO,PLC0327,Sayedabad,PLC0171,Kanchpur,9.0,reverse,SRC_BRTA_METRO_FARES
BRTA_A_240_NO,PLC0327,Sayedabad,PLC0212,Malibagh,5.9,forward,SRC_BRTA_METRO_FARES
BRTA_A_240_NO,PLC0212,Malibagh,PLC0327,Sayedabad,5.9,reverse,SRC_BRTA_METRO_FARES
BRTA_A_240_NO,PLC0212,Malibagh,PLC0284,Notun Bazar,5.9,forward,SRC_BRTA_METRO_FARES
BRTA_A_240_NO,PLC0284,Notun Bazar,PLC0212,Malibagh,5.9,reverse,SRC_BRTA_METRO_FARES
BRTA_A_240_NO,PLC0284,Notun Bazar,PLC0005,Airport,6.5,forward,SRC_BRTA_METRO_FARES
BRTA_A_240_NO,PLC0005,Airport,PLC0284,Notun Bazar,6.5,reverse,SRC_BRTA_METRO_FARES
BRTA_A_240_NO,PLC0005,Airport,PLC0367,Tongi,4.1,forward,SRC_BRTA_METRO_FARES
BRTA_A_240_NO,PLC0367,Tongi,PLC0005,Airport,4.1,reverse,SRC_BRTA_METRO_FARES
BRTA_A_240_NO,PLC0367,Tongi,PLC0369,Tongi Bastuhara,4.6,forward,SRC_BRTA_METRO_FARES
BRTA_A_240_NO,PLC0369,Tongi Bastuhara,PLC0367,Tongi,4.6,reverse,SRC_BRTA_METRO_FARES
BRTA_A_243_NO,PLC0089,Dhaleswar,PLC0143,Jatrabari,4.5,forward,SRC_BRTA_METRO_FARES
BRTA_A_243_NO,PLC0143,Jatrabari,PLC0089,Dhaleswar,4.5,reverse,SRC_BRTA_METRO_FARES
BRTA_A_243_NO,PLC0143,Jatrabari,PLC0212,Malibagh,6.1,forward,SRC_BRTA_METRO_FARES
BRTA_A_243_NO,PLC0212,Malibagh,PLC0143,Jatrabari,6.1,reverse,SRC_BRTA_METRO_FARES
BRTA_A_243_NO,PLC0212,Malibagh,PLC0300,Progati Sarani,5.3,forward,SRC_BRTA_METRO_FARES
BRTA_A_243_NO,PLC0300,Progati Sarani,PLC0212,Malibagh,5.3,reverse,SRC_BRTA_METRO_FARES
BRTA_A_243_NO,PLC0300,Progati Sarani,PLC0001,Abdullahpur,10.7,forward,SRC_BRTA_METRO_FARES
BRTA_A_243_NO,PLC0001,Abdullahpur,PLC0300,Progati Sarani,10.7,reverse,SRC_BRTA_METRO_FARES
BRTA_A_243_NO,PLC0001,Abdullahpur,PLC0368,Tongi (Bastuhara),5.1,forward,SRC_BRTA_METRO_FARES
BRTA_A_243_NO,PLC0368,Tongi (Bastuhara),PLC0001,Abdullahpur,5.1,reverse,SRC_BRTA_METRO_FARES
BRTA_A_245_NO,PLC0209,Madanpur,PLC0260,Motijheel,16.1,forward,SRC_BRTA_METRO_FARES
BRTA_A_245_NO,PLC0260,Motijheel,PLC0209,Madanpur,16.1,reverse,SRC_BRTA_METRO_FARES
BRTA_A_245_NO,PLC0260,Motijheel,PLC0212,Malibagh,2.6,forward,SRC_BRTA_METRO_FARES
BRTA_A_245_NO,PLC0212,Malibagh,PLC0260,Motijheel,2.6,reverse,SRC_BRTA_METRO_FARES
BRTA_A_245_NO,PLC0212,Malibagh,PLC0210,Magbazar,1.2,forward,SRC_BRTA_METRO_FARES
BRTA_A_245_NO,PLC0210,Magbazar,PLC0212,Malibagh,1.2,reverse,SRC_BRTA_METRO_FARES
BRTA_A_245_NO,PLC0210,Magbazar,PLC0250,Mohakhali,3.5,forward,SRC_BRTA_METRO_FARES
BRTA_A_245_NO,PLC0250,Mohakhali,PLC0210,Magbazar,3.5,reverse,SRC_BRTA_METRO_FARES
BRTA_A_245_NO,PLC0250,Mohakhali,PLC0153,Kajli,1.8,forward,SRC_BRTA_METRO_FARES
BRTA_A_245_NO,PLC0153,Kajli,PLC0250,Mohakhali,1.8,reverse,SRC_BRTA_METRO_FARES
BRTA_A_245_NO,PLC0153,Kajli,PLC0001,Abdullahpur,11.3,forward,SRC_BRTA_METRO_FARES
BRTA_A_245_NO,PLC0001,Abdullahpur,PLC0153,Kajli,11.3,reverse,SRC_BRTA_METRO_FARES
BRTA_A_249_NO,PLC0113,Fulbaria,PLC0276,Nayabazar,1.4,forward,SRC_BRTA_METRO_FARES
BRTA_A_249_NO,PLC0276,Nayabazar,PLC0113,Fulbaria,1.4,reverse,SRC_BRTA_METRO_FARES
BRTA_A_249_NO,PLC0276,Nayabazar,PLC0145,Jinjira,2.6,forward,SRC_BRTA_METRO_FARES
BRTA_A_249_NO,PLC0145,Jinjira,PLC0276,Nayabazar,2.6,reverse,SRC_BRTA_METRO_FARES
BRTA_A_249_NO,PLC0145,Jinjira,PLC0200,Koshailya Bazar,4.6,forward,SRC_BRTA_METRO_FARES
BRTA_A_249_NO,PLC0200,Koshailya Bazar,PLC0145,Jinjira,4.6,reverse,SRC_BRTA_METRO_FARES
BRTA_A_249_NO,PLC0200,Koshailya Bazar,PLC0311,Ramer Kanda,3.9,forward,SRC_BRTA_METRO_FARES
BRTA_A_249_NO,PLC0311,Ramer Kanda,PLC0200,Koshailya Bazar,3.9,reverse,SRC_BRTA_METRO_FARES
BRTA_A_249_NO,PLC0311,Ramer Kanda,PLC0328,Sayedpur,3.5,forward,SRC_BRTA_METRO_FARES
BRTA_A_249_NO,PLC0328,Sayedpur,PLC0311,Ramer Kanda,3.5,reverse,SRC_BRTA_METRO_FARES
BRTA_A_249_NO,PLC0328,Sayedpur,PLC0187,Kharshur,7.5,forward,SRC_BRTA_METRO_FARES
BRTA_A_249_NO,PLC0187,Kharshur,PLC0328,Sayedpur,7.5,reverse,SRC_BRTA_METRO_FARES
BRTA_A_249_NO,PLC0187,Kharshur,PLC0363,Tikarpur,4.5,forward,SRC_BRTA_METRO_FARES
BRTA_A_249_NO,PLC0363,Tikarpur,PLC0187,Kharshur,4.5,reverse,SRC_BRTA_METRO_FARES
BRTA_A_249_NO,PLC0363,Tikarpur,PLC0009,Apla Bazar,1.2,forward,SRC_BRTA_METRO_FARES
BRTA_A_249_NO,PLC0009,Apla Bazar,PLC0363,Tikarpur,1.2,reverse,SRC_BRTA_METRO_FARES
BRTA_A_249_NO,PLC0009,Apla Bazar,PLC0040,Bangonagar,4.1,forward,SRC_BRTA_METRO_FARES
BRTA_A_249_NO,PLC0040,Bangonagar,PLC0009,Apla Bazar,4.1,reverse,SRC_BRTA_METRO_FARES
BRTA_A_249_NO,PLC0040,Bangonagar,PLC0345,Shurganj,1.5,forward,SRC_BRTA_METRO_FARES
BRTA_A_249_NO,PLC0345,Shurganj,PLC0040,Bangonagar,1.5,reverse,SRC_BRTA_METRO_FARES
BRTA_A_249_NO,PLC0345,Shurganj,PLC0027,Bagmara,0.4,forward,SRC_BRTA_METRO_FARES
BRTA_A_249_NO,PLC0027,Bagmara,PLC0345,Shurganj,0.4,reverse,SRC_BRTA_METRO_FARES
BRTA_A_249_NO,PLC0027,Bagmara,PLC0275,Nawabganj,0.9,forward,SRC_BRTA_METRO_FARES
BRTA_A_249_NO,PLC0275,Nawabganj,PLC0027,Bagmara,0.9,reverse,SRC_BRTA_METRO_FARES
BRTA_A_249_NO,PLC0275,Nawabganj,PLC0211,Majhir Kanda,3.3,forward,SRC_BRTA_METRO_FARES
BRTA_A_249_NO,PLC0211,Majhir Kanda,PLC0275,Nawabganj,3.3,reverse,SRC_BRTA_METRO_FARES
BRTA_A_249_NO,PLC0211,Majhir Kanda,PLC0033,Bandura,2.6,forward,SRC_BRTA_METRO_FARES
BRTA_A_249_NO,PLC0033,Bandura,PLC0211,Majhir Kanda,2.6,reverse,SRC_BRTA_METRO_FARES
BRTA_A_249_NO,PLC0033,Bandura,PLC0043,Baruakhali,5.8,forward,SRC_BRTA_METRO_FARES
BRTA_A_249_NO,PLC0043,Baruakhali,PLC0033,Bandura,5.8,reverse,SRC_BRTA_METRO_FARES
BRTA_A_249_NO,PLC0043,Baruakhali,PLC0188,Khasiakhali Beribadh,4.7,forward,SRC_BRTA_METRO_FARES
BRTA_A_249_NO,PLC0188,Khasiakhali Beribadh,PLC0043,Baruakhali,4.7,reverse,SRC_BRTA_METRO_FARES
BRTA_A_252_NO,PLC0054,Bhulta,PLC0143,Jatrabari,21.1,forward,SRC_BRTA_METRO_FARES
BRTA_A_252_NO,PLC0143,Jatrabari,PLC0054,Bhulta,21.1,reverse,SRC_BRTA_METRO_FARES
BRTA_A_252_NO,PLC0143,Jatrabari,PLC0125,Gulistan,3.1,forward,SRC_BRTA_METRO_FARES
BRTA_A_252_NO,PLC0125,Gulistan,PLC0143,Jatrabari,3.1,reverse,SRC_BRTA_METRO_FARES
BRTA_A_252_NO,PLC0125,Gulistan,PLC0331,Shahbag,2.7,forward,SRC_BRTA_METRO_FARES
BRTA_A_252_NO,PLC0331,Shahbag,PLC0125,Gulistan,2.7,reverse,SRC_BRTA_METRO_FARES
BRTA_A_252_NO,PLC0331,Shahbag,PLC0156,Kalabagan,3.5,forward,SRC_BRTA_METRO_FARES
BRTA_A_252_NO,PLC0156,Kalabagan,PLC0331,Shahbag,3.5,reverse,SRC_BRTA_METRO_FARES
BRTA_A_252_NO,PLC0156,Kalabagan,PLC0329,Science Lab,0.9,forward,SRC_BRTA_METRO_FARES
BRTA_A_252_NO,PLC0329,Science Lab,PLC0156,Kalabagan,0.9,reverse,SRC_BRTA_METRO_FARES
BRTA_A_256_NO,PLC0069,Chancharpul,PLC0125,Gulistan,2.0,forward,SRC_BRTA_METRO_FARES
BRTA_A_256_NO,PLC0125,Gulistan,PLC0069,Chancharpul,2.0,reverse,SRC_BRTA_METRO_FARES
BRTA_A_256_NO,PLC0125,Gulistan,PLC0143,Jatrabari,3.4,forward,SRC_BRTA_METRO_FARES
BRTA_A_256_NO,PLC0143,Jatrabari,PLC0125,Gulistan,3.4,reverse,SRC_BRTA_METRO_FARES
BRTA_A_256_NO,PLC0143,Jatrabari,PLC0171,Kanchpur,9.4,forward,SRC_BRTA_METRO_FARES
BRTA_A_256_NO,PLC0171,Kanchpur,PLC0143,Jatrabari,9.4,reverse,SRC_BRTA_METRO_FARES
BRTA_A_256_NO,PLC0171,Kanchpur,PLC0209,Madanpur,3.2,forward,SRC_BRTA_METRO_FARES
BRTA_A_256_NO,PLC0209,Madanpur,PLC0171,Kanchpur,3.2,reverse,SRC_BRTA_METRO_FARES
BRTA_A_256_NO,PLC0209,Madanpur,PLC0351,Sonargaon Mogra Para,7.8,forward,SRC_BRTA_METRO_FARES
BRTA_A_256_NO,PLC0351,Sonargaon Mogra Para,PLC0209,Madanpur,7.8,reverse,SRC_BRTA_METRO_FARES
BRTA_A_256_NO,PLC0351,Sonargaon Mogra Para,PLC0228,Meghna Ghat,3.5,forward,SRC_BRTA_METRO_FARES
BRTA_A_256_NO,PLC0228,Meghna Ghat,PLC0351,Sonargaon Mogra Para,3.5,reverse,SRC_BRTA_METRO_FARES
BRTA_A_257_NO,PLC0172,Kanchpur Bridge,PLC0260,Motijheel,13.4,forward,SRC_BRTA_METRO_FARES
BRTA_A_257_NO,PLC0260,Motijheel,PLC0172,Kanchpur Bridge,13.4,reverse,SRC_BRTA_METRO_FARES
BRTA_A_257_NO,PLC0260,Motijheel,PLC0212,Malibagh,3.0,forward,SRC_BRTA_METRO_FARES
BRTA_A_257_NO,PLC0212,Malibagh,PLC0260,Motijheel,3.0,reverse,SRC_BRTA_METRO_FARES
BRTA_A_257_NO,PLC0212,Malibagh,PLC0300,Progati Sarani,6.0,forward,SRC_BRTA_METRO_FARES
BRTA_A_257_NO,PLC0300,Progati Sarani,PLC0212,Malibagh,6.0,reverse,SRC_BRTA_METRO_FARES
BRTA_A_257_NO,PLC0300,Progati Sarani,PLC0005,Airport,7.1,forward,SRC_BRTA_METRO_FARES
BRTA_A_257_NO,PLC0005,Airport,PLC0300,Progati Sarani,7.1,reverse,SRC_BRTA_METRO_FARES
BRTA_A_257_NO,PLC0005,Airport,PLC0001,Abdullahpur,3.6,forward,SRC_BRTA_METRO_FARES
BRTA_A_257_NO,PLC0001,Abdullahpur,PLC0005,Airport,3.6,reverse,SRC_BRTA_METRO_FARES
BRTA_A_257_NO,PLC0001,Abdullahpur,PLC0061,Board Bazar,7.8,forward,SRC_BRTA_METRO_FARES
BRTA_A_257_NO,PLC0061,Board Bazar,PLC0001,Abdullahpur,7.8,reverse,SRC_BRTA_METRO_FARES
BRTA_A_259_NO,PLC0288,Palashi,PLC0106,Eden College,0.9,forward,SRC_BRTA_METRO_FARES
BRTA_A_259_NO,PLC0106,Eden College,PLC0288,Palashi,0.9,reverse,SRC_BRTA_METRO_FARES
BRTA_A_259_NO,PLC0106,Eden College,PLC0331,Shahbag,2.5,forward,SRC_BRTA_METRO_FARES
BRTA_A_259_NO,PLC0331,Shahbag,PLC0106,Eden College,2.5,reverse,SRC_BRTA_METRO_FARES
BRTA_A_259_NO,PLC0331,Shahbag,PLC0125,Gulistan,2.7,forward,SRC_BRTA_METRO_FARES
BRTA_A_259_NO,PLC0125,Gulistan,PLC0331,Shahbag,2.7,reverse,SRC_BRTA_METRO_FARES
BRTA_A_259_NO,PLC0125,Gulistan,PLC0143,Jatrabari,3.3,forward,SRC_BRTA_METRO_FARES
BRTA_A_259_NO,PLC0143,Jatrabari,PLC0125,Gulistan,3.3,reverse,SRC_BRTA_METRO_FARES
BRTA_A_259_NO,PLC0143,Jatrabari,PLC0332,Shanir Akhra,1.6,forward,SRC_BRTA_METRO_FARES
BRTA_A_259_NO,PLC0332,Shanir Akhra,PLC0143,Jatrabari,1.6,reverse,SRC_BRTA_METRO_FARES
BRTA_A_259_NO,PLC0332,Shanir Akhra,PLC0229,Meghnaghat,22.4,forward,SRC_BRTA_METRO_FARES
BRTA_A_259_NO,PLC0229,Meghnaghat,PLC0332,Shanir Akhra,22.4,reverse,SRC_BRTA_METRO_FARES
BRTA_A_260_NO,PLC0113,Fulbaria,PLC0069,Chancharpul,1.5,forward,SRC_BRTA_METRO_FARES
BRTA_A_260_NO,PLC0069,Chancharpul,PLC0113,Fulbaria,1.5,reverse,SRC_BRTA_METRO_FARES
BRTA_A_260_NO,PLC0069,Chancharpul,PLC0018,Azimpur,3.6,forward,SRC_BRTA_METRO_FARES
BRTA_A_260_NO,PLC0018,Azimpur,PLC0069,Chancharpul,3.6,reverse,SRC_BRTA_METRO_FARES
BRTA_A_260_NO,PLC0018,Azimpur,PLC0012,Asad Gate,2.9,forward,SRC_BRTA_METRO_FARES
BRTA_A_260_NO,PLC0012,Asad Gate,PLC0018,Azimpur,2.9,reverse,SRC_BRTA_METRO_FARES
BRTA_A_260_NO,PLC0012,Asad Gate,PLC0362,Technical,3.0,forward,SRC_BRTA_METRO_FARES
BRTA_A_260_NO,PLC0362,Technical,PLC0012,Asad Gate,3.0,reverse,SRC_BRTA_METRO_FARES
BRTA_A_260_NO,PLC0362,Technical,PLC0114,Gabtoli,1.0,forward,SRC_BRTA_METRO_FARES
BRTA_A_260_NO,PLC0114,Gabtoli,PLC0362,Technical,1.0,reverse,SRC_BRTA_METRO_FARES
BRTA_A_260_NO,PLC0114,Gabtoli,PLC0090,Dhamrai,30.0,forward,SRC_BRTA_METRO_FARES
BRTA_A_260_NO,PLC0090,Dhamrai,PLC0114,Gabtoli,30.0,reverse,SRC_BRTA_METRO_FARES
BRTA_A_264_NO,PLC0233,Mirpur (Zoo),PLC0239,Mirpur-1,1.8,forward,SRC_BRTA_METRO_FARES
BRTA_A_264_NO,PLC0239,Mirpur-1,PLC0233,Mirpur (Zoo),1.8,reverse,SRC_BRTA_METRO_FARES
BRTA_A_264_NO,PLC0239,Mirpur-1,PLC0008,Ansar Camp,0.9,forward,SRC_BRTA_METRO_FARES
BRTA_A_264_NO,PLC0008,Ansar Camp,PLC0239,Mirpur-1,0.9,reverse,SRC_BRTA_METRO_FARES
BRTA_A_264_NO,PLC0008,Ansar Camp,PLC0112,Farmgate,6.3,forward,SRC_BRTA_METRO_FARES
BRTA_A_264_NO,PLC0112,Farmgate,PLC0008,Ansar Camp,6.3,reverse,SRC_BRTA_METRO_FARES
BRTA_A_264_NO,PLC0112,Farmgate,PLC0123,Golapshah Mazar (Fulbaria),5.2,forward,SRC_BRTA_METRO_FARES
BRTA_A_264_NO,PLC0123,Golapshah Mazar (Fulbaria),PLC0112,Farmgate,5.2,reverse,SRC_BRTA_METRO_FARES
BRTA_A_264_NO,PLC0123,Golapshah Mazar (Fulbaria),PLC0277,Nayabazar (No. 2 Buriganga Bridge),1.5,forward,SRC_BRTA_METRO_FARES
BRTA_A_264_NO,PLC0277,Nayabazar (No. 2 Buriganga Bridge),PLC0123,Golapshah Mazar (Fulbaria),1.5,reverse,SRC_BRTA_METRO_FARES
BRTA_A_264_NO,PLC0277,Nayabazar (No. 2 Buriganga Bridge),PLC0181,Keraniganj,1.5,forward,SRC_BRTA_METRO_FARES
BRTA_A_264_NO,PLC0181,Keraniganj,PLC0277,Nayabazar (No. 2 Buriganga Bridge),1.5,reverse,SRC_BRTA_METRO_FARES
BRTA_A_265_NO,PLC0138,Jagannath University,PLC0113,Fulbaria,2.0,forward,SRC_BRTA_METRO_FARES
BRTA_A_265_NO,PLC0113,Fulbaria,PLC0138,Jagannath University,2.0,reverse,SRC_BRTA_METRO_FARES
BRTA_A_265_NO,PLC0113,Fulbaria,PLC0291,Paltan,1.2,forward,SRC_BRTA_METRO_FARES
BRTA_A_265_NO,PLC0291,Paltan,PLC0113,Fulbaria,1.2,reverse,SRC_BRTA_METRO_FARES
BRTA_A_265_NO,PLC0291,Paltan,PLC0155,Kakrail,1.3,forward,SRC_BRTA_METRO_FARES
BRTA_A_265_NO,PLC0155,Kakrail,PLC0291,Paltan,1.3,reverse,SRC_BRTA_METRO_FARES
BRTA_A_265_NO,PLC0155,Kakrail,PLC0210,Magbazar,2.5,forward,SRC_BRTA_METRO_FARES
BRTA_A_265_NO,PLC0210,Magbazar,PLC0155,Kakrail,2.5,reverse,SRC_BRTA_METRO_FARES
BRTA_A_265_NO,PLC0210,Magbazar,PLC0250,Mohakhali,4.0,forward,SRC_BRTA_METRO_FARES
BRTA_A_265_NO,PLC0250,Mohakhali,PLC0210,Magbazar,4.0,reverse,SRC_BRTA_METRO_FARES
BRTA_A_265_NO,PLC0250,Mohakhali,PLC0005,Airport,9.0,forward,SRC_BRTA_METRO_FARES
BRTA_A_265_NO,PLC0005,Airport,PLC0250,Mohakhali,9.0,reverse,SRC_BRTA_METRO_FARES
BRTA_A_265_NO,PLC0005,Airport,PLC0367,Tongi,7.0,forward,SRC_BRTA_METRO_FARES
BRTA_A_265_NO,PLC0367,Tongi,PLC0005,Airport,7.0,reverse,SRC_BRTA_METRO_FARES
BRTA_A_265_NO,PLC0367,Tongi,PLC0117,Gazipur,11.0,forward,SRC_BRTA_METRO_FARES
BRTA_A_265_NO,PLC0117,Gazipur,PLC0367,Tongi,11.0,reverse,SRC_BRTA_METRO_FARES
BRTA_A_265_NO,PLC0117,Gazipur,PLC0197,Konabari,7.0,forward,SRC_BRTA_METRO_FARES
BRTA_A_265_NO,PLC0197,Konabari,PLC0117,Gazipur,7.0,reverse,SRC_BRTA_METRO_FARES
BRTA_A_265_NO,PLC0197,Konabari,PLC0323,Safipur,6.0,forward,SRC_BRTA_METRO_FARES
BRTA_A_265_NO,PLC0323,Safipur,PLC0197,Konabari,6.0,reverse,SRC_BRTA_METRO_FARES
BRTA_A_265_NO,PLC0323,Safipur,PLC0070,Chandra,4.3,forward,SRC_BRTA_METRO_FARES
BRTA_A_265_NO,PLC0070,Chandra,PLC0323,Safipur,4.3,reverse,SRC_BRTA_METRO_FARES
BRTA_A_266_NO,PLC0138,Jagannath University,PLC0113,Fulbaria,2.0,forward,SRC_BRTA_METRO_FARES
BRTA_A_266_NO,PLC0113,Fulbaria,PLC0138,Jagannath University,2.0,reverse,SRC_BRTA_METRO_FARES
BRTA_A_266_NO,PLC0113,Fulbaria,PLC0291,Paltan,1.2,forward,SRC_BRTA_METRO_FARES
BRTA_A_266_NO,PLC0291,Paltan,PLC0113,Fulbaria,1.2,reverse,SRC_BRTA_METRO_FARES
BRTA_A_266_NO,PLC0291,Paltan,PLC0155,Kakrail,1.3,forward,SRC_BRTA_METRO_FARES
BRTA_A_266_NO,PLC0155,Kakrail,PLC0291,Paltan,1.3,reverse,SRC_BRTA_METRO_FARES
BRTA_A_266_NO,PLC0155,Kakrail,PLC0210,Magbazar,2.5,forward,SRC_BRTA_METRO_FARES
BRTA_A_266_NO,PLC0210,Magbazar,PLC0155,Kakrail,2.5,reverse,SRC_BRTA_METRO_FARES
BRTA_A_266_NO,PLC0210,Magbazar,PLC0250,Mohakhali,4.0,forward,SRC_BRTA_METRO_FARES
BRTA_A_266_NO,PLC0250,Mohakhali,PLC0210,Magbazar,4.0,reverse,SRC_BRTA_METRO_FARES
BRTA_A_266_NO,PLC0250,Mohakhali,PLC0005,Airport,9.0,forward,SRC_BRTA_METRO_FARES
BRTA_A_266_NO,PLC0005,Airport,PLC0250,Mohakhali,9.0,reverse,SRC_BRTA_METRO_FARES
BRTA_A_266_NO,PLC0005,Airport,PLC0367,Tongi,7.0,forward,SRC_BRTA_METRO_FARES
BRTA_A_266_NO,PLC0367,Tongi,PLC0005,Airport,7.0,reverse,SRC_BRTA_METRO_FARES
BRTA_A_266_NO,PLC0367,Tongi,PLC0117,Gazipur,11.0,forward,SRC_BRTA_METRO_FARES
BRTA_A_266_NO,PLC0117,Gazipur,PLC0367,Tongi,11.0,reverse,SRC_BRTA_METRO_FARES
BRTA_A_266_NO,PLC0117,Gazipur,PLC0197,Konabari,7.0,forward,SRC_BRTA_METRO_FARES
BRTA_A_266_NO,PLC0197,Konabari,PLC0117,Gazipur,7.0,reverse,SRC_BRTA_METRO_FARES
BRTA_A_266_NO,PLC0197,Konabari,PLC0323,Safipur,6.0,forward,SRC_BRTA_METRO_FARES
BRTA_A_266_NO,PLC0323,Safipur,PLC0197,Konabari,6.0,reverse,SRC_BRTA_METRO_FARES
BRTA_A_266_NO,PLC0323,Safipur,PLC0070,Chandra,4.3,forward,SRC_BRTA_METRO_FARES
BRTA_A_266_NO,PLC0070,Chandra,PLC0323,Safipur,4.3,reverse,SRC_BRTA_METRO_FARES
BRTA_A_270_NO,PLC0046,Basila,PLC0011,Asad Avenue,3.0,forward,SRC_BRTA_METRO_FARES
BRTA_A_270_NO,PLC0011,Asad Avenue,PLC0046,Basila,3.0,reverse,SRC_BRTA_METRO_FARES
BRTA_A_270_NO,PLC0011,Asad Avenue,PLC0346,Shyamoli,1.8,forward,SRC_BRTA_METRO_FARES
BRTA_A_270_NO,PLC0346,Shyamoli,PLC0011,Asad Avenue,1.8,reverse,SRC_BRTA_METRO_FARES
BRTA_A_270_NO,PLC0346,Shyamoli,PLC0163,Kalyanpur,0.33,forward,SRC_BRTA_METRO_FARES
BRTA_A_270_NO,PLC0163,Kalyanpur,PLC0346,Shyamoli,0.33,reverse,SRC_BRTA_METRO_FARES
BRTA_A_270_NO,PLC0163,Kalyanpur,PLC0362,Technical,0.92,forward,SRC_BRTA_METRO_FARES
BRTA_A_270_NO,PLC0362,Technical,PLC0163,Kalyanpur,0.92,reverse,SRC_BRTA_METRO_FARES
BRTA_A_270_NO,PLC0362,Technical,PLC0239,Mirpur-1,2.45,forward,SRC_BRTA_METRO_FARES
BRTA_A_270_NO,PLC0239,Mirpur-1,PLC0362,Technical,2.45,reverse,SRC_BRTA_METRO_FARES
BRTA_A_270_NO,PLC0239,Mirpur-1,PLC0245,Mirpur-2,1.3,forward,SRC_BRTA_METRO_FARES
BRTA_A_270_NO,PLC0245,Mirpur-2,PLC0239,Mirpur-1,1.3,reverse,SRC_BRTA_METRO_FARES
BRTA_A_270_NO,PLC0245,Mirpur-2,PLC0240,Mirpur-10,0.5,forward,SRC_BRTA_METRO_FARES
BRTA_A_270_NO,PLC0240,Mirpur-10,PLC0245,Mirpur-2,0.5,reverse,SRC_BRTA_METRO_FARES
BRTA_A_270_NO,PLC0240,Mirpur-10,PLC0241,Mirpur-11,1.0,forward,SRC_BRTA_METRO_FARES
BRTA_A_270_NO,PLC0241,Mirpur-11,PLC0240,Mirpur-10,1.0,reverse,SRC_BRTA_METRO_FARES
BRTA_A_270_NO,PLC0241,Mirpur-11,PLC0301,Purabi,0.5,forward,SRC_BRTA_METRO_FARES
BRTA_A_270_NO,PLC0301,Purabi,PLC0241,Mirpur-11,0.5,reverse,SRC_BRTA_METRO_FARES
BRTA_A_270_NO,PLC0301,Purabi,PLC0176,Kashi,3.2,forward,SRC_BRTA_METRO_FARES
BRTA_A_270_NO,PLC0176,Kashi,PLC0301,Purabi,3.2,reverse,SRC_BRTA_METRO_FARES
BRTA_A_270_NO,PLC0176,Kashi,PLC0337,Sheora Bazar,4.4,forward,SRC_BRTA_METRO_FARES
BRTA_A_270_NO,PLC0337,Sheora Bazar,PLC0176,Kashi,4.4,reverse,SRC_BRTA_METRO_FARES
BRTA_A_270_NO,PLC0337,Sheora Bazar,PLC0005,Airport,4.0,forward,SRC_BRTA_METRO_FARES
BRTA_A_270_NO,PLC0005,Airport,PLC0337,Sheora Bazar,4.0,reverse,SRC_BRTA_METRO_FARES
BRTA_A_270_NO,PLC0005,Airport,PLC0142,Jasimuddin,1.2,forward,SRC_BRTA_METRO_FARES
BRTA_A_270_NO,PLC0142,Jasimuddin,PLC0005,Airport,1.2,reverse,SRC_BRTA_METRO_FARES
BRTA_A_270_NO,PLC0142,Jasimuddin,PLC0001,Abdullahpur,2.5,forward,SRC_BRTA_METRO_FARES
BRTA_A_270_NO,PLC0001,Abdullahpur,PLC0142,Jasimuddin,2.5,reverse,SRC_BRTA_METRO_FARES
BRTA_A_270_NO,PLC0001,Abdullahpur,PLC0168,Kamarpada,2.1,forward,SRC_BRTA_METRO_FARES
BRTA_A_270_NO,PLC0168,Kamarpada,PLC0001,Abdullahpur,2.1,reverse,SRC_BRTA_METRO_FARES
BRTA_A_271_NO,PLC0115,Gabtoli Bridge Par,PLC0239,Mirpur-1,2.0,forward,SRC_BRTA_METRO_FARES
BRTA_A_271_NO,PLC0239,Mirpur-1,PLC0115,Gabtoli Bridge Par,2.0,reverse,SRC_BRTA_METRO_FARES
BRTA_A_271_NO,PLC0239,Mirpur-1,PLC0245,Mirpur-2,1.8,forward,SRC_BRTA_METRO_FARES
BRTA_A_271_NO,PLC0245,Mirpur-2,PLC0239,Mirpur-1,1.8,reverse,SRC_BRTA_METRO_FARES
BRTA_A_271_NO,PLC0245,Mirpur-2,PLC0240,Mirpur-10,1.0,forward,SRC_BRTA_METRO_FARES
BRTA_A_271_NO,PLC0240,Mirpur-10,PLC0245,Mirpur-2,1.0,reverse,SRC_BRTA_METRO_FARES
BRTA_A_271_NO,PLC0240,Mirpur-10,PLC0162,Kalshir Mor,4.7,forward,SRC_BRTA_METRO_FARES
BRTA_A_271_NO,PLC0162,Kalshir Mor,PLC0240,Mirpur-10,4.7,reverse,SRC_BRTA_METRO_FARES
BRTA_A_271_NO,PLC0162,Kalshir Mor,PLC0193,Khilkhet,5.5,forward,SRC_BRTA_METRO_FARES
BRTA_A_271_NO,PLC0193,Khilkhet,PLC0162,Kalshir Mor,5.5,reverse,SRC_BRTA_METRO_FARES
BRTA_A_271_NO,PLC0193,Khilkhet,PLC0005,Airport,3.0,forward,SRC_BRTA_METRO_FARES
BRTA_A_271_NO,PLC0005,Airport,PLC0193,Khilkhet,3.0,reverse,SRC_BRTA_METRO_FARES
BRTA_A_271_NO,PLC0005,Airport,PLC0001,Abdullahpur,3.7,forward,SRC_BRTA_METRO_FARES
BRTA_A_271_NO,PLC0001,Abdullahpur,PLC0005,Airport,3.7,reverse,SRC_BRTA_METRO_FARES
BRTA_A_271_NO,PLC0001,Abdullahpur,PLC0117,Gazipur,15.0,forward,SRC_BRTA_METRO_FARES
BRTA_A_271_NO,PLC0117,Gazipur,PLC0001,Abdullahpur,15.0,reverse,SRC_BRTA_METRO_FARES
BRTA_A_273_NO,PLC0115,Gabtoli Bridge Par,PLC0362,Technical,1.8,forward,SRC_BRTA_METRO_FARES
BRTA_A_273_NO,PLC0362,Technical,PLC0115,Gabtoli Bridge Par,1.8,reverse,SRC_BRTA_METRO_FARES
BRTA_A_273_NO,PLC0362,Technical,PLC0239,Mirpur-1,1.8,forward,SRC_BRTA_METRO_FARES
BRTA_A_273_NO,PLC0239,Mirpur-1,PLC0362,Technical,1.8,reverse,SRC_BRTA_METRO_FARES
BRTA_A_273_NO,PLC0239,Mirpur-1,PLC0245,Mirpur-2,1.3,forward,SRC_BRTA_METRO_FARES
BRTA_A_273_NO,PLC0245,Mirpur-2,PLC0239,Mirpur-1,1.3,reverse,SRC_BRTA_METRO_FARES
BRTA_A_273_NO,PLC0245,Mirpur-2,PLC0240,Mirpur-10,0.5,forward,SRC_BRTA_METRO_FARES
BRTA_A_273_NO,PLC0240,Mirpur-10,PLC0245,Mirpur-2,0.5,reverse,SRC_BRTA_METRO_FARES
BRTA_A_273_NO,PLC0240,Mirpur-10,PLC0241,Mirpur-11,1.0,forward,SRC_BRTA_METRO_FARES
BRTA_A_273_NO,PLC0241,Mirpur-11,PLC0240,Mirpur-10,1.0,reverse,SRC_BRTA_METRO_FARES
BRTA_A_273_NO,PLC0241,Mirpur-11,PLC0302,Purbi,0.5,forward,SRC_BRTA_METRO_FARES
BRTA_A_273_NO,PLC0302,Purbi,PLC0241,Mirpur-11,0.5,reverse,SRC_BRTA_METRO_FARES
BRTA_A_273_NO,PLC0302,Purbi,PLC0160,Kalshi,3.0,forward,SRC_BRTA_METRO_FARES
BRTA_A_273_NO,PLC0160,Kalshi,PLC0302,Purbi,3.0,reverse,SRC_BRTA_METRO_FARES
BRTA_A_273_NO,PLC0160,Kalshi,PLC0104,ECB Chattar,1.8,forward,SRC_BRTA_METRO_FARES
BRTA_A_273_NO,PLC0104,ECB Chattar,PLC0160,Kalshi,1.8,reverse,SRC_BRTA_METRO_FARES
BRTA_A_273_NO,PLC0104,ECB Chattar,PLC0154,Kakoli,3.9,forward,SRC_BRTA_METRO_FARES
BRTA_A_273_NO,PLC0154,Kakoli,PLC0104,ECB Chattar,3.9,reverse,SRC_BRTA_METRO_FARES
BRTA_A_273_NO,PLC0154,Kakoli,PLC0252,Mohakhali Amtoli,1.5,forward,SRC_BRTA_METRO_FARES
BRTA_A_273_NO,PLC0252,Mohakhali Amtoli,PLC0154,Kakoli,1.5,reverse,SRC_BRTA_METRO_FARES
BRTA_A_273_NO,PLC0252,Mohakhali Amtoli,PLC0129,Gulshan-1,1.8,forward,SRC_BRTA_METRO_FARES
BRTA_A_273_NO,PLC0129,Gulshan-1,PLC0252,Mohakhali Amtoli,1.8,reverse,SRC_BRTA_METRO_FARES
BRTA_A_273_NO,PLC0129,Gulshan-1,PLC0025,Badda Link Road/Madhy Badda,2.5,forward,SRC_BRTA_METRO_FARES
BRTA_A_273_NO,PLC0025,Badda Link Road/Madhy Badda,PLC0129,Gulshan-1,2.5,reverse,SRC_BRTA_METRO_FARES
BRTA_A_273_NO,PLC0025,Badda Link Road/Madhy Badda,PLC0231,Meradia Bazar,5.1,forward,SRC_BRTA_METRO_FARES
BRTA_A_273_NO,PLC0231,Meradia Bazar,PLC0025,Badda Link Road/Madhy Badda,5.1,reverse,SRC_BRTA_METRO_FARES
BRTA_A_278_NO,PLC0239,Mirpur-1,PLC0245,Mirpur-2,1.3,forward,SRC_BRTA_METRO_FARES
BRTA_A_278_NO,PLC0245,Mirpur-2,PLC0239,Mirpur-1,1.3,reverse,SRC_BRTA_METRO_FARES
BRTA_A_278_NO,PLC0245,Mirpur-2,PLC0195,Kochukshet,4.7,forward,SRC_BRTA_METRO_FARES
BRTA_A_278_NO,PLC0195,Kochukshet,PLC0245,Mirpur-2,4.7,reverse,SRC_BRTA_METRO_FARES
BRTA_A_278_NO,PLC0195,Kochukshet,PLC0324,Sainik Club,1.2,forward,SRC_BRTA_METRO_FARES
BRTA_A_278_NO,PLC0324,Sainik Club,PLC0195,Kochukshet,1.2,reverse,SRC_BRTA_METRO_FARES
BRTA_A_278_NO,PLC0324,Sainik Club,PLC0032,Banani,0.8,forward,SRC_BRTA_METRO_FARES
BRTA_A_278_NO,PLC0032,Banani,PLC0324,Sainik Club,0.8,reverse,SRC_BRTA_METRO_FARES
BRTA_A_278_NO,PLC0032,Banani,PLC0251,Mohakhali Amtali,2.5,forward,SRC_BRTA_METRO_FARES
BRTA_A_278_NO,PLC0251,Mohakhali Amtali,PLC0032,Banani,2.5,reverse,SRC_BRTA_METRO_FARES
BRTA_A_278_NO,PLC0251,Mohakhali Amtali,PLC0129,Gulshan-1,1.7,forward,SRC_BRTA_METRO_FARES
BRTA_A_278_NO,PLC0129,Gulshan-1,PLC0251,Mohakhali Amtali,1.7,reverse,SRC_BRTA_METRO_FARES
BRTA_A_278_NO,PLC0129,Gulshan-1,PLC0024,Badda Link Road,1.5,forward,SRC_BRTA_METRO_FARES
BRTA_A_278_NO,PLC0024,Badda Link Road,PLC0129,Gulshan-1,1.5,reverse,SRC_BRTA_METRO_FARES
BRTA_A_278_NO,PLC0024,Badda Link Road,PLC0284,Notun Bazar,1.3,forward,SRC_BRTA_METRO_FARES
BRTA_A_278_NO,PLC0284,Notun Bazar,PLC0024,Badda Link Road,1.3,reverse,SRC_BRTA_METRO_FARES
BRTA_A_278_NO,PLC0284,Notun Bazar,PLC0049,Beraid,6.0,forward,SRC_BRTA_METRO_FARES
BRTA_A_278_NO,PLC0049,Beraid,PLC0284,Notun Bazar,6.0,reverse,SRC_BRTA_METRO_FARES
BRTA_A_280_NO,PLC0234,Mirpur DOHS,PLC0159,Kalashi Mor,3.0,forward,SRC_BRTA_METRO_FARES
BRTA_A_280_NO,PLC0159,Kalashi Mor,PLC0234,Mirpur DOHS,3.0,reverse,SRC_BRTA_METRO_FARES
BRTA_A_280_NO,PLC0159,Kalashi Mor,PLC0104,ECB Chattar,1.0,forward,SRC_BRTA_METRO_FARES
BRTA_A_280_NO,PLC0104,ECB Chattar,PLC0159,Kalashi Mor,1.0,reverse,SRC_BRTA_METRO_FARES
BRTA_A_280_NO,PLC0104,ECB Chattar,PLC0068,Cantonment Signal Gate,2.0,forward,SRC_BRTA_METRO_FARES
BRTA_A_280_NO,PLC0068,Cantonment Signal Gate,PLC0104,ECB Chattar,2.0,reverse,SRC_BRTA_METRO_FARES
BRTA_A_280_NO,PLC0068,Cantonment Signal Gate,PLC0383,Work Shop,2.0,forward,SRC_BRTA_METRO_FARES
BRTA_A_280_NO,PLC0383,Work Shop,PLC0068,Cantonment Signal Gate,2.0,reverse,SRC_BRTA_METRO_FARES
BRTA_A_280_NO,PLC0383,Work Shop,PLC0112,Farmgate,4.0,forward,SRC_BRTA_METRO_FARES
BRTA_A_280_NO,PLC0112,Farmgate,PLC0383,Work Shop,4.0,reverse,SRC_BRTA_METRO_FARES
BRTA_A_280_NO,PLC0112,Farmgate,PLC0331,Shahbag,2.3,forward,SRC_BRTA_METRO_FARES
BRTA_A_280_NO,PLC0331,Shahbag,PLC0112,Farmgate,2.3,reverse,SRC_BRTA_METRO_FARES
BRTA_A_280_NO,PLC0331,Shahbag,PLC0125,Gulistan,2.8,forward,SRC_BRTA_METRO_FARES
BRTA_A_280_NO,PLC0125,Gulistan,PLC0331,Shahbag,2.8,reverse,SRC_BRTA_METRO_FARES
BRTA_A_280_NO,PLC0125,Gulistan,PLC0260,Motijheel,1.8,forward,SRC_BRTA_METRO_FARES
BRTA_A_280_NO,PLC0260,Motijheel,PLC0125,Gulistan,1.8,reverse,SRC_BRTA_METRO_FARES
BRTA_A_285_NO,PLC0387,Zoo,PLC0239,Mirpur-1,1.8,forward,SRC_BRTA_METRO_FARES
BRTA_A_285_NO,PLC0239,Mirpur-1,PLC0387,Zoo,1.8,reverse,SRC_BRTA_METRO_FARES
BRTA_A_285_NO,PLC0239,Mirpur-1,PLC0362,Technical,0.9,forward,SRC_BRTA_METRO_FARES
BRTA_A_285_NO,PLC0362,Technical,PLC0239,Mirpur-1,0.9,reverse,SRC_BRTA_METRO_FARES
BRTA_A_285_NO,PLC0362,Technical,PLC0346,Shyamoli,2.7,forward,SRC_BRTA_METRO_FARES
BRTA_A_285_NO,PLC0346,Shyamoli,PLC0362,Technical,2.7,reverse,SRC_BRTA_METRO_FARES
BRTA_A_285_NO,PLC0346,Shyamoli,PLC0012,Asad Gate,1.8,forward,SRC_BRTA_METRO_FARES
BRTA_A_285_NO,PLC0012,Asad Gate,PLC0346,Shyamoli,1.8,reverse,SRC_BRTA_METRO_FARES
BRTA_A_285_NO,PLC0012,Asad Gate,PLC0112,Farmgate,1.8,forward,SRC_BRTA_METRO_FARES
BRTA_A_285_NO,PLC0112,Farmgate,PLC0012,Asad Gate,1.8,reverse,SRC_BRTA_METRO_FARES
BRTA_A_285_NO,PLC0112,Farmgate,PLC0298,Press Club,3.6,forward,SRC_BRTA_METRO_FARES
BRTA_A_285_NO,PLC0298,Press Club,PLC0112,Farmgate,3.6,reverse,SRC_BRTA_METRO_FARES
BRTA_A_285_NO,PLC0298,Press Club,PLC0113,Fulbaria,1.6,forward,SRC_BRTA_METRO_FARES
BRTA_A_285_NO,PLC0113,Fulbaria,PLC0298,Press Club,1.6,reverse,SRC_BRTA_METRO_FARES
BRTA_A_285_NO,PLC0113,Fulbaria,PLC0016,Ati Bazar,1.5,forward,SRC_BRTA_METRO_FARES
BRTA_A_285_NO,PLC0016,Ati Bazar,PLC0113,Fulbaria,1.5,reverse,SRC_BRTA_METRO_FARES
BRTA_A_285_NO,PLC0016,Ati Bazar,PLC0021,Babu Bazar Bridge,1.2,forward,SRC_BRTA_METRO_FARES
BRTA_A_285_NO,PLC0021,Babu Bazar Bridge,PLC0016,Ati Bazar,1.2,reverse,SRC_BRTA_METRO_FARES
BRTA_A_285_NO,PLC0021,Babu Bazar Bridge,PLC0075,Chun Kutia,1.1,forward,SRC_BRTA_METRO_FARES
BRTA_A_285_NO,PLC0075,Chun Kutia,PLC0021,Babu Bazar Bridge,1.1,reverse,SRC_BRTA_METRO_FARES
BRTA_A_285_NO,PLC0075,Chun Kutia,PLC0182,Keraniganj (New Jail),3.0,forward,SRC_BRTA_METRO_FARES
BRTA_A_285_NO,PLC0182,Keraniganj (New Jail),PLC0075,Chun Kutia,3.0,reverse,SRC_BRTA_METRO_FARES
BRTA_A_288_NO,PLC0243,Mirpur-12,PLC0241,Mirpur-11,1.5,forward,SRC_BRTA_METRO_FARES
BRTA_A_288_NO,PLC0241,Mirpur-11,PLC0243,Mirpur-12,1.5,reverse,SRC_BRTA_METRO_FARES
BRTA_A_288_NO,PLC0241,Mirpur-11,PLC0240,Mirpur-10,1.0,forward,SRC_BRTA_METRO_FARES
BRTA_A_288_NO,PLC0240,Mirpur-10,PLC0241,Mirpur-11,1.0,reverse,SRC_BRTA_METRO_FARES
BRTA_A_288_NO,PLC0240,Mirpur-10,PLC0179,Kazipara,2.0,forward,SRC_BRTA_METRO_FARES
BRTA_A_288_NO,PLC0179,Kazipara,PLC0240,Mirpur-10,2.0,reverse,SRC_BRTA_METRO_FARES
BRTA_A_288_NO,PLC0179,Kazipara,PLC0339,Sheorapara,0.5,forward,SRC_BRTA_METRO_FARES
BRTA_A_288_NO,PLC0339,Sheorapara,PLC0179,Kazipara,0.5,reverse,SRC_BRTA_METRO_FARES
BRTA_A_288_NO,PLC0339,Sheorapara,PLC0112,Farmgate,4.0,forward,SRC_BRTA_METRO_FARES
BRTA_A_288_NO,PLC0112,Farmgate,PLC0339,Sheorapara,4.0,reverse,SRC_BRTA_METRO_FARES
BRTA_A_288_NO,PLC0112,Farmgate,PLC0331,Shahbag,2.3,forward,SRC_BRTA_METRO_FARES
BRTA_A_288_NO,PLC0331,Shahbag,PLC0112,Farmgate,2.3,reverse,SRC_BRTA_METRO_FARES
BRTA_A_288_NO,PLC0331,Shahbag,PLC0124,GPO,3.2,forward,SRC_BRTA_METRO_FARES
BRTA_A_288_NO,PLC0124,GPO,PLC0331,Shahbag,3.2,reverse,SRC_BRTA_METRO_FARES
BRTA_A_288_NO,PLC0124,GPO,PLC0225,Mayor Mohammad Hanif Flyover,1.5,forward,SRC_BRTA_METRO_FARES
BRTA_A_288_NO,PLC0225,Mayor Mohammad Hanif Flyover,PLC0124,GPO,1.5,reverse,SRC_BRTA_METRO_FARES
BRTA_A_288_NO,PLC0225,Mayor Mohammad Hanif Flyover,PLC0332,Shanir Akhra,6.0,forward,SRC_BRTA_METRO_FARES
BRTA_A_288_NO,PLC0332,Shanir Akhra,PLC0225,Mayor Mohammad Hanif Flyover,6.0,reverse,SRC_BRTA_METRO_FARES
BRTA_A_288_NO,PLC0332,Shanir Akhra,PLC0348,Signboard,3.3,forward,SRC_BRTA_METRO_FARES
BRTA_A_288_NO,PLC0348,Signboard,PLC0332,Shanir Akhra,3.3,reverse,SRC_BRTA_METRO_FARES
BRTA_A_288_NO,PLC0348,Signboard,PLC0072,Chasara Bus Stand,7.9,forward,SRC_BRTA_METRO_FARES
BRTA_A_288_NO,PLC0072,Chasara Bus Stand,PLC0348,Signboard,7.9,reverse,SRC_BRTA_METRO_FARES
BRTA_A_288_NO,PLC0072,Chasara Bus Stand,PLC0270,Narayanganj,1.8,forward,SRC_BRTA_METRO_FARES
BRTA_A_288_NO,PLC0270,Narayanganj,PLC0072,Chasara Bus Stand,1.8,reverse,SRC_BRTA_METRO_FARES
BRTA_A_292_NO,PLC0258,Mohammadpur Shia Mosque,PLC0346,Shyamoli,1.5,forward,SRC_BRTA_METRO_FARES
BRTA_A_292_NO,PLC0346,Shyamoli,PLC0258,Mohammadpur Shia Mosque,1.5,reverse,SRC_BRTA_METRO_FARES
BRTA_A_292_NO,PLC0346,Shyamoli,PLC0343,Shishumela,0.5,forward,SRC_BRTA_METRO_FARES
BRTA_A_292_NO,PLC0343,Shishumela,PLC0346,Shyamoli,0.5,reverse,SRC_BRTA_METRO_FARES
BRTA_A_292_NO,PLC0343,Shishumela,PLC0004,Agargaon,2.1,forward,SRC_BRTA_METRO_FARES
BRTA_A_292_NO,PLC0004,Agargaon,PLC0343,Shishumela,2.1,reverse,SRC_BRTA_METRO_FARES
BRTA_A_292_NO,PLC0004,Agargaon,PLC0250,Mohakhali,3.9,forward,SRC_BRTA_METRO_FARES
BRTA_A_292_NO,PLC0250,Mohakhali,PLC0004,Agargaon,3.9,reverse,SRC_BRTA_METRO_FARES
BRTA_A_292_NO,PLC0250,Mohakhali,PLC0032,Banani,1.8,forward,SRC_BRTA_METRO_FARES
BRTA_A_292_NO,PLC0032,Banani,PLC0250,Mohakhali,1.8,reverse,SRC_BRTA_METRO_FARES
BRTA_A_292_NO,PLC0032,Banani,PLC0005,Airport,7.5,forward,SRC_BRTA_METRO_FARES
BRTA_A_292_NO,PLC0005,Airport,PLC0032,Banani,7.5,reverse,SRC_BRTA_METRO_FARES
BRTA_A_292_NO,PLC0005,Airport,PLC0377,Uttara,2.2,forward,SRC_BRTA_METRO_FARES
BRTA_A_292_NO,PLC0377,Uttara,PLC0005,Airport,2.2,reverse,SRC_BRTA_METRO_FARES
BRTA_A_292_NO,PLC0377,Uttara,PLC0001,Abdullahpur,1.3,forward,SRC_BRTA_METRO_FARES
BRTA_A_292_NO,PLC0001,Abdullahpur,PLC0377,Uttara,1.3,reverse,SRC_BRTA_METRO_FARES
BRTA_A_292_NO,PLC0001,Abdullahpur,PLC0093,Dhaur,4.4,forward,SRC_BRTA_METRO_FARES
BRTA_A_292_NO,PLC0093,Dhaur,PLC0001,Abdullahpur,4.4,reverse,SRC_BRTA_METRO_FARES
BRTA_A_292_NO,PLC0093,Dhaur,PLC0014,Ashulia,3.2,forward,SRC_BRTA_METRO_FARES
BRTA_A_292_NO,PLC0014,Ashulia,PLC0093,Dhaur,3.2,reverse,SRC_BRTA_METRO_FARES
BRTA_A_292_NO,PLC0014,Ashulia,PLC0281,Nobinagar (Savar),11.6,forward,SRC_BRTA_METRO_FARES
BRTA_A_292_NO,PLC0281,Nobinagar (Savar),PLC0014,Ashulia,11.6,reverse,SRC_BRTA_METRO_FARES
BRTA_A_294_NO,PLC0140,Japan Garden City,PLC0346,Shyamoli,1.5,forward,SRC_BRTA_METRO_FARES
BRTA_A_294_NO,PLC0346,Shyamoli,PLC0140,Japan Garden City,1.5,reverse,SRC_BRTA_METRO_FARES
BRTA_A_294_NO,PLC0346,Shyamoli,PLC0004,Agargaon,2.6,forward,SRC_BRTA_METRO_FARES
BRTA_A_294_NO,PLC0004,Agargaon,PLC0346,Shyamoli,2.6,reverse,SRC_BRTA_METRO_FARES
BRTA_A_294_NO,PLC0004,Agargaon,PLC0250,Mohakhali,3.9,forward,SRC_BRTA_METRO_FARES
BRTA_A_294_NO,PLC0250,Mohakhali,PLC0004,Agargaon,3.9,reverse,SRC_BRTA_METRO_FARES
BRTA_A_294_NO,PLC0250,Mohakhali,PLC0153,Kajli,1.8,forward,SRC_BRTA_METRO_FARES
BRTA_A_294_NO,PLC0153,Kajli,PLC0250,Mohakhali,1.8,reverse,SRC_BRTA_METRO_FARES
BRTA_A_294_NO,PLC0153,Kajli,PLC0005,Airport,7.5,forward,SRC_BRTA_METRO_FARES
BRTA_A_294_NO,PLC0005,Airport,PLC0153,Kajli,7.5,reverse,SRC_BRTA_METRO_FARES
BRTA_A_294_NO,PLC0005,Airport,PLC0377,Uttara,2.2,forward,SRC_BRTA_METRO_FARES
BRTA_A_294_NO,PLC0377,Uttara,PLC0005,Airport,2.2,reverse,SRC_BRTA_METRO_FARES
BRTA_A_294_NO,PLC0377,Uttara,PLC0093,Dhaur,5.7,forward,SRC_BRTA_METRO_FARES
BRTA_A_294_NO,PLC0093,Dhaur,PLC0377,Uttara,5.7,reverse,SRC_BRTA_METRO_FARES
BRTA_A_295_NO,PLC0243,Mirpur-12,PLC0240,Mirpur-10,3.0,forward,SRC_BRTA_METRO_FARES
BRTA_A_295_NO,PLC0240,Mirpur-10,PLC0243,Mirpur-12,3.0,reverse,SRC_BRTA_METRO_FARES
BRTA_A_295_NO,PLC0240,Mirpur-10,PLC0059,Bijoy Smriti,6.4,forward,SRC_BRTA_METRO_FARES
BRTA_A_295_NO,PLC0059,Bijoy Smriti,PLC0240,Mirpur-10,6.4,reverse,SRC_BRTA_METRO_FARES
BRTA_A_295_NO,PLC0059,Bijoy Smriti,PLC0112,Farmgate,0.5,forward,SRC_BRTA_METRO_FARES
BRTA_A_295_NO,PLC0112,Farmgate,PLC0059,Bijoy Smriti,0.5,reverse,SRC_BRTA_METRO_FARES
BRTA_A_295_NO,PLC0112,Farmgate,PLC0125,Gulistan,5.1,forward,SRC_BRTA_METRO_FARES
BRTA_A_295_NO,PLC0125,Gulistan,PLC0112,Farmgate,5.1,reverse,SRC_BRTA_METRO_FARES
BRTA_A_295_NO,PLC0125,Gulistan,PLC0021,Babu Bazar Bridge,3.0,forward,SRC_BRTA_METRO_FARES
BRTA_A_295_NO,PLC0021,Babu Bazar Bridge,PLC0125,Gulistan,3.0,reverse,SRC_BRTA_METRO_FARES
BRTA_A_295_NO,PLC0021,Babu Bazar Bridge,PLC0223,Mawa Ferryghat,35.0,forward,SRC_BRTA_METRO_FARES
BRTA_A_295_NO,PLC0223,Mawa Ferryghat,PLC0021,Babu Bazar Bridge,35.0,reverse,SRC_BRTA_METRO_FARES
BRTA_A_299_NO,PLC0016,Ati Bazar,PLC0253,Mohammadpur,5.0,forward,SRC_BRTA_METRO_FARES
BRTA_A_299_NO,PLC0253,Mohammadpur,PLC0016,Ati Bazar,5.0,reverse,SRC_BRTA_METRO_FARES
BRTA_A_299_NO,PLC0253,Mohammadpur,PLC0112,Farmgate,3.0,forward,SRC_BRTA_METRO_FARES
BRTA_A_299_NO,PLC0112,Farmgate,PLC0253,Mohammadpur,3.0,reverse,SRC_BRTA_METRO_FARES
BRTA_A_299_NO,PLC0112,Farmgate,PLC0153,Kajli,5.0,forward,SRC_BRTA_METRO_FARES
BRTA_A_299_NO,PLC0153,Kajli,PLC0112,Farmgate,5.0,reverse,SRC_BRTA_METRO_FARES
BRTA_A_299_NO,PLC0153,Kajli,PLC0005,Airport,7.0,forward,SRC_BRTA_METRO_FARES
BRTA_A_299_NO,PLC0005,Airport,PLC0153,Kajli,7.0,reverse,SRC_BRTA_METRO_FARES
BRTA_A_299_NO,PLC0005,Airport,PLC0377,Uttara,3.0,forward,SRC_BRTA_METRO_FARES
BRTA_A_299_NO,PLC0377,Uttara,PLC0005,Airport,3.0,reverse,SRC_BRTA_METRO_FARES
BRTA_A_299_NO,PLC0377,Uttara,PLC0093,Dhaur,6.0,forward,SRC_BRTA_METRO_FARES
BRTA_A_299_NO,PLC0093,Dhaur,PLC0377,Uttara,6.0,reverse,SRC_BRTA_METRO_FARES
BRTA_A_301_NO,PLC0140,Japan Garden City,PLC0347,Shyamoli Ring Road,1.5,forward,SRC_BRTA_METRO_FARES
BRTA_A_301_NO,PLC0347,Shyamoli Ring Road,PLC0140,Japan Garden City,1.5,reverse,SRC_BRTA_METRO_FARES
BRTA_A_301_NO,PLC0347,Shyamoli Ring Road,PLC0004,Agargaon,2.0,forward,SRC_BRTA_METRO_FARES
BRTA_A_301_NO,PLC0004,Agargaon,PLC0347,Shyamoli Ring Road,2.0,reverse,SRC_BRTA_METRO_FARES
BRTA_A_301_NO,PLC0004,Agargaon,PLC0338,Sheora Para,1.7,forward,SRC_BRTA_METRO_FARES
BRTA_A_301_NO,PLC0338,Sheora Para,PLC0004,Agargaon,1.7,reverse,SRC_BRTA_METRO_FARES
BRTA_A_301_NO,PLC0338,Sheora Para,PLC0240,Mirpur-10,1.9,forward,SRC_BRTA_METRO_FARES
BRTA_A_301_NO,PLC0240,Mirpur-10,PLC0338,Sheora Para,1.9,reverse,SRC_BRTA_METRO_FARES
BRTA_A_301_NO,PLC0240,Mirpur-10,PLC0160,Kalshi,4.7,forward,SRC_BRTA_METRO_FARES
BRTA_A_301_NO,PLC0160,Kalshi,PLC0240,Mirpur-10,4.7,reverse,SRC_BRTA_METRO_FARES
BRTA_A_301_NO,PLC0160,Kalshi,PLC0104,ECB Chattar,1.8,forward,SRC_BRTA_METRO_FARES
BRTA_A_301_NO,PLC0104,ECB Chattar,PLC0160,Kalshi,1.8,reverse,SRC_BRTA_METRO_FARES
BRTA_A_301_NO,PLC0104,ECB Chattar,PLC0005,Airport,6.7,forward,SRC_BRTA_METRO_FARES
BRTA_A_301_NO,PLC0005,Airport,PLC0104,ECB Chattar,6.7,reverse,SRC_BRTA_METRO_FARES
BRTA_A_301_NO,PLC0005,Airport,PLC0001,Abdullahpur,3.7,forward,SRC_BRTA_METRO_FARES
BRTA_A_301_NO,PLC0001,Abdullahpur,PLC0005,Airport,3.7,reverse,SRC_BRTA_METRO_FARES
BRTA_A_301_NO,PLC0001,Abdullahpur,PLC0093,Dhaur,5.5,forward,SRC_BRTA_METRO_FARES
BRTA_A_301_NO,PLC0093,Dhaur,PLC0001,Abdullahpur,5.5,reverse,SRC_BRTA_METRO_FARES
BRTA_A_302_NO,PLC0065,Bonsree (Meradia),PLC0314,Rampura Bridge,1.0,forward,SRC_BRTA_METRO_FARES
BRTA_A_302_NO,PLC0314,Rampura Bridge,PLC0065,Bonsree (Meradia),1.0,reverse,SRC_BRTA_METRO_FARES
BRTA_A_302_NO,PLC0314,Rampura Bridge,PLC0129,Gulshan-1,2.5,forward,SRC_BRTA_METRO_FARES
BRTA_A_302_NO,PLC0129,Gulshan-1,PLC0314,Rampura Bridge,2.5,reverse,SRC_BRTA_METRO_FARES
BRTA_A_302_NO,PLC0129,Gulshan-1,PLC0250,Mohakhali,1.8,forward,SRC_BRTA_METRO_FARES
BRTA_A_302_NO,PLC0250,Mohakhali,PLC0129,Gulshan-1,1.8,reverse,SRC_BRTA_METRO_FARES
BRTA_A_302_NO,PLC0250,Mohakhali,PLC0004,Agargaon,3.9,forward,SRC_BRTA_METRO_FARES
BRTA_A_302_NO,PLC0004,Agargaon,PLC0250,Mohakhali,3.9,reverse,SRC_BRTA_METRO_FARES
BRTA_A_302_NO,PLC0004,Agargaon,PLC0346,Shyamoli,2.0,forward,SRC_BRTA_METRO_FARES
BRTA_A_302_NO,PLC0346,Shyamoli,PLC0004,Agargaon,2.0,reverse,SRC_BRTA_METRO_FARES
BRTA_A_302_NO,PLC0346,Shyamoli,PLC0163,Kalyanpur,0.5,forward,SRC_BRTA_METRO_FARES
BRTA_A_302_NO,PLC0163,Kalyanpur,PLC0346,Shyamoli,0.5,reverse,SRC_BRTA_METRO_FARES
BRTA_A_302_NO,PLC0163,Kalyanpur,PLC0114,Gabtoli,1.5,forward,SRC_BRTA_METRO_FARES
BRTA_A_302_NO,PLC0114,Gabtoli,PLC0163,Kalyanpur,1.5,reverse,SRC_BRTA_METRO_FARES
BRTA_A_302_NO,PLC0114,Gabtoli,PLC0006,Amin Bazar,1.5,forward,SRC_BRTA_METRO_FARES
BRTA_A_302_NO,PLC0006,Amin Bazar,PLC0114,Gabtoli,1.5,reverse,SRC_BRTA_METRO_FARES
BRTA_A_302_NO,PLC0006,Amin Bazar,PLC0326,Savar,12.0,forward,SRC_BRTA_METRO_FARES
BRTA_A_302_NO,PLC0326,Savar,PLC0006,Amin Bazar,12.0,reverse,SRC_BRTA_METRO_FARES
BRTA_A_304_NO,PLC0046,Basila,PLC0011,Asad Avenue,3.0,forward,SRC_BRTA_METRO_FARES
BRTA_A_304_NO,PLC0011,Asad Avenue,PLC0046,Basila,3.0,reverse,SRC_BRTA_METRO_FARES
BRTA_A_304_NO,PLC0011,Asad Avenue,PLC0346,Shyamoli,1.8,forward,SRC_BRTA_METRO_FARES
BRTA_A_304_NO,PLC0346,Shyamoli,PLC0011,Asad Avenue,1.8,reverse,SRC_BRTA_METRO_FARES
BRTA_A_304_NO,PLC0346,Shyamoli,PLC0163,Kalyanpur,0.33,forward,SRC_BRTA_METRO_FARES
BRTA_A_304_NO,PLC0163,Kalyanpur,PLC0346,Shyamoli,0.33,reverse,SRC_BRTA_METRO_FARES
BRTA_A_304_NO,PLC0163,Kalyanpur,PLC0362,Technical,0.92,forward,SRC_BRTA_METRO_FARES
BRTA_A_304_NO,PLC0362,Technical,PLC0163,Kalyanpur,0.92,reverse,SRC_BRTA_METRO_FARES
BRTA_A_304_NO,PLC0362,Technical,PLC0239,Mirpur-1,2.45,forward,SRC_BRTA_METRO_FARES
BRTA_A_304_NO,PLC0239,Mirpur-1,PLC0362,Technical,2.45,reverse,SRC_BRTA_METRO_FARES
BRTA_A_304_NO,PLC0239,Mirpur-1,PLC0245,Mirpur-2,1.3,forward,SRC_BRTA_METRO_FARES
BRTA_A_304_NO,PLC0245,Mirpur-2,PLC0239,Mirpur-1,1.3,reverse,SRC_BRTA_METRO_FARES
BRTA_A_304_NO,PLC0245,Mirpur-2,PLC0240,Mirpur-10,0.5,forward,SRC_BRTA_METRO_FARES
BRTA_A_304_NO,PLC0240,Mirpur-10,PLC0245,Mirpur-2,0.5,reverse,SRC_BRTA_METRO_FARES
BRTA_A_304_NO,PLC0240,Mirpur-10,PLC0241,Mirpur-11,1.0,forward,SRC_BRTA_METRO_FARES
BRTA_A_304_NO,PLC0241,Mirpur-11,PLC0240,Mirpur-10,1.0,reverse,SRC_BRTA_METRO_FARES
BRTA_A_304_NO,PLC0241,Mirpur-11,PLC0302,Purbi,0.5,forward,SRC_BRTA_METRO_FARES
BRTA_A_304_NO,PLC0302,Purbi,PLC0241,Mirpur-11,0.5,reverse,SRC_BRTA_METRO_FARES
BRTA_A_304_NO,PLC0302,Purbi,PLC0160,Kalshi,3.2,forward,SRC_BRTA_METRO_FARES
BRTA_A_304_NO,PLC0160,Kalshi,PLC0302,Purbi,3.2,reverse,SRC_BRTA_METRO_FARES
BRTA_A_304_NO,PLC0160,Kalshi,PLC0337,Sheora Bazar,4.4,forward,SRC_BRTA_METRO_FARES
BRTA_A_304_NO,PLC0337,Sheora Bazar,PLC0160,Kalshi,4.4,reverse,SRC_BRTA_METRO_FARES
BRTA_A_304_NO,PLC0337,Sheora Bazar,PLC0005,Airport,4.0,forward,SRC_BRTA_METRO_FARES
BRTA_A_304_NO,PLC0005,Airport,PLC0337,Sheora Bazar,4.0,reverse,SRC_BRTA_METRO_FARES
BRTA_A_304_NO,PLC0005,Airport,PLC0141,Jasim Uddin,1.2,forward,SRC_BRTA_METRO_FARES
BRTA_A_304_NO,PLC0141,Jasim Uddin,PLC0005,Airport,1.2,reverse,SRC_BRTA_METRO_FARES
BRTA_A_304_NO,PLC0141,Jasim Uddin,PLC0001,Abdullahpur,2.5,forward,SRC_BRTA_METRO_FARES
BRTA_A_304_NO,PLC0001,Abdullahpur,PLC0141,Jasim Uddin,2.5,reverse,SRC_BRTA_METRO_FARES
BRTA_A_304_NO,PLC0001,Abdullahpur,PLC0169,Kamarpara,2.1,forward,SRC_BRTA_METRO_FARES
BRTA_A_304_NO,PLC0169,Kamarpara,PLC0001,Abdullahpur,2.1,reverse,SRC_BRTA_METRO_FARES
BRTA_A_304_NO,PLC0169,Kamarpara,PLC0093,Dhaur,3.0,forward,SRC_BRTA_METRO_FARES
BRTA_A_304_NO,PLC0093,Dhaur,PLC0169,Kamarpara,3.0,reverse,SRC_BRTA_METRO_FARES
BRTA_A_307_NO,PLC0244,Mirpur-14,PLC0240,Mirpur-10,2.1,forward,SRC_BRTA_METRO_FARES
BRTA_A_307_NO,PLC0240,Mirpur-10,PLC0244,Mirpur-14,2.1,reverse,SRC_BRTA_METRO_FARES
BRTA_A_307_NO,PLC0240,Mirpur-10,PLC0245,Mirpur-2,1.5,forward,SRC_BRTA_METRO_FARES
BRTA_A_307_NO,PLC0245,Mirpur-2,PLC0240,Mirpur-10,1.5,reverse,SRC_BRTA_METRO_FARES
BRTA_A_307_NO,PLC0245,Mirpur-2,PLC0239,Mirpur-1,1.0,forward,SRC_BRTA_METRO_FARES
BRTA_A_307_NO,PLC0239,Mirpur-1,PLC0245,Mirpur-2,1.0,reverse,SRC_BRTA_METRO_FARES
BRTA_A_307_NO,PLC0239,Mirpur-1,PLC0114,Gabtoli,2.0,forward,SRC_BRTA_METRO_FARES
BRTA_A_307_NO,PLC0114,Gabtoli,PLC0239,Mirpur-1,2.0,reverse,SRC_BRTA_METRO_FARES
BRTA_A_307_NO,PLC0114,Gabtoli,PLC0326,Savar,13.5,forward,SRC_BRTA_METRO_FARES
BRTA_A_307_NO,PLC0326,Savar,PLC0114,Gabtoli,13.5,reverse,SRC_BRTA_METRO_FARES
BRTA_A_307_NO,PLC0326,Savar,PLC0267,Nabinagar,8.0,forward,SRC_BRTA_METRO_FARES
BRTA_A_307_NO,PLC0267,Nabinagar,PLC0326,Savar,8.0,reverse,SRC_BRTA_METRO_FARES
BRTA_A_307_NO,PLC0267,Nabinagar,PLC0108,EPZ,4.6,forward,SRC_BRTA_METRO_FARES
BRTA_A_307_NO,PLC0108,EPZ,PLC0267,Nabinagar,4.6,reverse,SRC_BRTA_METRO_FARES
BRTA_A_309_NO,PLC0321,Sadarghat,PLC0125,Gulistan,2.5,forward,SRC_BRTA_METRO_FARES
BRTA_A_309_NO,PLC0125,Gulistan,PLC0321,Sadarghat,2.5,reverse,SRC_BRTA_METRO_FARES
BRTA_A_309_NO,PLC0125,Gulistan,PLC0291,Paltan,1.0,forward,SRC_BRTA_METRO_FARES
BRTA_A_309_NO,PLC0291,Paltan,PLC0125,Gulistan,1.0,reverse,SRC_BRTA_METRO_FARES
BRTA_A_309_NO,PLC0291,Paltan,PLC0331,Shahbag,2.3,forward,SRC_BRTA_METRO_FARES
BRTA_A_309_NO,PLC0331,Shahbag,PLC0291,Paltan,2.3,reverse,SRC_BRTA_METRO_FARES
BRTA_A_309_NO,PLC0331,Shahbag,PLC0329,Science Lab,1.3,forward,SRC_BRTA_METRO_FARES
BRTA_A_309_NO,PLC0329,Science Lab,PLC0331,Shahbag,1.3,reverse,SRC_BRTA_METRO_FARES
BRTA_A_309_NO,PLC0329,Science Lab,PLC0012,Asad Gate,2.5,forward,SRC_BRTA_METRO_FARES
BRTA_A_309_NO,PLC0012,Asad Gate,PLC0329,Science Lab,2.5,reverse,SRC_BRTA_METRO_FARES
BRTA_A_309_NO,PLC0012,Asad Gate,PLC0114,Gabtoli,5.4,forward,SRC_BRTA_METRO_FARES
BRTA_A_309_NO,PLC0114,Gabtoli,PLC0012,Asad Gate,5.4,reverse,SRC_BRTA_METRO_FARES
BRTA_A_309_NO,PLC0114,Gabtoli,PLC0326,Savar,13.5,forward,SRC_BRTA_METRO_FARES
BRTA_A_309_NO,PLC0326,Savar,PLC0114,Gabtoli,13.5,reverse,SRC_BRTA_METRO_FARES
BRTA_A_309_NO,PLC0326,Savar,PLC0267,Nabinagar,8.5,forward,SRC_BRTA_METRO_FARES
BRTA_A_309_NO,PLC0267,Nabinagar,PLC0326,Savar,8.5,reverse,SRC_BRTA_METRO_FARES
BRTA_A_309_NO,PLC0267,Nabinagar,PLC0108,EPZ,4.7,forward,SRC_BRTA_METRO_FARES
BRTA_A_309_NO,PLC0108,EPZ,PLC0267,Nabinagar,4.7,reverse,SRC_BRTA_METRO_FARES
BRTA_A_310_NO,PLC0236,Mirpur Rupnagar,PLC0243,Mirpur-12,1.2,forward,SRC_BRTA_METRO_FARES
BRTA_A_310_NO,PLC0243,Mirpur-12,PLC0236,Mirpur Rupnagar,1.2,reverse,SRC_BRTA_METRO_FARES
BRTA_A_310_NO,PLC0243,Mirpur-12,PLC0241,Mirpur-11,1.4,forward,SRC_BRTA_METRO_FARES
BRTA_A_310_NO,PLC0241,Mirpur-11,PLC0243,Mirpur-12,1.4,reverse,SRC_BRTA_METRO_FARES
BRTA_A_310_NO,PLC0241,Mirpur-11,PLC0240,Mirpur-10,0.9,forward,SRC_BRTA_METRO_FARES
BRTA_A_310_NO,PLC0240,Mirpur-10,PLC0241,Mirpur-11,0.9,reverse,SRC_BRTA_METRO_FARES
BRTA_A_310_NO,PLC0240,Mirpur-10,PLC0179,Kazipara,1.4,forward,SRC_BRTA_METRO_FARES
BRTA_A_310_NO,PLC0179,Kazipara,PLC0240,Mirpur-10,1.4,reverse,SRC_BRTA_METRO_FARES
BRTA_A_310_NO,PLC0179,Kazipara,PLC0339,Sheorapara,0.6,forward,SRC_BRTA_METRO_FARES
BRTA_A_310_NO,PLC0339,Sheorapara,PLC0179,Kazipara,0.6,reverse,SRC_BRTA_METRO_FARES
BRTA_A_310_NO,PLC0339,Sheorapara,PLC0112,Farmgate,4.7,forward,SRC_BRTA_METRO_FARES
BRTA_A_310_NO,PLC0112,Farmgate,PLC0339,Sheorapara,4.7,reverse,SRC_BRTA_METRO_FARES
BRTA_A_310_NO,PLC0112,Farmgate,PLC0291,Paltan,4.5,forward,SRC_BRTA_METRO_FARES
BRTA_A_310_NO,PLC0291,Paltan,PLC0112,Farmgate,4.5,reverse,SRC_BRTA_METRO_FARES
BRTA_A_310_NO,PLC0291,Paltan,PLC0079,Daily Bangla,0.8,forward,SRC_BRTA_METRO_FARES
BRTA_A_310_NO,PLC0079,Daily Bangla,PLC0291,Paltan,0.8,reverse,SRC_BRTA_METRO_FARES
BRTA_A_310_NO,PLC0079,Daily Bangla,PLC0335,Shapla Chattar,0.9,forward,SRC_BRTA_METRO_FARES
BRTA_A_310_NO,PLC0335,Shapla Chattar,PLC0079,Daily Bangla,0.9,reverse,SRC_BRTA_METRO_FARES
BRTA_A_310_NO,PLC0335,Shapla Chattar,PLC0010,Arambagh,0.7,forward,SRC_BRTA_METRO_FARES
BRTA_A_310_NO,PLC0010,Arambagh,PLC0335,Shapla Chattar,0.7,reverse,SRC_BRTA_METRO_FARES
BRTA_A_310_NO,PLC0010,Arambagh,PLC0164,Kamalapur,0.5,forward,SRC_BRTA_METRO_FARES
BRTA_A_310_NO,PLC0164,Kamalapur,PLC0010,Arambagh,0.5,reverse,SRC_BRTA_METRO_FARES
BRTA_A_310_NO,PLC0164,Kamalapur,PLC0327,Sayedabad,2.3,forward,SRC_BRTA_METRO_FARES
BRTA_A_310_NO,PLC0327,Sayedabad,PLC0164,Kamalapur,2.3,reverse,SRC_BRTA_METRO_FARES
BRTA_A_314_NO,PLC0132,Hemayetpur,PLC0114,Gabtoli,7.2,forward,SRC_BRTA_METRO_FARES
BRTA_A_314_NO,PLC0114,Gabtoli,PLC0132,Hemayetpur,7.2,reverse,SRC_BRTA_METRO_FARES
BRTA_A_314_NO,PLC0114,Gabtoli,PLC0362,Technical,1.5,forward,SRC_BRTA_METRO_FARES
BRTA_A_314_NO,PLC0362,Technical,PLC0114,Gabtoli,1.5,reverse,SRC_BRTA_METRO_FARES
BRTA_A_314_NO,PLC0362,Technical,PLC0239,Mirpur-1,1.8,forward,SRC_BRTA_METRO_FARES
BRTA_A_314_NO,PLC0239,Mirpur-1,PLC0362,Technical,1.8,reverse,SRC_BRTA_METRO_FARES
BRTA_A_314_NO,PLC0239,Mirpur-1,PLC0245,Mirpur-2,1.3,forward,SRC_BRTA_METRO_FARES
BRTA_A_314_NO,PLC0245,Mirpur-2,PLC0239,Mirpur-1,1.3,reverse,SRC_BRTA_METRO_FARES
BRTA_A_314_NO,PLC0245,Mirpur-2,PLC0246,Mirpur-6,1.3,forward,SRC_BRTA_METRO_FARES
BRTA_A_314_NO,PLC0246,Mirpur-6,PLC0245,Mirpur-2,1.3,reverse,SRC_BRTA_METRO_FARES
BRTA_A_314_NO,PLC0246,Mirpur-6,PLC0241,Mirpur-11,1.5,forward,SRC_BRTA_METRO_FARES
BRTA_A_314_NO,PLC0241,Mirpur-11,PLC0246,Mirpur-6,1.5,reverse,SRC_BRTA_METRO_FARES
BRTA_A_314_NO,PLC0241,Mirpur-11,PLC0161,Kalshi Morh,3.7,forward,SRC_BRTA_METRO_FARES
BRTA_A_314_NO,PLC0161,Kalshi Morh,PLC0241,Mirpur-11,3.7,reverse,SRC_BRTA_METRO_FARES
BRTA_A_314_NO,PLC0161,Kalshi Morh,PLC0104,ECB Chattar,1.8,forward,SRC_BRTA_METRO_FARES
BRTA_A_314_NO,PLC0104,ECB Chattar,PLC0161,Kalshi Morh,1.8,reverse,SRC_BRTA_METRO_FARES
BRTA_A_314_NO,PLC0104,ECB Chattar,PLC0204,Kuril Biswa Road,2.7,forward,SRC_BRTA_METRO_FARES
BRTA_A_314_NO,PLC0204,Kuril Biswa Road,PLC0104,ECB Chattar,2.7,reverse,SRC_BRTA_METRO_FARES
BRTA_A_314_NO,PLC0204,Kuril Biswa Road,PLC0312,Rampura,7.0,forward,SRC_BRTA_METRO_FARES
BRTA_A_314_NO,PLC0312,Rampura,PLC0204,Kuril Biswa Road,7.0,reverse,SRC_BRTA_METRO_FARES
BRTA_A_314_NO,PLC0312,Rampura,PLC0064,Bonsree,1.0,forward,SRC_BRTA_METRO_FARES
BRTA_A_314_NO,PLC0064,Bonsree,PLC0312,Rampura,1.0,reverse,SRC_BRTA_METRO_FARES
BRTA_A_314_NO,PLC0064,Bonsree,PLC0231,Meradia Bazar,2.0,forward,SRC_BRTA_METRO_FARES
BRTA_A_314_NO,PLC0231,Meradia Bazar,PLC0064,Bonsree,2.0,reverse,SRC_BRTA_METRO_FARES
BRTA_A_314_NO,PLC0231,Meradia Bazar,PLC0355,Staff Quarter,6.0,forward,SRC_BRTA_METRO_FARES
BRTA_A_314_NO,PLC0355,Staff Quarter,PLC0231,Meradia Bazar,6.0,reverse,SRC_BRTA_METRO_FARES
BRTA_A_317_NO,PLC0100,Diabari Chourasta,PLC0221,Mast Plaza,2.5,forward,SRC_BRTA_METRO_FARES
BRTA_A_317_NO,PLC0221,Mast Plaza,PLC0100,Diabari Chourasta,2.5,reverse,SRC_BRTA_METRO_FARES
BRTA_A_317_NO,PLC0221,Mast Plaza,PLC0005,Airport,2.0,forward,SRC_BRTA_METRO_FARES
BRTA_A_317_NO,PLC0005,Airport,PLC0221,Mast Plaza,2.0,reverse,SRC_BRTA_METRO_FARES
BRTA_A_317_NO,PLC0005,Airport,PLC0205,Kuril Flyover,4.0,forward,SRC_BRTA_METRO_FARES
BRTA_A_317_NO,PLC0205,Kuril Flyover,PLC0005,Airport,4.0,reverse,SRC_BRTA_METRO_FARES
BRTA_A_317_NO,PLC0205,Kuril Flyover,PLC0284,Notun Bazar,3.6,forward,SRC_BRTA_METRO_FARES
BRTA_A_317_NO,PLC0284,Notun Bazar,PLC0205,Kuril Flyover,3.6,reverse,SRC_BRTA_METRO_FARES
BRTA_A_317_NO,PLC0284,Notun Bazar,PLC0023,Badda,2.5,forward,SRC_BRTA_METRO_FARES
BRTA_A_317_NO,PLC0023,Badda,PLC0284,Notun Bazar,2.5,reverse,SRC_BRTA_METRO_FARES
BRTA_A_317_NO,PLC0023,Badda,PLC0312,Rampura,2.1,forward,SRC_BRTA_METRO_FARES
BRTA_A_317_NO,PLC0312,Rampura,PLC0023,Badda,2.1,reverse,SRC_BRTA_METRO_FARES
BRTA_A_317_NO,PLC0312,Rampura,PLC0189,Khilgaon Flyover,4.0,forward,SRC_BRTA_METRO_FARES
BRTA_A_317_NO,PLC0189,Khilgaon Flyover,PLC0312,Rampura,4.0,reverse,SRC_BRTA_METRO_FARES
BRTA_A_317_NO,PLC0189,Khilgaon Flyover,PLC0359,T&T Para,1.7,forward,SRC_BRTA_METRO_FARES
BRTA_A_317_NO,PLC0359,T&T Para,PLC0189,Khilgaon Flyover,1.7,reverse,SRC_BRTA_METRO_FARES
BRTA_A_317_NO,PLC0359,T&T Para,PLC0327,Sayedabad,1.0,forward,SRC_BRTA_METRO_FARES
BRTA_A_317_NO,PLC0327,Sayedabad,PLC0359,T&T Para,1.0,reverse,SRC_BRTA_METRO_FARES
BRTA_A_317_NO,PLC0327,Sayedabad,PLC0143,Jatrabari,1.4,forward,SRC_BRTA_METRO_FARES
BRTA_A_317_NO,PLC0143,Jatrabari,PLC0327,Sayedabad,1.4,reverse,SRC_BRTA_METRO_FARES
BRTA_A_317_NO,PLC0143,Jatrabari,PLC0295,Postgola,2.5,forward,SRC_BRTA_METRO_FARES
BRTA_A_317_NO,PLC0295,Postgola,PLC0143,Jatrabari,2.5,reverse,SRC_BRTA_METRO_FARES
BRTA_A_319_NO,PLC0243,Mirpur-12,PLC0158,Kalapani,1.0,forward,SRC_BRTA_METRO_FARES
BRTA_A_319_NO,PLC0158,Kalapani,PLC0243,Mirpur-12,1.0,reverse,SRC_BRTA_METRO_FARES
BRTA_A_319_NO,PLC0158,Kalapani,PLC0035,Bangabandhu College,0.6,forward,SRC_BRTA_METRO_FARES
BRTA_A_319_NO,PLC0035,Bangabandhu College,PLC0158,Kalapani,0.6,reverse,SRC_BRTA_METRO_FARES
BRTA_A_319_NO,PLC0035,Bangabandhu College,PLC0241,Mirpur-11,3.0,forward,SRC_BRTA_METRO_FARES
BRTA_A_319_NO,PLC0241,Mirpur-11,PLC0035,Bangabandhu College,3.0,reverse,SRC_BRTA_METRO_FARES
BRTA_A_319_NO,PLC0241,Mirpur-11,PLC0240,Mirpur-10,1.0,forward,SRC_BRTA_METRO_FARES
BRTA_A_319_NO,PLC0240,Mirpur-10,PLC0241,Mirpur-11,1.0,reverse,SRC_BRTA_METRO_FARES
BRTA_A_319_NO,PLC0240,Mirpur-10,PLC0179,Kazipara,1.5,forward,SRC_BRTA_METRO_FARES
BRTA_A_319_NO,PLC0179,Kazipara,PLC0240,Mirpur-10,1.5,reverse,SRC_BRTA_METRO_FARES
BRTA_A_319_NO,PLC0179,Kazipara,PLC0112,Farmgate,5.3,forward,SRC_BRTA_METRO_FARES
BRTA_A_319_NO,PLC0112,Farmgate,PLC0179,Kazipara,5.3,reverse,SRC_BRTA_METRO_FARES
BRTA_A_319_NO,PLC0112,Farmgate,PLC0125,Gulistan,5.0,forward,SRC_BRTA_METRO_FARES
BRTA_A_319_NO,PLC0125,Gulistan,PLC0112,Farmgate,5.0,reverse,SRC_BRTA_METRO_FARES
BRTA_A_319_NO,PLC0125,Gulistan,PLC0327,Sayedabad,3.0,forward,SRC_BRTA_METRO_FARES
BRTA_A_319_NO,PLC0327,Sayedabad,PLC0125,Gulistan,3.0,reverse,SRC_BRTA_METRO_FARES
BRTA_A_319_NO,PLC0327,Sayedabad,PLC0143,Jatrabari,0.9,forward,SRC_BRTA_METRO_FARES
BRTA_A_319_NO,PLC0143,Jatrabari,PLC0327,Sayedabad,0.9,reverse,SRC_BRTA_METRO_FARES
BRTA_A_319_NO,PLC0143,Jatrabari,PLC0172,Kanchpur Bridge,9.4,forward,SRC_BRTA_METRO_FARES
BRTA_A_319_NO,PLC0172,Kanchpur Bridge,PLC0143,Jatrabari,9.4,reverse,SRC_BRTA_METRO_FARES
BRTA_A_320_NO,PLC0387,Zoo,PLC0352,Soni Cinema Hall,1.5,forward,SRC_BRTA_METRO_FARES
BRTA_A_320_NO,PLC0352,Soni Cinema Hall,PLC0387,Zoo,1.5,reverse,SRC_BRTA_METRO_FARES
BRTA_A_320_NO,PLC0352,Soni Cinema Hall,PLC0245,Mirpur-2,1.3,forward,SRC_BRTA_METRO_FARES
BRTA_A_320_NO,PLC0245,Mirpur-2,PLC0352,Soni Cinema Hall,1.3,reverse,SRC_BRTA_METRO_FARES
BRTA_A_320_NO,PLC0245,Mirpur-2,PLC0240,Mirpur-10,0.5,forward,SRC_BRTA_METRO_FARES
BRTA_A_320_NO,PLC0240,Mirpur-10,PLC0245,Mirpur-2,0.5,reverse,SRC_BRTA_METRO_FARES
BRTA_A_320_NO,PLC0240,Mirpur-10,PLC0241,Mirpur-11,1.0,forward,SRC_BRTA_METRO_FARES
BRTA_A_320_NO,PLC0241,Mirpur-11,PLC0240,Mirpur-10,1.0,reverse,SRC_BRTA_METRO_FARES
BRTA_A_320_NO,PLC0241,Mirpur-11,PLC0302,Purbi,0.5,forward,SRC_BRTA_METRO_FARES
BRTA_A_320_NO,PLC0302,Purbi,PLC0241,Mirpur-11,0.5,reverse,SRC_BRTA_METRO_FARES
BRTA_A_320_NO,PLC0302,Purbi,PLC0160,Kalshi,1.5,forward,SRC_BRTA_METRO_FARES
BRTA_A_320_NO,PLC0160,Kalshi,PLC0302,Purbi,1.5,reverse,SRC_BRTA_METRO_FARES
BRTA_A_320_NO,PLC0160,Kalshi,PLC0227,Md. Zillur Rahman Flyover,1.0,forward,SRC_BRTA_METRO_FARES
BRTA_A_320_NO,PLC0227,Md. Zillur Rahman Flyover,PLC0160,Kalshi,1.0,reverse,SRC_BRTA_METRO_FARES
BRTA_A_320_NO,PLC0227,Md. Zillur Rahman Flyover,PLC0205,Kuril Flyover,3.5,forward,SRC_BRTA_METRO_FARES
BRTA_A_320_NO,PLC0205,Kuril Flyover,PLC0227,Md. Zillur Rahman Flyover,3.5,reverse,SRC_BRTA_METRO_FARES
BRTA_A_320_NO,PLC0205,Kuril Flyover,PLC0284,Notun Bazar,2.5,forward,SRC_BRTA_METRO_FARES
BRTA_A_320_NO,PLC0284,Notun Bazar,PLC0205,Kuril Flyover,2.5,reverse,SRC_BRTA_METRO_FARES
BRTA_A_320_NO,PLC0284,Notun Bazar,PLC0023,Badda,2.2,forward,SRC_BRTA_METRO_FARES
BRTA_A_320_NO,PLC0023,Badda,PLC0284,Notun Bazar,2.2,reverse,SRC_BRTA_METRO_FARES
BRTA_A_320_NO,PLC0023,Badda,PLC0312,Rampura,1.9,forward,SRC_BRTA_METRO_FARES
BRTA_A_320_NO,PLC0312,Rampura,PLC0023,Badda,1.9,reverse,SRC_BRTA_METRO_FARES
BRTA_A_320_NO,PLC0312,Rampura,PLC0213,Malibagh Choudhurypara,0.8,forward,SRC_BRTA_METRO_FARES
BRTA_A_320_NO,PLC0213,Malibagh Choudhurypara,PLC0312,Rampura,0.8,reverse,SRC_BRTA_METRO_FARES
BRTA_A_320_NO,PLC0213,Malibagh Choudhurypara,PLC0266,Mugda,4.0,forward,SRC_BRTA_METRO_FARES
BRTA_A_320_NO,PLC0266,Mugda,PLC0213,Malibagh Choudhurypara,4.0,reverse,SRC_BRTA_METRO_FARES
BRTA_A_320_NO,PLC0266,Mugda,PLC0327,Sayedabad,1.8,forward,SRC_BRTA_METRO_FARES
BRTA_A_320_NO,PLC0327,Sayedabad,PLC0266,Mugda,1.8,reverse,SRC_BRTA_METRO_FARES
BRTA_A_320_NO,PLC0327,Sayedabad,PLC0143,Jatrabari,1.0,forward,SRC_BRTA_METRO_FARES
BRTA_A_320_NO,PLC0143,Jatrabari,PLC0327,Sayedabad,1.0,reverse,SRC_BRTA_METRO_FARES
BRTA_A_327_NO,PLC0244,Mirpur-14,PLC0194,Kochukhet,1.0,forward,SRC_BRTA_METRO_FARES
BRTA_A_327_NO,PLC0194,Kochukhet,PLC0244,Mirpur-14,1.0,reverse,SRC_BRTA_METRO_FARES
BRTA_A_327_NO,PLC0194,Kochukhet,PLC0112,Farmgate,5.5,forward,SRC_BRTA_METRO_FARES
BRTA_A_327_NO,PLC0112,Farmgate,PLC0194,Kochukhet,5.5,reverse,SRC_BRTA_METRO_FARES
BRTA_A_327_NO,PLC0112,Farmgate,PLC0178,Kawran Bazar,1.0,forward,SRC_BRTA_METRO_FARES
BRTA_A_327_NO,PLC0178,Kawran Bazar,PLC0112,Farmgate,1.0,reverse,SRC_BRTA_METRO_FARES
BRTA_A_327_NO,PLC0178,Kawran Bazar,PLC0331,Shahbag,1.0,forward,SRC_BRTA_METRO_FARES
BRTA_A_327_NO,PLC0331,Shahbag,PLC0178,Kawran Bazar,1.0,reverse,SRC_BRTA_METRO_FARES
BRTA_A_327_NO,PLC0331,Shahbag,PLC0125,Gulistan,2.8,forward,SRC_BRTA_METRO_FARES
BRTA_A_327_NO,PLC0125,Gulistan,PLC0331,Shahbag,2.8,reverse,SRC_BRTA_METRO_FARES
BRTA_A_327_NO,PLC0125,Gulistan,PLC0260,Motijheel,2.2,forward,SRC_BRTA_METRO_FARES
BRTA_A_327_NO,PLC0260,Motijheel,PLC0125,Gulistan,2.2,reverse,SRC_BRTA_METRO_FARES
BRTA_A_329_NO,PLC0046,Basila,PLC0259,Mohammadpur Town Hall,1.8,forward,SRC_BRTA_METRO_FARES
BRTA_A_329_NO,PLC0259,Mohammadpur Town Hall,PLC0046,Basila,1.8,reverse,SRC_BRTA_METRO_FARES
BRTA_A_329_NO,PLC0259,Mohammadpur Town Hall,PLC0341,Shia Masjid,0.7,forward,SRC_BRTA_METRO_FARES
BRTA_A_329_NO,PLC0341,Shia Masjid,PLC0259,Mohammadpur Town Hall,0.7,reverse,SRC_BRTA_METRO_FARES
BRTA_A_329_NO,PLC0341,Shia Masjid,PLC0012,Asad Gate,1.3,forward,SRC_BRTA_METRO_FARES
BRTA_A_329_NO,PLC0012,Asad Gate,PLC0341,Shia Masjid,1.3,reverse,SRC_BRTA_METRO_FARES
BRTA_A_329_NO,PLC0012,Asad Gate,PLC0215,Manik Mia,1.7,forward,SRC_BRTA_METRO_FARES
BRTA_A_329_NO,PLC0215,Manik Mia,PLC0012,Asad Gate,1.7,reverse,SRC_BRTA_METRO_FARES
BRTA_A_329_NO,PLC0215,Manik Mia,PLC0344,Shukrabad,1.0,forward,SRC_BRTA_METRO_FARES
BRTA_A_329_NO,PLC0344,Shukrabad,PLC0215,Manik Mia,1.0,reverse,SRC_BRTA_METRO_FARES
BRTA_A_329_NO,PLC0344,Shukrabad,PLC0279,New Market,2.1,forward,SRC_BRTA_METRO_FARES
BRTA_A_329_NO,PLC0279,New Market,PLC0344,Shukrabad,2.1,reverse,SRC_BRTA_METRO_FARES
BRTA_A_329_NO,PLC0279,New Market,PLC0018,Azimpur,0.8,forward,SRC_BRTA_METRO_FARES
BRTA_A_329_NO,PLC0018,Azimpur,PLC0279,New Market,0.8,reverse,SRC_BRTA_METRO_FARES
BRTA_A_329_NO,PLC0018,Azimpur,PLC0071,Chankharpul,1.7,forward,SRC_BRTA_METRO_FARES
BRTA_A_329_NO,PLC0071,Chankharpul,PLC0018,Azimpur,1.7,reverse,SRC_BRTA_METRO_FARES
BRTA_A_329_NO,PLC0071,Chankharpul,PLC0332,Shanir Akhra,6.0,forward,SRC_BRTA_METRO_FARES
BRTA_A_329_NO,PLC0332,Shanir Akhra,PLC0071,Chankharpul,6.0,reverse,SRC_BRTA_METRO_FARES
BRTA_A_329_NO,PLC0332,Shanir Akhra,PLC0348,Signboard,3.7,forward,SRC_BRTA_METRO_FARES
BRTA_A_329_NO,PLC0348,Signboard,PLC0332,Shanir Akhra,3.7,reverse,SRC_BRTA_METRO_FARES
BRTA_A_330_NO,PLC0270,Narayanganj,PLC0332,Shanir Akhra,3.4,forward,SRC_BRTA_METRO_FARES
BRTA_A_330_NO,PLC0332,Shanir Akhra,PLC0270,Narayanganj,3.4,reverse,SRC_BRTA_METRO_FARES
BRTA_A_330_NO,PLC0332,Shanir Akhra,PLC0143,Jatrabari,0.6,forward,SRC_BRTA_METRO_FARES
BRTA_A_330_NO,PLC0143,Jatrabari,PLC0332,Shanir Akhra,0.6,reverse,SRC_BRTA_METRO_FARES
BRTA_A_330_NO,PLC0143,Jatrabari,PLC0327,Sayedabad,1.0,forward,SRC_BRTA_METRO_FARES
BRTA_A_330_NO,PLC0327,Sayedabad,PLC0143,Jatrabari,1.0,reverse,SRC_BRTA_METRO_FARES
BRTA_A_330_NO,PLC0327,Sayedabad,PLC0260,Motijheel,2.0,forward,SRC_BRTA_METRO_FARES
BRTA_A_330_NO,PLC0260,Motijheel,PLC0327,Sayedabad,2.0,reverse,SRC_BRTA_METRO_FARES
BRTA_A_330_NO,PLC0260,Motijheel,PLC0291,Paltan,1.7,forward,SRC_BRTA_METRO_FARES
BRTA_A_330_NO,PLC0291,Paltan,PLC0260,Motijheel,1.7,reverse,SRC_BRTA_METRO_FARES
BRTA_A_330_NO,PLC0291,Paltan,PLC0212,Malibagh,1.5,forward,SRC_BRTA_METRO_FARES
BRTA_A_330_NO,PLC0212,Malibagh,PLC0291,Paltan,1.5,reverse,SRC_BRTA_METRO_FARES
BRTA_A_330_NO,PLC0212,Malibagh,PLC0210,Magbazar,1.0,forward,SRC_BRTA_METRO_FARES
BRTA_A_330_NO,PLC0210,Magbazar,PLC0212,Malibagh,1.0,reverse,SRC_BRTA_METRO_FARES
BRTA_A_330_NO,PLC0210,Magbazar,PLC0250,Mohakhali,4.5,forward,SRC_BRTA_METRO_FARES
BRTA_A_330_NO,PLC0250,Mohakhali,PLC0210,Magbazar,4.5,reverse,SRC_BRTA_METRO_FARES
BRTA_A_330_NO,PLC0250,Mohakhali,PLC0154,Kakoli,1.7,forward,SRC_BRTA_METRO_FARES
BRTA_A_330_NO,PLC0154,Kakoli,PLC0250,Mohakhali,1.7,reverse,SRC_BRTA_METRO_FARES
BRTA_A_330_NO,PLC0154,Kakoli,PLC0104,ECB Chattar,4.1,forward,SRC_BRTA_METRO_FARES
BRTA_A_330_NO,PLC0104,ECB Chattar,PLC0154,Kakoli,4.1,reverse,SRC_BRTA_METRO_FARES
BRTA_A_330_NO,PLC0104,ECB Chattar,PLC0302,Purbi,3.0,forward,SRC_BRTA_METRO_FARES
BRTA_A_330_NO,PLC0302,Purbi,PLC0104,ECB Chattar,3.0,reverse,SRC_BRTA_METRO_FARES
BRTA_A_330_NO,PLC0302,Purbi,PLC0243,Mirpur-12,1.0,forward,SRC_BRTA_METRO_FARES
BRTA_A_330_NO,PLC0243,Mirpur-12,PLC0302,Purbi,1.0,reverse,SRC_BRTA_METRO_FARES
BRTA_A_330_NO,PLC0243,Mirpur-12,PLC0245,Mirpur-2,3.5,forward,SRC_BRTA_METRO_FARES
BRTA_A_330_NO,PLC0245,Mirpur-2,PLC0243,Mirpur-12,3.5,reverse,SRC_BRTA_METRO_FARES
BRTA_A_330_NO,PLC0245,Mirpur-2,PLC0239,Mirpur-1,1.3,forward,SRC_BRTA_METRO_FARES
BRTA_A_330_NO,PLC0239,Mirpur-1,PLC0245,Mirpur-2,1.3,reverse,SRC_BRTA_METRO_FARES
BRTA_A_330_NO,PLC0239,Mirpur-1,PLC0098,Diabari,1.5,forward,SRC_BRTA_METRO_FARES
BRTA_A_330_NO,PLC0098,Diabari,PLC0239,Mirpur-1,1.5,reverse,SRC_BRTA_METRO_FARES
BRTA_A_331_NO,PLC0269,Nandan Park,PLC0108,EPZ,9.6,forward,SRC_BRTA_METRO_FARES
BRTA_A_331_NO,PLC0108,EPZ,PLC0269,Nandan Park,9.6,reverse,SRC_BRTA_METRO_FARES
BRTA_A_331_NO,PLC0108,EPZ,PLC0267,Nabinagar,4.5,forward,SRC_BRTA_METRO_FARES
BRTA_A_331_NO,PLC0267,Nabinagar,PLC0108,EPZ,4.5,reverse,SRC_BRTA_METRO_FARES
BRTA_A_331_NO,PLC0267,Nabinagar,PLC0326,Savar,8.1,forward,SRC_BRTA_METRO_FARES
BRTA_A_331_NO,PLC0326,Savar,PLC0267,Nabinagar,8.1,reverse,SRC_BRTA_METRO_FARES
BRTA_A_331_NO,PLC0326,Savar,PLC0132,Hemayetpur,6.1,forward,SRC_BRTA_METRO_FARES
BRTA_A_331_NO,PLC0132,Hemayetpur,PLC0326,Savar,6.1,reverse,SRC_BRTA_METRO_FARES
BRTA_A_331_NO,PLC0132,Hemayetpur,PLC0114,Gabtoli,7.6,forward,SRC_BRTA_METRO_FARES
BRTA_A_331_NO,PLC0114,Gabtoli,PLC0132,Hemayetpur,7.6,reverse,SRC_BRTA_METRO_FARES
BRTA_A_331_NO,PLC0114,Gabtoli,PLC0346,Shyamoli,3.2,forward,SRC_BRTA_METRO_FARES
BRTA_A_331_NO,PLC0346,Shyamoli,PLC0114,Gabtoli,3.2,reverse,SRC_BRTA_METRO_FARES
BRTA_A_331_NO,PLC0346,Shyamoli,PLC0012,Asad Gate,1.6,forward,SRC_BRTA_METRO_FARES
BRTA_A_331_NO,PLC0012,Asad Gate,PLC0346,Shyamoli,1.6,reverse,SRC_BRTA_METRO_FARES
BRTA_A_331_NO,PLC0012,Asad Gate,PLC0112,Farmgate,2.0,forward,SRC_BRTA_METRO_FARES
BRTA_A_331_NO,PLC0112,Farmgate,PLC0012,Asad Gate,2.0,reverse,SRC_BRTA_METRO_FARES
BRTA_A_331_NO,PLC0112,Farmgate,PLC0039,Banglamotor,2.0,forward,SRC_BRTA_METRO_FARES
BRTA_A_331_NO,PLC0039,Banglamotor,PLC0112,Farmgate,2.0,reverse,SRC_BRTA_METRO_FARES
BRTA_A_331_NO,PLC0039,Banglamotor,PLC0331,Shahbag,1.0,forward,SRC_BRTA_METRO_FARES
BRTA_A_331_NO,PLC0331,Shahbag,PLC0039,Banglamotor,1.0,reverse,SRC_BRTA_METRO_FARES
BRTA_A_331_NO,PLC0331,Shahbag,PLC0298,Press Club,1.8,forward,SRC_BRTA_METRO_FARES
BRTA_A_331_NO,PLC0298,Press Club,PLC0331,Shahbag,1.8,reverse,SRC_BRTA_METRO_FARES
BRTA_A_331_NO,PLC0298,Press Club,PLC0291,Paltan,0.5,forward,SRC_BRTA_METRO_FARES
BRTA_A_331_NO,PLC0291,Paltan,PLC0298,Press Club,0.5,reverse,SRC_BRTA_METRO_FARES
BRTA_A_331_NO,PLC0291,Paltan,PLC0124,GPO,0.5,forward,SRC_BRTA_METRO_FARES
BRTA_A_331_NO,PLC0124,GPO,PLC0291,Paltan,0.5,reverse,SRC_BRTA_METRO_FARES
BRTA_A_331_NO,PLC0124,GPO,PLC0260,Motijheel,1.8,forward,SRC_BRTA_METRO_FARES
BRTA_A_331_NO,PLC0260,Motijheel,PLC0124,GPO,1.8,reverse,SRC_BRTA_METRO_FARES
BRTA_A_331_NO,PLC0260,Motijheel,PLC0365,Tikatuli,1.1,forward,SRC_BRTA_METRO_FARES
BRTA_A_331_NO,PLC0365,Tikatuli,PLC0260,Motijheel,1.1,reverse,SRC_BRTA_METRO_FARES
BRTA_A_331_NO,PLC0365,Tikatuli,PLC0327,Sayedabad,1.2,forward,SRC_BRTA_METRO_FARES
BRTA_A_331_NO,PLC0327,Sayedabad,PLC0365,Tikatuli,1.2,reverse,SRC_BRTA_METRO_FARES
BRTA_A_331_NO,PLC0327,Sayedabad,PLC0143,Jatrabari,1.0,forward,SRC_BRTA_METRO_FARES
BRTA_A_331_NO,PLC0143,Jatrabari,PLC0327,Sayedabad,1.0,reverse,SRC_BRTA_METRO_FARES
BRTA_A_331_NO,PLC0143,Jatrabari,PLC0332,Shanir Akhra,1.6,forward,SRC_BRTA_METRO_FARES
BRTA_A_331_NO,PLC0332,Shanir Akhra,PLC0143,Jatrabari,1.6,reverse,SRC_BRTA_METRO_FARES
BRTA_A_331_NO,PLC0332,Shanir Akhra,PLC0348,Signboard,3.4,forward,SRC_BRTA_METRO_FARES
BRTA_A_331_NO,PLC0348,Signboard,PLC0332,Shanir Akhra,3.4,reverse,SRC_BRTA_METRO_FARES
BRTA_A_333_NO,PLC0244,Mirpur-14,PLC0240,Mirpur-10,2.1,forward,SRC_BRTA_METRO_FARES
BRTA_A_333_NO,PLC0240,Mirpur-10,PLC0244,Mirpur-14,2.1,reverse,SRC_BRTA_METRO_FARES
BRTA_A_333_NO,PLC0240,Mirpur-10,PLC0239,Mirpur-1,1.9,forward,SRC_BRTA_METRO_FARES
BRTA_A_333_NO,PLC0239,Mirpur-1,PLC0240,Mirpur-10,1.9,reverse,SRC_BRTA_METRO_FARES
BRTA_A_333_NO,PLC0239,Mirpur-1,PLC0093,Dhaur,13.3,forward,SRC_BRTA_METRO_FARES
BRTA_A_333_NO,PLC0093,Dhaur,PLC0239,Mirpur-1,13.3,reverse,SRC_BRTA_METRO_FARES
BRTA_A_333_NO,PLC0093,Dhaur,PLC0014,Ashulia,3.2,forward,SRC_BRTA_METRO_FARES
BRTA_A_333_NO,PLC0014,Ashulia,PLC0093,Dhaur,3.2,reverse,SRC_BRTA_METRO_FARES
BRTA_A_333_NO,PLC0014,Ashulia,PLC0110,Fantasy,6.5,forward,SRC_BRTA_METRO_FARES
BRTA_A_333_NO,PLC0110,Fantasy,PLC0014,Ashulia,6.5,reverse,SRC_BRTA_METRO_FARES
BRTA_A_333_NO,PLC0110,Fantasy,PLC0108,EPZ,3.8,forward,SRC_BRTA_METRO_FARES
BRTA_A_333_NO,PLC0108,EPZ,PLC0110,Fantasy,3.8,reverse,SRC_BRTA_METRO_FARES
BRTA_A_333_NO,PLC0108,EPZ,PLC0269,Nandan Park,9.0,forward,SRC_BRTA_METRO_FARES
BRTA_A_333_NO,PLC0269,Nandan Park,PLC0108,EPZ,9.0,reverse,SRC_BRTA_METRO_FARES
BRTA_A_341_NO,PLC0018,Azimpur,PLC0279,New Market,0.7,forward,SRC_BRTA_METRO_FARES
BRTA_A_341_NO,PLC0279,New Market,PLC0018,Azimpur,0.7,reverse,SRC_BRTA_METRO_FARES
BRTA_A_341_NO,PLC0279,New Market,PLC0156,Kalabagan,2.1,forward,SRC_BRTA_METRO_FARES
BRTA_A_341_NO,PLC0156,Kalabagan,PLC0279,New Market,2.1,reverse,SRC_BRTA_METRO_FARES
BRTA_A_341_NO,PLC0156,Kalabagan,PLC0184,Khamarbari,2.9,forward,SRC_BRTA_METRO_FARES
BRTA_A_341_NO,PLC0184,Khamarbari,PLC0156,Kalabagan,2.9,reverse,SRC_BRTA_METRO_FARES
BRTA_A_341_NO,PLC0184,Khamarbari,PLC0032,Banani,4.2,forward,SRC_BRTA_METRO_FARES
BRTA_A_341_NO,PLC0032,Banani,PLC0184,Khamarbari,4.2,reverse,SRC_BRTA_METRO_FARES
BRTA_A_341_NO,PLC0032,Banani,PLC0005,Airport,8.7,forward,SRC_BRTA_METRO_FARES
BRTA_A_341_NO,PLC0005,Airport,PLC0032,Banani,8.7,reverse,SRC_BRTA_METRO_FARES
BRTA_A_341_NO,PLC0005,Airport,PLC0377,Uttara,3.0,forward,SRC_BRTA_METRO_FARES
BRTA_A_341_NO,PLC0377,Uttara,PLC0005,Airport,3.0,reverse,SRC_BRTA_METRO_FARES
BRTA_A_341_NO,PLC0377,Uttara,PLC0093,Dhaur,5.7,forward,SRC_BRTA_METRO_FARES
BRTA_A_341_NO,PLC0093,Dhaur,PLC0377,Uttara,5.7,reverse,SRC_BRTA_METRO_FARES
BRTA_A_344_NO,PLC0387,Zoo,PLC0245,Mirpur-2,2.8,forward,SRC_BRTA_METRO_FARES
BRTA_A_344_NO,PLC0245,Mirpur-2,PLC0387,Zoo,2.8,reverse,SRC_BRTA_METRO_FARES
BRTA_A_344_NO,PLC0245,Mirpur-2,PLC0240,Mirpur-10,0.6,forward,SRC_BRTA_METRO_FARES
BRTA_A_344_NO,PLC0240,Mirpur-10,PLC0245,Mirpur-2,0.6,reverse,SRC_BRTA_METRO_FARES
BRTA_A_344_NO,PLC0240,Mirpur-10,PLC0179,Kazipara,1.4,forward,SRC_BRTA_METRO_FARES
BRTA_A_344_NO,PLC0179,Kazipara,PLC0240,Mirpur-10,1.4,reverse,SRC_BRTA_METRO_FARES
BRTA_A_344_NO,PLC0179,Kazipara,PLC0339,Sheorapara,0.7,forward,SRC_BRTA_METRO_FARES
BRTA_A_344_NO,PLC0339,Sheorapara,PLC0179,Kazipara,0.7,reverse,SRC_BRTA_METRO_FARES
BRTA_A_344_NO,PLC0339,Sheorapara,PLC0004,Agargaon,1.7,forward,SRC_BRTA_METRO_FARES
BRTA_A_344_NO,PLC0004,Agargaon,PLC0339,Sheorapara,1.7,reverse,SRC_BRTA_METRO_FARES
BRTA_A_344_NO,PLC0004,Agargaon,PLC0112,Farmgate,2.9,forward,SRC_BRTA_METRO_FARES
BRTA_A_344_NO,PLC0112,Farmgate,PLC0004,Agargaon,2.9,reverse,SRC_BRTA_METRO_FARES
BRTA_A_344_NO,PLC0112,Farmgate,PLC0039,Banglamotor,1.6,forward,SRC_BRTA_METRO_FARES
BRTA_A_344_NO,PLC0039,Banglamotor,PLC0112,Farmgate,1.6,reverse,SRC_BRTA_METRO_FARES
BRTA_A_344_NO,PLC0039,Banglamotor,PLC0210,Magbazar,1.0,forward,SRC_BRTA_METRO_FARES
BRTA_A_344_NO,PLC0210,Magbazar,PLC0039,Banglamotor,1.0,reverse,SRC_BRTA_METRO_FARES
BRTA_A_344_NO,PLC0210,Magbazar,PLC0264,Mouchak,1.1,forward,SRC_BRTA_METRO_FARES
BRTA_A_344_NO,PLC0264,Mouchak,PLC0210,Magbazar,1.1,reverse,SRC_BRTA_METRO_FARES
BRTA_A_344_NO,PLC0264,Mouchak,PLC0164,Kamalapur,2.7,forward,SRC_BRTA_METRO_FARES
BRTA_A_344_NO,PLC0164,Kamalapur,PLC0264,Mouchak,2.7,reverse,SRC_BRTA_METRO_FARES
BRTA_A_344_NO,PLC0164,Kamalapur,PLC0260,Motijheel,1.0,forward,SRC_BRTA_METRO_FARES
BRTA_A_344_NO,PLC0260,Motijheel,PLC0164,Kamalapur,1.0,reverse,SRC_BRTA_METRO_FARES
BRTA_A_344_NO,PLC0260,Motijheel,PLC0327,Sayedabad,1.7,forward,SRC_BRTA_METRO_FARES
BRTA_A_344_NO,PLC0327,Sayedabad,PLC0260,Motijheel,1.7,reverse,SRC_BRTA_METRO_FARES
BRTA_A_344_NO,PLC0327,Sayedabad,PLC0143,Jatrabari,1.0,forward,SRC_BRTA_METRO_FARES
BRTA_A_344_NO,PLC0143,Jatrabari,PLC0327,Sayedabad,1.0,reverse,SRC_BRTA_METRO_FARES
BRTA_A_344_NO,PLC0143,Jatrabari,PLC0296,Postgola Bridge,2.0,forward,SRC_BRTA_METRO_FARES
BRTA_A_344_NO,PLC0296,Postgola Bridge,PLC0143,Jatrabari,2.0,reverse,SRC_BRTA_METRO_FARES
BRTA_A_344_NO,PLC0296,Postgola Bridge,PLC0107,Ekuria,1.5,forward,SRC_BRTA_METRO_FARES
BRTA_A_344_NO,PLC0107,Ekuria,PLC0296,Postgola Bridge,1.5,reverse,SRC_BRTA_METRO_FARES
BRTA_A_346_NO,PLC0167,Kamar Para,PLC0001,Abdullahpur,2.2,forward,SRC_BRTA_METRO_FARES
BRTA_A_346_NO,PLC0001,Abdullahpur,PLC0167,Kamar Para,2.2,reverse,SRC_BRTA_METRO_FARES
BRTA_A_346_NO,PLC0001,Abdullahpur,PLC0005,Airport,3.5,forward,SRC_BRTA_METRO_FARES
BRTA_A_346_NO,PLC0005,Airport,PLC0001,Abdullahpur,3.5,reverse,SRC_BRTA_METRO_FARES
BRTA_A_346_NO,PLC0005,Airport,PLC0154,Kakoli,6.5,forward,SRC_BRTA_METRO_FARES
BRTA_A_346_NO,PLC0154,Kakoli,PLC0005,Airport,6.5,reverse,SRC_BRTA_METRO_FARES
BRTA_A_346_NO,PLC0154,Kakoli,PLC0250,Mohakhali,1.5,forward,SRC_BRTA_METRO_FARES
BRTA_A_346_NO,PLC0250,Mohakhali,PLC0154,Kakoli,1.5,reverse,SRC_BRTA_METRO_FARES
BRTA_A_346_NO,PLC0250,Mohakhali,PLC0210,Magbazar,5.2,forward,SRC_BRTA_METRO_FARES
BRTA_A_346_NO,PLC0210,Magbazar,PLC0250,Mohakhali,5.2,reverse,SRC_BRTA_METRO_FARES
BRTA_A_346_NO,PLC0210,Magbazar,PLC0155,Kakrail,2.2,forward,SRC_BRTA_METRO_FARES
BRTA_A_346_NO,PLC0155,Kakrail,PLC0210,Magbazar,2.2,reverse,SRC_BRTA_METRO_FARES
BRTA_A_346_NO,PLC0155,Kakrail,PLC0291,Paltan,1.6,forward,SRC_BRTA_METRO_FARES
BRTA_A_346_NO,PLC0291,Paltan,PLC0155,Kakrail,1.6,reverse,SRC_BRTA_METRO_FARES
BRTA_A_346_NO,PLC0291,Paltan,PLC0283,Notre Dame College,2.3,forward,SRC_BRTA_METRO_FARES
BRTA_A_346_NO,PLC0283,Notre Dame College,PLC0291,Paltan,2.3,reverse,SRC_BRTA_METRO_FARES
BRTA_A_354_NO,PLC0018,Azimpur,PLC0280,Nilkhet,0.9,forward,SRC_BRTA_METRO_FARES
BRTA_A_354_NO,PLC0280,Nilkhet,PLC0018,Azimpur,0.9,reverse,SRC_BRTA_METRO_FARES
BRTA_A_354_NO,PLC0280,Nilkhet,PLC0156,Kalabagan,1.9,forward,SRC_BRTA_METRO_FARES
BRTA_A_354_NO,PLC0156,Kalabagan,PLC0280,Nilkhet,1.9,reverse,SRC_BRTA_METRO_FARES
BRTA_A_354_NO,PLC0156,Kalabagan,PLC0320,Russell Square,0.7,forward,SRC_BRTA_METRO_FARES
BRTA_A_354_NO,PLC0320,Russell Square,PLC0156,Kalabagan,0.7,reverse,SRC_BRTA_METRO_FARES
BRTA_A_354_NO,PLC0320,Russell Square,PLC0216,Manik Mia Avenue,1.6,forward,SRC_BRTA_METRO_FARES
BRTA_A_354_NO,PLC0216,Manik Mia Avenue,PLC0320,Russell Square,1.6,reverse,SRC_BRTA_METRO_FARES
BRTA_A_354_NO,PLC0216,Manik Mia Avenue,PLC0374,Urojahaj Junction,0.7,forward,SRC_BRTA_METRO_FARES
BRTA_A_354_NO,PLC0374,Urojahaj Junction,PLC0216,Manik Mia Avenue,0.7,reverse,SRC_BRTA_METRO_FARES
BRTA_A_354_NO,PLC0374,Urojahaj Junction,PLC0032,Banani,4.5,forward,SRC_BRTA_METRO_FARES
BRTA_A_354_NO,PLC0032,Banani,PLC0374,Urojahaj Junction,4.5,reverse,SRC_BRTA_METRO_FARES
BRTA_A_354_NO,PLC0032,Banani,PLC0201,Kumitola General Hospital,3.0,forward,SRC_BRTA_METRO_FARES
BRTA_A_354_NO,PLC0201,Kumitola General Hospital,PLC0032,Banani,3.0,reverse,SRC_BRTA_METRO_FARES
BRTA_A_354_NO,PLC0201,Kumitola General Hospital,PLC0005,Airport,4.9,forward,SRC_BRTA_METRO_FARES
BRTA_A_354_NO,PLC0005,Airport,PLC0201,Kumitola General Hospital,4.9,reverse,SRC_BRTA_METRO_FARES
BRTA_A_354_NO,PLC0005,Airport,PLC0001,Abdullahpur,3.4,forward,SRC_BRTA_METRO_FARES
BRTA_A_354_NO,PLC0001,Abdullahpur,PLC0005,Airport,3.4,reverse,SRC_BRTA_METRO_FARES
BRTA_A_354_NO,PLC0001,Abdullahpur,PLC0014,Ashulia,9.0,forward,SRC_BRTA_METRO_FARES
BRTA_A_354_NO,PLC0014,Ashulia,PLC0001,Abdullahpur,9.0,reverse,SRC_BRTA_METRO_FARES
BRTA_A_354_NO,PLC0014,Ashulia,PLC0269,Nandan Park,19.9,forward,SRC_BRTA_METRO_FARES
BRTA_A_354_NO,PLC0269,Nandan Park,PLC0014,Ashulia,19.9,reverse,SRC_BRTA_METRO_FARES
BRTA_A_355_NO,PLC0204,Kuril Biswa Road,PLC0284,Notun Bazar,3.4,forward,SRC_BRTA_METRO_FARES
BRTA_A_355_NO,PLC0284,Notun Bazar,PLC0204,Kuril Biswa Road,3.4,reverse,SRC_BRTA_METRO_FARES
BRTA_A_355_NO,PLC0284,Notun Bazar,PLC0024,Badda Link Road,2.1,forward,SRC_BRTA_METRO_FARES
BRTA_A_355_NO,PLC0024,Badda Link Road,PLC0284,Notun Bazar,2.1,reverse,SRC_BRTA_METRO_FARES
BRTA_A_355_NO,PLC0024,Badda Link Road,PLC0129,Gulshan-1,1.0,forward,SRC_BRTA_METRO_FARES
BRTA_A_355_NO,PLC0129,Gulshan-1,PLC0024,Badda Link Road,1.0,reverse,SRC_BRTA_METRO_FARES
BRTA_A_355_NO,PLC0129,Gulshan-1,PLC0250,Mohakhali,2.0,forward,SRC_BRTA_METRO_FARES
BRTA_A_355_NO,PLC0250,Mohakhali,PLC0129,Gulshan-1,2.0,reverse,SRC_BRTA_METRO_FARES
BRTA_A_355_NO,PLC0250,Mohakhali,PLC0112,Farmgate,2.9,forward,SRC_BRTA_METRO_FARES
BRTA_A_355_NO,PLC0112,Farmgate,PLC0250,Mohakhali,2.9,reverse,SRC_BRTA_METRO_FARES
BRTA_A_355_NO,PLC0112,Farmgate,PLC0331,Shahbag,2.4,forward,SRC_BRTA_METRO_FARES
BRTA_A_355_NO,PLC0331,Shahbag,PLC0112,Farmgate,2.4,reverse,SRC_BRTA_METRO_FARES
BRTA_A_355_NO,PLC0331,Shahbag,PLC0329,Science Lab,1.5,forward,SRC_BRTA_METRO_FARES
BRTA_A_355_NO,PLC0329,Science Lab,PLC0331,Shahbag,1.5,reverse,SRC_BRTA_METRO_FARES
BRTA_A_355_NO,PLC0329,Science Lab,PLC0279,New Market,0.6,forward,SRC_BRTA_METRO_FARES
BRTA_A_355_NO,PLC0279,New Market,PLC0329,Science Lab,0.6,reverse,SRC_BRTA_METRO_FARES
BRTA_A_355_NO,PLC0279,New Market,PLC0018,Azimpur,1.6,forward,SRC_BRTA_METRO_FARES
BRTA_A_355_NO,PLC0018,Azimpur,PLC0279,New Market,1.6,reverse,SRC_BRTA_METRO_FARES
BRTA_A_356_NO,PLC0018,Azimpur,PLC0279,New Market,0.8,forward,SRC_BRTA_METRO_FARES
BRTA_A_356_NO,PLC0279,New Market,PLC0018,Azimpur,0.8,reverse,SRC_BRTA_METRO_FARES
BRTA_A_356_NO,PLC0279,New Market,PLC0156,Kalabagan,2.1,forward,SRC_BRTA_METRO_FARES
BRTA_A_356_NO,PLC0156,Kalabagan,PLC0279,New Market,2.1,reverse,SRC_BRTA_METRO_FARES
BRTA_A_356_NO,PLC0156,Kalabagan,PLC0012,Asad Gate,1.2,forward,SRC_BRTA_METRO_FARES
BRTA_A_356_NO,PLC0012,Asad Gate,PLC0156,Kalabagan,1.2,reverse,SRC_BRTA_METRO_FARES
BRTA_A_356_NO,PLC0012,Asad Gate,PLC0346,Shyamoli,1.5,forward,SRC_BRTA_METRO_FARES
BRTA_A_356_NO,PLC0346,Shyamoli,PLC0012,Asad Gate,1.5,reverse,SRC_BRTA_METRO_FARES
BRTA_A_356_NO,PLC0346,Shyamoli,PLC0362,Technical,1.8,forward,SRC_BRTA_METRO_FARES
BRTA_A_356_NO,PLC0362,Technical,PLC0346,Shyamoli,1.8,reverse,SRC_BRTA_METRO_FARES
BRTA_A_356_NO,PLC0362,Technical,PLC0239,Mirpur-1,2.0,forward,SRC_BRTA_METRO_FARES
BRTA_A_356_NO,PLC0239,Mirpur-1,PLC0362,Technical,2.0,reverse,SRC_BRTA_METRO_FARES
BRTA_A_356_NO,PLC0239,Mirpur-1,PLC0285,Original Das,2.5,forward,SRC_BRTA_METRO_FARES
BRTA_A_356_NO,PLC0285,Original Das,PLC0239,Mirpur-1,2.5,reverse,SRC_BRTA_METRO_FARES
BRTA_A_356_NO,PLC0285,Original Das,PLC0243,Mirpur-12,2.0,forward,SRC_BRTA_METRO_FARES
BRTA_A_356_NO,PLC0243,Mirpur-12,PLC0285,Original Das,2.0,reverse,SRC_BRTA_METRO_FARES
BRTA_A_356_NO,PLC0243,Mirpur-12,PLC0160,Kalshi,2.0,forward,SRC_BRTA_METRO_FARES
BRTA_A_356_NO,PLC0160,Kalshi,PLC0243,Mirpur-12,2.0,reverse,SRC_BRTA_METRO_FARES
BRTA_A_356_NO,PLC0160,Kalshi,PLC0206,Kurmitola General Hospital,2.0,forward,SRC_BRTA_METRO_FARES
BRTA_A_356_NO,PLC0206,Kurmitola General Hospital,PLC0160,Kalshi,2.0,reverse,SRC_BRTA_METRO_FARES
BRTA_A_356_NO,PLC0206,Kurmitola General Hospital,PLC0005,Airport,4.9,forward,SRC_BRTA_METRO_FARES
BRTA_A_356_NO,PLC0005,Airport,PLC0206,Kurmitola General Hospital,4.9,reverse,SRC_BRTA_METRO_FARES
BRTA_A_356_NO,PLC0005,Airport,PLC0001,Abdullahpur,2.0,forward,SRC_BRTA_METRO_FARES
BRTA_A_356_NO,PLC0001,Abdullahpur,PLC0005,Airport,2.0,reverse,SRC_BRTA_METRO_FARES
BRTA_A_356_NO,PLC0001,Abdullahpur,PLC0169,Kamarpara,2.1,forward,SRC_BRTA_METRO_FARES
BRTA_A_356_NO,PLC0169,Kamarpara,PLC0001,Abdullahpur,2.1,reverse,SRC_BRTA_METRO_FARES
BRTA_A_356_NO,PLC0169,Kamarpara,PLC0093,Dhaur,3.0,forward,SRC_BRTA_METRO_FARES
BRTA_A_356_NO,PLC0093,Dhaur,PLC0169,Kamarpara,3.0,reverse,SRC_BRTA_METRO_FARES
BRTA_A_362_NO,PLC0093,Dhaur,PLC0001,Abdullahpur,5.1,forward,SRC_BRTA_METRO_FARES
BRTA_A_362_NO,PLC0001,Abdullahpur,PLC0093,Dhaur,5.1,reverse,SRC_BRTA_METRO_FARES
BRTA_A_362_NO,PLC0001,Abdullahpur,PLC0005,Airport,3.5,forward,SRC_BRTA_METRO_FARES
BRTA_A_362_NO,PLC0005,Airport,PLC0001,Abdullahpur,3.5,reverse,SRC_BRTA_METRO_FARES
BRTA_A_362_NO,PLC0005,Airport,PLC0202,Kuril,3.8,forward,SRC_BRTA_METRO_FARES
BRTA_A_362_NO,PLC0202,Kuril,PLC0005,Airport,3.8,reverse,SRC_BRTA_METRO_FARES
BRTA_A_362_NO,PLC0202,Kuril,PLC0023,Badda,4.6,forward,SRC_BRTA_METRO_FARES
BRTA_A_362_NO,PLC0023,Badda,PLC0202,Kuril,4.6,reverse,SRC_BRTA_METRO_FARES
BRTA_A_362_NO,PLC0023,Badda,PLC0314,Rampura Bridge,2.0,forward,SRC_BRTA_METRO_FARES
BRTA_A_362_NO,PLC0314,Rampura Bridge,PLC0023,Badda,2.0,reverse,SRC_BRTA_METRO_FARES
BRTA_A_362_NO,PLC0314,Rampura Bridge,PLC0231,Meradia Bazar,3.0,forward,SRC_BRTA_METRO_FARES
BRTA_A_362_NO,PLC0231,Meradia Bazar,PLC0314,Rampura Bridge,3.0,reverse,SRC_BRTA_METRO_FARES
BRTA_A_362_NO,PLC0231,Meradia Bazar,PLC0355,Staff Quarter,6.5,forward,SRC_BRTA_METRO_FARES
BRTA_A_362_NO,PLC0355,Staff Quarter,PLC0231,Meradia Bazar,6.5,reverse,SRC_BRTA_METRO_FARES
BRTA_A_362_NO,PLC0355,Staff Quarter,PLC0357,Sultana Kamal Bridge,2.0,forward,SRC_BRTA_METRO_FARES
BRTA_A_362_NO,PLC0357,Sultana Kamal Bridge,PLC0355,Staff Quarter,2.0,reverse,SRC_BRTA_METRO_FARES
BRTA_A_362_NO,PLC0357,Sultana Kamal Bridge,PLC0361,Tarabo Biswa Road,2.0,forward,SRC_BRTA_METRO_FARES
BRTA_A_362_NO,PLC0361,Tarabo Biswa Road,PLC0357,Sultana Kamal Bridge,2.0,reverse,SRC_BRTA_METRO_FARES
BRTA_A_362_NO,PLC0361,Tarabo Biswa Road,PLC0171,Kanchpur,2.5,forward,SRC_BRTA_METRO_FARES
BRTA_A_362_NO,PLC0171,Kanchpur,PLC0361,Tarabo Biswa Road,2.5,reverse,SRC_BRTA_METRO_FARES
BRTA_A_362_NO,PLC0171,Kanchpur,PLC0209,Madanpur,3.5,forward,SRC_BRTA_METRO_FARES
BRTA_A_362_NO,PLC0209,Madanpur,PLC0171,Kanchpur,3.5,reverse,SRC_BRTA_METRO_FARES
BRTA_A_365_NO,PLC0267,Nabinagar,PLC0326,Savar,8.0,forward,SRC_BRTA_METRO_FARES
BRTA_A_365_NO,PLC0326,Savar,PLC0267,Nabinagar,8.0,reverse,SRC_BRTA_METRO_FARES
BRTA_A_365_NO,PLC0326,Savar,PLC0114,Gabtoli,13.5,forward,SRC_BRTA_METRO_FARES
BRTA_A_365_NO,PLC0114,Gabtoli,PLC0326,Savar,13.5,reverse,SRC_BRTA_METRO_FARES
BRTA_A_365_NO,PLC0114,Gabtoli,PLC0239,Mirpur-1,2.0,forward,SRC_BRTA_METRO_FARES
BRTA_A_365_NO,PLC0239,Mirpur-1,PLC0114,Gabtoli,2.0,reverse,SRC_BRTA_METRO_FARES
BRTA_A_365_NO,PLC0239,Mirpur-1,PLC0013,Ashika Morh,1.3,forward,SRC_BRTA_METRO_FARES
BRTA_A_365_NO,PLC0013,Ashika Morh,PLC0239,Mirpur-1,1.3,reverse,SRC_BRTA_METRO_FARES
BRTA_A_365_NO,PLC0013,Ashika Morh,PLC0286,Original-10,1.0,forward,SRC_BRTA_METRO_FARES
BRTA_A_365_NO,PLC0286,Original-10,PLC0013,Ashika Morh,1.0,reverse,SRC_BRTA_METRO_FARES
BRTA_A_365_NO,PLC0286,Original-10,PLC0160,Kalshi,3.9,forward,SRC_BRTA_METRO_FARES
BRTA_A_365_NO,PLC0160,Kalshi,PLC0286,Original-10,3.9,reverse,SRC_BRTA_METRO_FARES
BRTA_A_365_NO,PLC0160,Kalshi,PLC0384,Zillur Rahman Flyover,0.4,forward,SRC_BRTA_METRO_FARES
BRTA_A_365_NO,PLC0384,Zillur Rahman Flyover,PLC0160,Kalshi,0.4,reverse,SRC_BRTA_METRO_FARES
BRTA_A_365_NO,PLC0384,Zillur Rahman Flyover,PLC0334,Shaora Bazar,2.6,forward,SRC_BRTA_METRO_FARES
BRTA_A_365_NO,PLC0334,Shaora Bazar,PLC0384,Zillur Rahman Flyover,2.6,reverse,SRC_BRTA_METRO_FARES
BRTA_A_365_NO,PLC0334,Shaora Bazar,PLC0005,Airport,3.9,forward,SRC_BRTA_METRO_FARES
BRTA_A_365_NO,PLC0005,Airport,PLC0334,Shaora Bazar,3.9,reverse,SRC_BRTA_METRO_FARES
BRTA_A_365_NO,PLC0005,Airport,PLC0001,Abdullahpur,3.5,forward,SRC_BRTA_METRO_FARES
BRTA_A_365_NO,PLC0001,Abdullahpur,PLC0005,Airport,3.5,reverse,SRC_BRTA_METRO_FARES
BRTA_A_365_NO,PLC0001,Abdullahpur,PLC0169,Kamarpara,2.1,forward,SRC_BRTA_METRO_FARES
BRTA_A_365_NO,PLC0169,Kamarpara,PLC0001,Abdullahpur,2.1,reverse,SRC_BRTA_METRO_FARES
BRTA_A_365_NO,PLC0169,Kamarpara,PLC0093,Dhaur,3.0,forward,SRC_BRTA_METRO_FARES
BRTA_A_365_NO,PLC0093,Dhaur,PLC0169,Kamarpara,3.0,reverse,SRC_BRTA_METRO_FARES
BRTA_A_366_NO,PLC0046,Basila,PLC0011,Asad Avenue,3.0,forward,SRC_BRTA_METRO_FARES
BRTA_A_366_NO,PLC0011,Asad Avenue,PLC0046,Basila,3.0,reverse,SRC_BRTA_METRO_FARES
BRTA_A_366_NO,PLC0011,Asad Avenue,PLC0346,Shyamoli,1.8,forward,SRC_BRTA_METRO_FARES
BRTA_A_366_NO,PLC0346,Shyamoli,PLC0011,Asad Avenue,1.8,reverse,SRC_BRTA_METRO_FARES
BRTA_A_366_NO,PLC0346,Shyamoli,PLC0163,Kalyanpur,0.33,forward,SRC_BRTA_METRO_FARES
BRTA_A_366_NO,PLC0163,Kalyanpur,PLC0346,Shyamoli,0.33,reverse,SRC_BRTA_METRO_FARES
BRTA_A_366_NO,PLC0163,Kalyanpur,PLC0362,Technical,0.92,forward,SRC_BRTA_METRO_FARES
BRTA_A_366_NO,PLC0362,Technical,PLC0163,Kalyanpur,0.92,reverse,SRC_BRTA_METRO_FARES
BRTA_A_366_NO,PLC0362,Technical,PLC0239,Mirpur-1,2.45,forward,SRC_BRTA_METRO_FARES
BRTA_A_366_NO,PLC0239,Mirpur-1,PLC0362,Technical,2.45,reverse,SRC_BRTA_METRO_FARES
BRTA_A_366_NO,PLC0239,Mirpur-1,PLC0245,Mirpur-2,1.3,forward,SRC_BRTA_METRO_FARES
BRTA_A_366_NO,PLC0245,Mirpur-2,PLC0239,Mirpur-1,1.3,reverse,SRC_BRTA_METRO_FARES
BRTA_A_366_NO,PLC0245,Mirpur-2,PLC0240,Mirpur-10,0.5,forward,SRC_BRTA_METRO_FARES
BRTA_A_366_NO,PLC0240,Mirpur-10,PLC0245,Mirpur-2,0.5,reverse,SRC_BRTA_METRO_FARES
BRTA_A_366_NO,PLC0240,Mirpur-10,PLC0241,Mirpur-11,1.0,forward,SRC_BRTA_METRO_FARES
BRTA_A_366_NO,PLC0241,Mirpur-11,PLC0240,Mirpur-10,1.0,reverse,SRC_BRTA_METRO_FARES
BRTA_A_366_NO,PLC0241,Mirpur-11,PLC0302,Purbi,0.5,forward,SRC_BRTA_METRO_FARES
BRTA_A_366_NO,PLC0302,Purbi,PLC0241,Mirpur-11,0.5,reverse,SRC_BRTA_METRO_FARES
BRTA_A_366_NO,PLC0302,Purbi,PLC0160,Kalshi,3.2,forward,SRC_BRTA_METRO_FARES
BRTA_A_366_NO,PLC0160,Kalshi,PLC0302,Purbi,3.2,reverse,SRC_BRTA_METRO_FARES
BRTA_A_366_NO,PLC0160,Kalshi,PLC0337,Sheora Bazar,4.4,forward,SRC_BRTA_METRO_FARES
BRTA_A_366_NO,PLC0337,Sheora Bazar,PLC0160,Kalshi,4.4,reverse,SRC_BRTA_METRO_FARES
BRTA_A_366_NO,PLC0337,Sheora Bazar,PLC0005,Airport,4.0,forward,SRC_BRTA_METRO_FARES
BRTA_A_366_NO,PLC0005,Airport,PLC0337,Sheora Bazar,4.0,reverse,SRC_BRTA_METRO_FARES
BRTA_A_366_NO,PLC0005,Airport,PLC0377,Uttara,1.3,forward,SRC_BRTA_METRO_FARES
BRTA_A_366_NO,PLC0377,Uttara,PLC0005,Airport,1.3,reverse,SRC_BRTA_METRO_FARES
BRTA_A_366_NO,PLC0377,Uttara,PLC0001,Abdullahpur,2.6,forward,SRC_BRTA_METRO_FARES
BRTA_A_366_NO,PLC0001,Abdullahpur,PLC0377,Uttara,2.6,reverse,SRC_BRTA_METRO_FARES
BRTA_A_366_NO,PLC0001,Abdullahpur,PLC0093,Dhaur,5.1,forward,SRC_BRTA_METRO_FARES
BRTA_A_366_NO,PLC0093,Dhaur,PLC0001,Abdullahpur,5.1,reverse,SRC_BRTA_METRO_FARES
BRTA_A_367_NO,PLC0052,Bhabantek,PLC0244,Mirpur-14,1.8,forward,SRC_BRTA_METRO_FARES
BRTA_A_367_NO,PLC0244,Mirpur-14,PLC0052,Bhabantek,1.8,reverse,SRC_BRTA_METRO_FARES
BRTA_A_367_NO,PLC0244,Mirpur-14,PLC0240,Mirpur-10,2.2,forward,SRC_BRTA_METRO_FARES
BRTA_A_367_NO,PLC0240,Mirpur-10,PLC0244,Mirpur-14,2.2,reverse,SRC_BRTA_METRO_FARES
BRTA_A_367_NO,PLC0240,Mirpur-10,PLC0239,Mirpur-1,1.8,forward,SRC_BRTA_METRO_FARES
BRTA_A_367_NO,PLC0239,Mirpur-1,PLC0240,Mirpur-10,1.8,reverse,SRC_BRTA_METRO_FARES
BRTA_A_367_NO,PLC0239,Mirpur-1,PLC0362,Technical,1.9,forward,SRC_BRTA_METRO_FARES
BRTA_A_367_NO,PLC0362,Technical,PLC0239,Mirpur-1,1.9,reverse,SRC_BRTA_METRO_FARES
BRTA_A_367_NO,PLC0362,Technical,PLC0114,Gabtoli,1.2,forward,SRC_BRTA_METRO_FARES
BRTA_A_367_NO,PLC0114,Gabtoli,PLC0362,Technical,1.2,reverse,SRC_BRTA_METRO_FARES
BRTA_A_367_NO,PLC0114,Gabtoli,PLC0132,Hemayetpur,7.2,forward,SRC_BRTA_METRO_FARES
BRTA_A_367_NO,PLC0132,Hemayetpur,PLC0114,Gabtoli,7.2,reverse,SRC_BRTA_METRO_FARES
BRTA_A_367_NO,PLC0132,Hemayetpur,PLC0326,Savar,6.6,forward,SRC_BRTA_METRO_FARES
BRTA_A_367_NO,PLC0326,Savar,PLC0132,Hemayetpur,6.6,reverse,SRC_BRTA_METRO_FARES
BRTA_A_367_NO,PLC0326,Savar,PLC0267,Nabinagar,8.0,forward,SRC_BRTA_METRO_FARES
BRTA_A_367_NO,PLC0267,Nabinagar,PLC0326,Savar,8.0,reverse,SRC_BRTA_METRO_FARES
BRTA_A_367_NO,PLC0267,Nabinagar,PLC0108,EPZ,4.7,forward,SRC_BRTA_METRO_FARES
BRTA_A_367_NO,PLC0108,EPZ,PLC0267,Nabinagar,4.7,reverse,SRC_BRTA_METRO_FARES
BRTA_A_367_NO,PLC0108,EPZ,PLC0269,Nandan Park,9.4,forward,SRC_BRTA_METRO_FARES
BRTA_A_367_NO,PLC0269,Nandan Park,PLC0108,EPZ,9.4,reverse,SRC_BRTA_METRO_FARES
BRTA_A_368_NO,PLC0084,Demra Staff Quarter,PLC0231,Meradia Bazar,8.0,forward,SRC_BRTA_METRO_FARES
BRTA_A_368_NO,PLC0231,Meradia Bazar,PLC0084,Demra Staff Quarter,8.0,reverse,SRC_BRTA_METRO_FARES
BRTA_A_368_NO,PLC0231,Meradia Bazar,PLC0312,Rampura,2.8,forward,SRC_BRTA_METRO_FARES
BRTA_A_368_NO,PLC0312,Rampura,PLC0231,Meradia Bazar,2.8,reverse,SRC_BRTA_METRO_FARES
BRTA_A_368_NO,PLC0312,Rampura,PLC0264,Mouchak,2.5,forward,SRC_BRTA_METRO_FARES
BRTA_A_368_NO,PLC0264,Mouchak,PLC0312,Rampura,2.5,reverse,SRC_BRTA_METRO_FARES
BRTA_A_368_NO,PLC0264,Mouchak,PLC0210,Magbazar,1.0,forward,SRC_BRTA_METRO_FARES
BRTA_A_368_NO,PLC0210,Magbazar,PLC0264,Mouchak,1.0,reverse,SRC_BRTA_METRO_FARES
BRTA_A_368_NO,PLC0210,Magbazar,PLC0039,Banglamotor,1.2,forward,SRC_BRTA_METRO_FARES
BRTA_A_368_NO,PLC0039,Banglamotor,PLC0210,Magbazar,1.2,reverse,SRC_BRTA_METRO_FARES
BRTA_A_368_NO,PLC0039,Banglamotor,PLC0112,Farmgate,2.0,forward,SRC_BRTA_METRO_FARES
BRTA_A_368_NO,PLC0112,Farmgate,PLC0039,Banglamotor,2.0,reverse,SRC_BRTA_METRO_FARES
BRTA_A_368_NO,PLC0112,Farmgate,PLC0012,Asad Gate,1.7,forward,SRC_BRTA_METRO_FARES
BRTA_A_368_NO,PLC0012,Asad Gate,PLC0112,Farmgate,1.7,reverse,SRC_BRTA_METRO_FARES
BRTA_A_368_NO,PLC0012,Asad Gate,PLC0253,Mohammadpur,1.3,forward,SRC_BRTA_METRO_FARES
BRTA_A_368_NO,PLC0253,Mohammadpur,PLC0012,Asad Gate,1.3,reverse,SRC_BRTA_METRO_FARES
BRTA_A_368_NO,PLC0253,Mohammadpur,PLC0046,Basila,3.0,forward,SRC_BRTA_METRO_FARES
BRTA_A_368_NO,PLC0046,Basila,PLC0253,Mohammadpur,3.0,reverse,SRC_BRTA_METRO_FARES
BRTA_A_373_NO,PLC0083,Demra Bridge,PLC0084,Demra Staff Quarter,2.0,forward,SRC_BRTA_METRO_FARES
BRTA_A_373_NO,PLC0084,Demra Staff Quarter,PLC0083,Demra Bridge,2.0,reverse,SRC_BRTA_METRO_FARES
BRTA_A_373_NO,PLC0084,Demra Staff Quarter,PLC0230,Meradia (New Road),6.5,forward,SRC_BRTA_METRO_FARES
BRTA_A_373_NO,PLC0230,Meradia (New Road),PLC0084,Demra Staff Quarter,6.5,reverse,SRC_BRTA_METRO_FARES
BRTA_A_373_NO,PLC0230,Meradia (New Road),PLC0313,Rampura (Bonsree),3.0,forward,SRC_BRTA_METRO_FARES
BRTA_A_373_NO,PLC0313,Rampura (Bonsree),PLC0230,Meradia (New Road),3.0,reverse,SRC_BRTA_METRO_FARES
BRTA_A_373_NO,PLC0313,Rampura (Bonsree),PLC0264,Mouchak,2.5,forward,SRC_BRTA_METRO_FARES
BRTA_A_373_NO,PLC0264,Mouchak,PLC0313,Rampura (Bonsree),2.5,reverse,SRC_BRTA_METRO_FARES
BRTA_A_373_NO,PLC0264,Mouchak,PLC0155,Kakrail,0.9,forward,SRC_BRTA_METRO_FARES
BRTA_A_373_NO,PLC0155,Kakrail,PLC0264,Mouchak,0.9,reverse,SRC_BRTA_METRO_FARES
BRTA_A_373_NO,PLC0155,Kakrail,PLC0331,Shahbag,2.1,forward,SRC_BRTA_METRO_FARES
BRTA_A_373_NO,PLC0331,Shahbag,PLC0155,Kakrail,2.1,reverse,SRC_BRTA_METRO_FARES
BRTA_A_373_NO,PLC0331,Shahbag,PLC0329,Science Lab,1.2,forward,SRC_BRTA_METRO_FARES
BRTA_A_373_NO,PLC0329,Science Lab,PLC0331,Shahbag,1.2,reverse,SRC_BRTA_METRO_FARES
BRTA_A_373_NO,PLC0329,Science Lab,PLC0012,Asad Gate,4.0,forward,SRC_BRTA_METRO_FARES
BRTA_A_373_NO,PLC0012,Asad Gate,PLC0329,Science Lab,4.0,reverse,SRC_BRTA_METRO_FARES
BRTA_A_373_NO,PLC0012,Asad Gate,PLC0163,Kalyanpur,2.3,forward,SRC_BRTA_METRO_FARES
BRTA_A_373_NO,PLC0163,Kalyanpur,PLC0012,Asad Gate,2.3,reverse,SRC_BRTA_METRO_FARES
BRTA_A_373_NO,PLC0163,Kalyanpur,PLC0114,Gabtoli,0.9,forward,SRC_BRTA_METRO_FARES
BRTA_A_373_NO,PLC0114,Gabtoli,PLC0163,Kalyanpur,0.9,reverse,SRC_BRTA_METRO_FARES
BRTA_A_373_NO,PLC0114,Gabtoli,PLC0326,Savar,13.5,forward,SRC_BRTA_METRO_FARES
BRTA_A_373_NO,PLC0326,Savar,PLC0114,Gabtoli,13.5,reverse,SRC_BRTA_METRO_FARES
BRTA_A_373_NO,PLC0326,Savar,PLC0267,Nabinagar,8.0,forward,SRC_BRTA_METRO_FARES
BRTA_A_373_NO,PLC0267,Nabinagar,PLC0326,Savar,8.0,reverse,SRC_BRTA_METRO_FARES
BRTA_A_377_NO,PLC0115,Gabtoli Bridge Par,PLC0362,Technical,1.8,forward,SRC_BRTA_METRO_FARES
BRTA_A_377_NO,PLC0362,Technical,PLC0115,Gabtoli Bridge Par,1.8,reverse,SRC_BRTA_METRO_FARES
BRTA_A_377_NO,PLC0362,Technical,PLC0239,Mirpur-1,1.8,forward,SRC_BRTA_METRO_FARES
BRTA_A_377_NO,PLC0239,Mirpur-1,PLC0362,Technical,1.8,reverse,SRC_BRTA_METRO_FARES
BRTA_A_377_NO,PLC0239,Mirpur-1,PLC0245,Mirpur-2,1.3,forward,SRC_BRTA_METRO_FARES
BRTA_A_377_NO,PLC0245,Mirpur-2,PLC0239,Mirpur-1,1.3,reverse,SRC_BRTA_METRO_FARES
BRTA_A_377_NO,PLC0245,Mirpur-2,PLC0240,Mirpur-10,0.5,forward,SRC_BRTA_METRO_FARES
BRTA_A_377_NO,PLC0240,Mirpur-10,PLC0245,Mirpur-2,0.5,reverse,SRC_BRTA_METRO_FARES
BRTA_A_377_NO,PLC0240,Mirpur-10,PLC0241,Mirpur-11,1.0,forward,SRC_BRTA_METRO_FARES
BRTA_A_377_NO,PLC0241,Mirpur-11,PLC0240,Mirpur-10,1.0,reverse,SRC_BRTA_METRO_FARES
BRTA_A_377_NO,PLC0241,Mirpur-11,PLC0302,Purbi,0.5,forward,SRC_BRTA_METRO_FARES
BRTA_A_377_NO,PLC0302,Purbi,PLC0241,Mirpur-11,0.5,reverse,SRC_BRTA_METRO_FARES
BRTA_A_377_NO,PLC0302,Purbi,PLC0160,Kalshi,3.0,forward,SRC_BRTA_METRO_FARES
BRTA_A_377_NO,PLC0160,Kalshi,PLC0302,Purbi,3.0,reverse,SRC_BRTA_METRO_FARES
BRTA_A_377_NO,PLC0160,Kalshi,PLC0104,ECB Chattar,1.8,forward,SRC_BRTA_METRO_FARES
BRTA_A_377_NO,PLC0104,ECB Chattar,PLC0160,Kalshi,1.8,reverse,SRC_BRTA_METRO_FARES
BRTA_A_377_NO,PLC0104,ECB Chattar,PLC0154,Kakoli,3.9,forward,SRC_BRTA_METRO_FARES
BRTA_A_377_NO,PLC0154,Kakoli,PLC0104,ECB Chattar,3.9,reverse,SRC_BRTA_METRO_FARES
BRTA_A_377_NO,PLC0154,Kakoli,PLC0252,Mohakhali Amtoli,1.5,forward,SRC_BRTA_METRO_FARES
BRTA_A_377_NO,PLC0252,Mohakhali Amtoli,PLC0154,Kakoli,1.5,reverse,SRC_BRTA_METRO_FARES
BRTA_A_377_NO,PLC0252,Mohakhali Amtoli,PLC0129,Gulshan-1,1.8,forward,SRC_BRTA_METRO_FARES
BRTA_A_377_NO,PLC0129,Gulshan-1,PLC0252,Mohakhali Amtoli,1.8,reverse,SRC_BRTA_METRO_FARES
BRTA_A_377_NO,PLC0129,Gulshan-1,PLC0025,Badda Link Road/Madhy Badda,2.5,forward,SRC_BRTA_METRO_FARES
BRTA_A_377_NO,PLC0025,Badda Link Road/Madhy Badda,PLC0129,Gulshan-1,2.5,reverse,SRC_BRTA_METRO_FARES
BRTA_A_377_NO,PLC0025,Badda Link Road/Madhy Badda,PLC0231,Meradia Bazar,5.1,forward,SRC_BRTA_METRO_FARES
BRTA_A_377_NO,PLC0231,Meradia Bazar,PLC0025,Badda Link Road/Madhy Badda,5.1,reverse,SRC_BRTA_METRO_FARES
BRTA_A_378_NO,PLC0342,Shialbari,PLC0285,Original Das,2.0,forward,SRC_BRTA_METRO_FARES
BRTA_A_378_NO,PLC0285,Original Das,PLC0342,Shialbari,2.0,reverse,SRC_BRTA_METRO_FARES
BRTA_A_378_NO,PLC0285,Original Das,PLC0302,Purbi,1.0,forward,SRC_BRTA_METRO_FARES
BRTA_A_378_NO,PLC0302,Purbi,PLC0285,Original Das,1.0,reverse,SRC_BRTA_METRO_FARES
BRTA_A_378_NO,PLC0302,Purbi,PLC0161,Kalshi Morh,3.3,forward,SRC_BRTA_METRO_FARES
BRTA_A_378_NO,PLC0161,Kalshi Morh,PLC0302,Purbi,3.3,reverse,SRC_BRTA_METRO_FARES
BRTA_A_378_NO,PLC0161,Kalshi Morh,PLC0227,Md. Zillur Rahman Flyover,3.5,forward,SRC_BRTA_METRO_FARES
BRTA_A_378_NO,PLC0227,Md. Zillur Rahman Flyover,PLC0161,Kalshi Morh,3.5,reverse,SRC_BRTA_METRO_FARES
BRTA_A_378_NO,PLC0227,Md. Zillur Rahman Flyover,PLC0154,Kakoli,2.0,forward,SRC_BRTA_METRO_FARES
BRTA_A_378_NO,PLC0154,Kakoli,PLC0227,Md. Zillur Rahman Flyover,2.0,reverse,SRC_BRTA_METRO_FARES
BRTA_A_378_NO,PLC0154,Kakoli,PLC0250,Mohakhali,1.8,forward,SRC_BRTA_METRO_FARES
BRTA_A_378_NO,PLC0250,Mohakhali,PLC0154,Kakoli,1.8,reverse,SRC_BRTA_METRO_FARES
BRTA_A_378_NO,PLC0250,Mohakhali,PLC0325,Satrasta,2.2,forward,SRC_BRTA_METRO_FARES
BRTA_A_378_NO,PLC0325,Satrasta,PLC0250,Mohakhali,2.2,reverse,SRC_BRTA_METRO_FARES
BRTA_A_378_NO,PLC0325,Satrasta,PLC0210,Magbazar,1.5,forward,SRC_BRTA_METRO_FARES
BRTA_A_378_NO,PLC0210,Magbazar,PLC0325,Satrasta,1.5,reverse,SRC_BRTA_METRO_FARES
BRTA_A_378_NO,PLC0210,Magbazar,PLC0212,Malibagh,1.0,forward,SRC_BRTA_METRO_FARES
BRTA_A_378_NO,PLC0212,Malibagh,PLC0210,Magbazar,1.0,reverse,SRC_BRTA_METRO_FARES
BRTA_A_378_NO,PLC0212,Malibagh,PLC0155,Kakrail,1.0,forward,SRC_BRTA_METRO_FARES
BRTA_A_378_NO,PLC0155,Kakrail,PLC0212,Malibagh,1.0,reverse,SRC_BRTA_METRO_FARES
BRTA_A_378_NO,PLC0155,Kakrail,PLC0109,Fakirapool,1.0,forward,SRC_BRTA_METRO_FARES
BRTA_A_378_NO,PLC0109,Fakirapool,PLC0155,Kakrail,1.0,reverse,SRC_BRTA_METRO_FARES
BRTA_A_378_NO,PLC0109,Fakirapool,PLC0165,Kamalapur (Pirjangi Mazar),1.0,forward,SRC_BRTA_METRO_FARES
BRTA_A_378_NO,PLC0165,Kamalapur (Pirjangi Mazar),PLC0109,Fakirapool,1.0,reverse,SRC_BRTA_METRO_FARES
BRTA_A_380_NO,PLC0348,Signboard,PLC0143,Jatrabari,5.0,forward,SRC_BRTA_METRO_FARES
BRTA_A_380_NO,PLC0143,Jatrabari,PLC0348,Signboard,5.0,reverse,SRC_BRTA_METRO_FARES
BRTA_A_380_NO,PLC0143,Jatrabari,PLC0127,Gulistan (Hanif Flyover),2.7,forward,SRC_BRTA_METRO_FARES
BRTA_A_380_NO,PLC0127,Gulistan (Hanif Flyover),PLC0143,Jatrabari,2.7,reverse,SRC_BRTA_METRO_FARES
BRTA_A_380_NO,PLC0127,Gulistan (Hanif Flyover),PLC0291,Paltan,1.2,forward,SRC_BRTA_METRO_FARES
BRTA_A_380_NO,PLC0291,Paltan,PLC0127,Gulistan (Hanif Flyover),1.2,reverse,SRC_BRTA_METRO_FARES
BRTA_A_380_NO,PLC0291,Paltan,PLC0058,Bijoy Nagar,0.6,forward,SRC_BRTA_METRO_FARES
BRTA_A_380_NO,PLC0058,Bijoy Nagar,PLC0291,Paltan,0.6,reverse,SRC_BRTA_METRO_FARES
BRTA_A_380_NO,PLC0058,Bijoy Nagar,PLC0155,Kakrail,0.8,forward,SRC_BRTA_METRO_FARES
BRTA_A_380_NO,PLC0155,Kakrail,PLC0058,Bijoy Nagar,0.8,reverse,SRC_BRTA_METRO_FARES
BRTA_A_380_NO,PLC0155,Kakrail,PLC0264,Mouchak,1.1,forward,SRC_BRTA_METRO_FARES
BRTA_A_380_NO,PLC0264,Mouchak,PLC0155,Kakrail,1.1,reverse,SRC_BRTA_METRO_FARES
BRTA_A_380_NO,PLC0264,Mouchak,PLC0210,Magbazar,1.3,forward,SRC_BRTA_METRO_FARES
BRTA_A_380_NO,PLC0210,Magbazar,PLC0264,Mouchak,1.3,reverse,SRC_BRTA_METRO_FARES
BRTA_A_380_NO,PLC0210,Magbazar,PLC0325,Satrasta,1.0,forward,SRC_BRTA_METRO_FARES
BRTA_A_380_NO,PLC0325,Satrasta,PLC0210,Magbazar,1.0,reverse,SRC_BRTA_METRO_FARES
BRTA_A_380_NO,PLC0325,Satrasta,PLC0250,Mohakhali,3.1,forward,SRC_BRTA_METRO_FARES
BRTA_A_380_NO,PLC0250,Mohakhali,PLC0325,Satrasta,3.1,reverse,SRC_BRTA_METRO_FARES
BRTA_A_380_NO,PLC0250,Mohakhali,PLC0032,Banani,2.0,forward,SRC_BRTA_METRO_FARES
BRTA_A_380_NO,PLC0032,Banani,PLC0250,Mohakhali,2.0,reverse,SRC_BRTA_METRO_FARES
BRTA_A_380_NO,PLC0032,Banani,PLC0336,Sheora,3.3,forward,SRC_BRTA_METRO_FARES
BRTA_A_380_NO,PLC0336,Sheora,PLC0032,Banani,3.3,reverse,SRC_BRTA_METRO_FARES
BRTA_A_380_NO,PLC0336,Sheora,PLC0193,Khilkhet,1.6,forward,SRC_BRTA_METRO_FARES
BRTA_A_380_NO,PLC0193,Khilkhet,PLC0336,Sheora,1.6,reverse,SRC_BRTA_METRO_FARES
BRTA_A_380_NO,PLC0193,Khilkhet,PLC0005,Airport,5.7,forward,SRC_BRTA_METRO_FARES
BRTA_A_380_NO,PLC0005,Airport,PLC0193,Khilkhet,5.7,reverse,SRC_BRTA_METRO_FARES
BRTA_A_380_NO,PLC0005,Airport,PLC0135,House Building,1.1,forward,SRC_BRTA_METRO_FARES
BRTA_A_380_NO,PLC0135,House Building,PLC0005,Airport,1.1,reverse,SRC_BRTA_METRO_FARES
BRTA_A_380_NO,PLC0135,House Building,PLC0001,Abdullahpur,1.1,forward,SRC_BRTA_METRO_FARES
BRTA_A_380_NO,PLC0001,Abdullahpur,PLC0135,House Building,1.1,reverse,SRC_BRTA_METRO_FARES
BRTA_A_380_NO,PLC0001,Abdullahpur,PLC0169,Kamarpara,2.2,forward,SRC_BRTA_METRO_FARES
BRTA_A_380_NO,PLC0169,Kamarpara,PLC0001,Abdullahpur,2.2,reverse,SRC_BRTA_METRO_FARES
BRTA_A_380_NO,PLC0169,Kamarpara,PLC0111,Fantasy Kingdom,12.5,forward,SRC_BRTA_METRO_FARES
BRTA_A_380_NO,PLC0111,Fantasy Kingdom,PLC0169,Kamarpara,12.5,reverse,SRC_BRTA_METRO_FARES
BRTA_A_381_NO,PLC0125,Gulistan,PLC0082,Demra,4.5,forward,SRC_BRTA_METRO_FARES
BRTA_A_381_NO,PLC0082,Demra,PLC0125,Gulistan,4.5,reverse,SRC_BRTA_METRO_FARES
BRTA_A_381_NO,PLC0082,Demra,PLC0319,Rupshi,9.2,forward,SRC_BRTA_METRO_FARES
BRTA_A_381_NO,PLC0319,Rupshi,PLC0082,Demra,9.2,reverse,SRC_BRTA_METRO_FARES
BRTA_A_381_NO,PLC0319,Rupshi,PLC0042,Barpa,1.4,forward,SRC_BRTA_METRO_FARES
BRTA_A_381_NO,PLC0042,Barpa,PLC0319,Rupshi,1.4,reverse,SRC_BRTA_METRO_FARES
BRTA_A_381_NO,PLC0042,Barpa,PLC0055,Bhulta (Gausia),5.5,forward,SRC_BRTA_METRO_FARES
BRTA_A_381_NO,PLC0055,Bhulta (Gausia),PLC0042,Barpa,5.5,reverse,SRC_BRTA_METRO_FARES
BRTA_A_386_NO,PLC0209,Madanpur,PLC0171,Kanchpur,4.0,forward,SRC_BRTA_METRO_FARES
BRTA_A_386_NO,PLC0171,Kanchpur,PLC0209,Madanpur,4.0,reverse,SRC_BRTA_METRO_FARES
BRTA_A_386_NO,PLC0171,Kanchpur,PLC0082,Demra,5.0,forward,SRC_BRTA_METRO_FARES
BRTA_A_386_NO,PLC0082,Demra,PLC0171,Kanchpur,5.0,reverse,SRC_BRTA_METRO_FARES
BRTA_A_386_NO,PLC0082,Demra,PLC0231,Meradia Bazar,6.6,forward,SRC_BRTA_METRO_FARES
BRTA_A_386_NO,PLC0231,Meradia Bazar,PLC0082,Demra,6.6,reverse,SRC_BRTA_METRO_FARES
BRTA_A_386_NO,PLC0231,Meradia Bazar,PLC0064,Bonsree,2.0,forward,SRC_BRTA_METRO_FARES
BRTA_A_386_NO,PLC0064,Bonsree,PLC0231,Meradia Bazar,2.0,reverse,SRC_BRTA_METRO_FARES
BRTA_A_386_NO,PLC0064,Bonsree,PLC0314,Rampura Bridge,1.0,forward,SRC_BRTA_METRO_FARES
BRTA_A_386_NO,PLC0314,Rampura Bridge,PLC0064,Bonsree,1.0,reverse,SRC_BRTA_METRO_FARES
BRTA_A_386_NO,PLC0314,Rampura Bridge,PLC0139,Jamuna Future Park,5.2,forward,SRC_BRTA_METRO_FARES
BRTA_A_386_NO,PLC0139,Jamuna Future Park,PLC0314,Rampura Bridge,5.2,reverse,SRC_BRTA_METRO_FARES
BRTA_A_386_NO,PLC0139,Jamuna Future Park,PLC0202,Kuril,1.0,forward,SRC_BRTA_METRO_FARES
BRTA_A_386_NO,PLC0202,Kuril,PLC0139,Jamuna Future Park,1.0,reverse,SRC_BRTA_METRO_FARES
BRTA_A_386_NO,PLC0202,Kuril,PLC0104,ECB Chattar,3.6,forward,SRC_BRTA_METRO_FARES
BRTA_A_386_NO,PLC0104,ECB Chattar,PLC0202,Kuril,3.6,reverse,SRC_BRTA_METRO_FARES
BRTA_A_386_NO,PLC0104,ECB Chattar,PLC0160,Kalshi,1.9,forward,SRC_BRTA_METRO_FARES
BRTA_A_386_NO,PLC0160,Kalshi,PLC0104,ECB Chattar,1.9,reverse,SRC_BRTA_METRO_FARES
BRTA_A_386_NO,PLC0160,Kalshi,PLC0240,Mirpur-10,4.9,forward,SRC_BRTA_METRO_FARES
BRTA_A_386_NO,PLC0240,Mirpur-10,PLC0160,Kalshi,4.9,reverse,SRC_BRTA_METRO_FARES
BRTA_A_386_NO,PLC0240,Mirpur-10,PLC0239,Mirpur-1,1.8,forward,SRC_BRTA_METRO_FARES
BRTA_A_386_NO,PLC0239,Mirpur-1,PLC0240,Mirpur-10,1.8,reverse,SRC_BRTA_METRO_FARES
BRTA_A_386_NO,PLC0239,Mirpur-1,PLC0114,Gabtoli,3.1,forward,SRC_BRTA_METRO_FARES
BRTA_A_386_NO,PLC0114,Gabtoli,PLC0239,Mirpur-1,3.1,reverse,SRC_BRTA_METRO_FARES
BRTA_A_386_NO,PLC0114,Gabtoli,PLC0132,Hemayetpur,8.0,forward,SRC_BRTA_METRO_FARES
BRTA_A_386_NO,PLC0132,Hemayetpur,PLC0114,Gabtoli,8.0,reverse,SRC_BRTA_METRO_FARES
BRTA_A_386_NO,PLC0132,Hemayetpur,PLC0326,Savar,6.7,forward,SRC_BRTA_METRO_FARES
BRTA_A_386_NO,PLC0326,Savar,PLC0132,Hemayetpur,6.7,reverse,SRC_BRTA_METRO_FARES
BRTA_A_386_NO,PLC0326,Savar,PLC0108,EPZ,13.2,forward,SRC_BRTA_METRO_FARES
BRTA_A_386_NO,PLC0108,EPZ,PLC0326,Savar,13.2,reverse,SRC_BRTA_METRO_FARES
BRTA_A_386_NO,PLC0108,EPZ,PLC0269,Nandan Park,10.6,forward,SRC_BRTA_METRO_FARES
BRTA_A_386_NO,PLC0269,Nandan Park,PLC0108,EPZ,10.6,reverse,SRC_BRTA_METRO_FARES
BRTA_A_387_NO,PLC0157,Kalampur,PLC0185,Khamrai,3.3,forward,SRC_BRTA_METRO_FARES
BRTA_A_387_NO,PLC0185,Khamrai,PLC0157,Kalampur,3.3,reverse,SRC_BRTA_METRO_FARES
BRTA_A_387_NO,PLC0185,Khamrai,PLC0267,Nabinagar,8.2,forward,SRC_BRTA_METRO_FARES
BRTA_A_387_NO,PLC0267,Nabinagar,PLC0185,Khamrai,8.2,reverse,SRC_BRTA_METRO_FARES
BRTA_A_387_NO,PLC0267,Nabinagar,PLC0326,Savar,8.0,forward,SRC_BRTA_METRO_FARES
BRTA_A_387_NO,PLC0326,Savar,PLC0267,Nabinagar,8.0,reverse,SRC_BRTA_METRO_FARES
BRTA_A_387_NO,PLC0326,Savar,PLC0132,Hemayetpur,8.0,forward,SRC_BRTA_METRO_FARES
BRTA_A_387_NO,PLC0132,Hemayetpur,PLC0326,Savar,8.0,reverse,SRC_BRTA_METRO_FARES
BRTA_A_387_NO,PLC0132,Hemayetpur,PLC0114,Gabtoli,5.5,forward,SRC_BRTA_METRO_FARES
BRTA_A_387_NO,PLC0114,Gabtoli,PLC0132,Hemayetpur,5.5,reverse,SRC_BRTA_METRO_FARES
BRTA_A_387_NO,PLC0114,Gabtoli,PLC0012,Asad Gate,5.0,forward,SRC_BRTA_METRO_FARES
BRTA_A_387_NO,PLC0012,Asad Gate,PLC0114,Gabtoli,5.0,reverse,SRC_BRTA_METRO_FARES
BRTA_A_387_NO,PLC0012,Asad Gate,PLC0112,Farmgate,2.0,forward,SRC_BRTA_METRO_FARES
BRTA_A_387_NO,PLC0112,Farmgate,PLC0012,Asad Gate,2.0,reverse,SRC_BRTA_METRO_FARES
BRTA_A_387_NO,PLC0112,Farmgate,PLC0331,Shahbag,3.0,forward,SRC_BRTA_METRO_FARES
BRTA_A_387_NO,PLC0331,Shahbag,PLC0112,Farmgate,3.0,reverse,SRC_BRTA_METRO_FARES
BRTA_A_387_NO,PLC0331,Shahbag,PLC0298,Press Club,4.0,forward,SRC_BRTA_METRO_FARES
BRTA_A_387_NO,PLC0298,Press Club,PLC0331,Shahbag,4.0,reverse,SRC_BRTA_METRO_FARES
BRTA_A_387_NO,PLC0298,Press Club,PLC0125,Gulistan,0.5,forward,SRC_BRTA_METRO_FARES
BRTA_A_387_NO,PLC0125,Gulistan,PLC0298,Press Club,0.5,reverse,SRC_BRTA_METRO_FARES
BRTA_A_387_NO,PLC0125,Gulistan,PLC0380,Victoria Park,2.0,forward,SRC_BRTA_METRO_FARES
BRTA_A_387_NO,PLC0380,Victoria Park,PLC0125,Gulistan,2.0,reverse,SRC_BRTA_METRO_FARES
BRTA_A_406_NO,PLC0121,Ghater Char,PLC0046,Basila,2.8,forward,SRC_BRTA_METRO_FARES
BRTA_A_406_NO,PLC0046,Basila,PLC0121,Ghater Char,2.8,reverse,SRC_BRTA_METRO_FARES
BRTA_A_406_NO,PLC0046,Basila,PLC0253,Mohammadpur,1.5,forward,SRC_BRTA_METRO_FARES
BRTA_A_406_NO,PLC0253,Mohammadpur,PLC0046,Basila,1.5,reverse,SRC_BRTA_METRO_FARES
BRTA_A_406_NO,PLC0253,Mohammadpur,PLC0333,Shankar,2.0,forward,SRC_BRTA_METRO_FARES
BRTA_A_406_NO,PLC0333,Shankar,PLC0253,Mohammadpur,2.0,reverse,SRC_BRTA_METRO_FARES
BRTA_A_406_NO,PLC0333,Shankar,PLC0346,Shyamoli,0.5,forward,SRC_BRTA_METRO_FARES
BRTA_A_406_NO,PLC0346,Shyamoli,PLC0333,Shankar,0.5,reverse,SRC_BRTA_METRO_FARES
BRTA_A_406_NO,PLC0346,Shyamoli,PLC0091,Dhanmondi,0.5,forward,SRC_BRTA_METRO_FARES
BRTA_A_406_NO,PLC0091,Dhanmondi,PLC0346,Shyamoli,0.5,reverse,SRC_BRTA_METRO_FARES
BRTA_A_406_NO,PLC0091,Dhanmondi,PLC0144,Jigatola,1.0,forward,SRC_BRTA_METRO_FARES
BRTA_A_406_NO,PLC0144,Jigatola,PLC0091,Dhanmondi,1.0,reverse,SRC_BRTA_METRO_FARES
BRTA_A_406_NO,PLC0144,Jigatola,PLC0329,Science Lab,2.0,forward,SRC_BRTA_METRO_FARES
BRTA_A_406_NO,PLC0329,Science Lab,PLC0144,Jigatola,2.0,reverse,SRC_BRTA_METRO_FARES
BRTA_A_406_NO,PLC0329,Science Lab,PLC0331,Shahbag,1.0,forward,SRC_BRTA_METRO_FARES
BRTA_A_406_NO,PLC0331,Shahbag,PLC0329,Science Lab,1.0,reverse,SRC_BRTA_METRO_FARES
BRTA_A_406_NO,PLC0331,Shahbag,PLC0298,Press Club,1.0,forward,SRC_BRTA_METRO_FARES
BRTA_A_406_NO,PLC0298,Press Club,PLC0331,Shahbag,1.0,reverse,SRC_BRTA_METRO_FARES
BRTA_A_406_NO,PLC0298,Press Club,PLC0125,Gulistan,2.0,forward,SRC_BRTA_METRO_FARES
BRTA_A_406_NO,PLC0125,Gulistan,PLC0298,Press Club,2.0,reverse,SRC_BRTA_METRO_FARES
BRTA_A_406_NO,PLC0125,Gulistan,PLC0131,Hanif Flyover,0.5,forward,SRC_BRTA_METRO_FARES
BRTA_A_406_NO,PLC0131,Hanif Flyover,PLC0125,Gulistan,0.5,reverse,SRC_BRTA_METRO_FARES
BRTA_A_406_NO,PLC0131,Hanif Flyover,PLC0332,Shanir Akhra,1.5,forward,SRC_BRTA_METRO_FARES
BRTA_A_406_NO,PLC0332,Shanir Akhra,PLC0131,Hanif Flyover,1.5,reverse,SRC_BRTA_METRO_FARES
BRTA_A_406_NO,PLC0332,Shanir Akhra,PLC0316,Rayerbag,4.0,forward,SRC_BRTA_METRO_FARES
BRTA_A_406_NO,PLC0316,Rayerbag,PLC0332,Shanir Akhra,4.0,reverse,SRC_BRTA_METRO_FARES
BRTA_A_406_NO,PLC0316,Rayerbag,PLC0171,Kanchpur,7.0,forward,SRC_BRTA_METRO_FARES
BRTA_A_406_NO,PLC0171,Kanchpur,PLC0316,Rayerbag,7.0,reverse,SRC_BRTA_METRO_FARES
BRTA_A_406_NO,PLC0171,Kanchpur,PLC0209,Madanpur,3.0,forward,SRC_BRTA_METRO_FARES
BRTA_A_406_NO,PLC0209,Madanpur,PLC0171,Kanchpur,3.0,reverse,SRC_BRTA_METRO_FARES
BRTA_A_406_NO,PLC0209,Madanpur,PLC0350,Sonargaon,9.1,forward,SRC_BRTA_METRO_FARES
BRTA_A_406_NO,PLC0350,Sonargaon,PLC0209,Madanpur,9.1,reverse,SRC_BRTA_METRO_FARES
BRTA_A_414_NO,PLC0379,Uttara Diabari,PLC0135,House Building,3.0,forward,SRC_BRTA_METRO_FARES
BRTA_A_414_NO,PLC0135,House Building,PLC0379,Uttara Diabari,3.0,reverse,SRC_BRTA_METRO_FARES
BRTA_A_414_NO,PLC0135,House Building,PLC0001,Abdullahpur,1.0,forward,SRC_BRTA_METRO_FARES
BRTA_A_414_NO,PLC0001,Abdullahpur,PLC0135,House Building,1.0,reverse,SRC_BRTA_METRO_FARES
BRTA_A_414_NO,PLC0001,Abdullahpur,PLC0169,Kamarpara,2.0,forward,SRC_BRTA_METRO_FARES
BRTA_A_414_NO,PLC0169,Kamarpara,PLC0001,Abdullahpur,2.0,reverse,SRC_BRTA_METRO_FARES
BRTA_A_414_NO,PLC0169,Kamarpara,PLC0093,Dhaur,3.0,forward,SRC_BRTA_METRO_FARES
BRTA_A_414_NO,PLC0093,Dhaur,PLC0169,Kamarpara,3.0,reverse,SRC_BRTA_METRO_FARES
BRTA_A_414_NO,PLC0093,Dhaur,PLC0101,Diabari Morh,11.5,forward,SRC_BRTA_METRO_FARES
BRTA_A_414_NO,PLC0101,Diabari Morh,PLC0093,Dhaur,11.5,reverse,SRC_BRTA_METRO_FARES
BRTA_A_414_NO,PLC0101,Diabari Morh,PLC0226,Mazar Road,0.8,forward,SRC_BRTA_METRO_FARES
BRTA_A_414_NO,PLC0226,Mazar Road,PLC0101,Diabari Morh,0.8,reverse,SRC_BRTA_METRO_FARES
BRTA_A_414_NO,PLC0226,Mazar Road,PLC0239,Mirpur-1,1.2,forward,SRC_BRTA_METRO_FARES
BRTA_A_414_NO,PLC0239,Mirpur-1,PLC0226,Mazar Road,1.2,reverse,SRC_BRTA_METRO_FARES
BRTA_A_414_NO,PLC0239,Mirpur-1,PLC0362,Technical,2.0,forward,SRC_BRTA_METRO_FARES
BRTA_A_414_NO,PLC0362,Technical,PLC0239,Mirpur-1,2.0,reverse,SRC_BRTA_METRO_FARES
BRTA_A_414_NO,PLC0362,Technical,PLC0346,Shyamoli,1.6,forward,SRC_BRTA_METRO_FARES
BRTA_A_414_NO,PLC0346,Shyamoli,PLC0362,Technical,1.6,reverse,SRC_BRTA_METRO_FARES
BRTA_A_414_NO,PLC0346,Shyamoli,PLC0012,Asad Gate,0.2,forward,SRC_BRTA_METRO_FARES
BRTA_A_414_NO,PLC0012,Asad Gate,PLC0346,Shyamoli,0.2,reverse,SRC_BRTA_METRO_FARES
BRTA_A_414_NO,PLC0012,Asad Gate,PLC0253,Mohammadpur,1.5,forward,SRC_BRTA_METRO_FARES
BRTA_A_414_NO,PLC0253,Mohammadpur,PLC0012,Asad Gate,1.5,reverse,SRC_BRTA_METRO_FARES
BRTA_A_414_NO,PLC0253,Mohammadpur,PLC0047,Basila Bridge,1.5,forward,SRC_BRTA_METRO_FARES
BRTA_A_414_NO,PLC0047,Basila Bridge,PLC0253,Mohammadpur,1.5,reverse,SRC_BRTA_METRO_FARES
BRTA_A_414_NO,PLC0047,Basila Bridge,PLC0121,Ghater Char,2.8,forward,SRC_BRTA_METRO_FARES
BRTA_A_414_NO,PLC0121,Ghater Char,PLC0047,Basila Bridge,2.8,reverse,SRC_BRTA_METRO_FARES
BRTA_A_421_NO,PLC0348,Signboard,PLC0143,Jatrabari,5.5,forward,SRC_BRTA_METRO_FARES
BRTA_A_421_NO,PLC0143,Jatrabari,PLC0348,Signboard,5.5,reverse,SRC_BRTA_METRO_FARES
BRTA_A_421_NO,PLC0143,Jatrabari,PLC0327,Sayedabad,1.1,forward,SRC_BRTA_METRO_FARES
BRTA_A_421_NO,PLC0327,Sayedabad,PLC0143,Jatrabari,1.1,reverse,SRC_BRTA_METRO_FARES
BRTA_A_421_NO,PLC0327,Sayedabad,PLC0266,Mugda,1.7,forward,SRC_BRTA_METRO_FARES
BRTA_A_421_NO,PLC0266,Mugda,PLC0327,Sayedabad,1.7,reverse,SRC_BRTA_METRO_FARES
BRTA_A_421_NO,PLC0266,Mugda,PLC0189,Khilgaon Flyover,1.0,forward,SRC_BRTA_METRO_FARES
BRTA_A_421_NO,PLC0189,Khilgaon Flyover,PLC0266,Mugda,1.0,reverse,SRC_BRTA_METRO_FARES
BRTA_A_421_NO,PLC0189,Khilgaon Flyover,PLC0305,Rajarbagh,2.0,forward,SRC_BRTA_METRO_FARES
BRTA_A_421_NO,PLC0305,Rajarbagh,PLC0189,Khilgaon Flyover,2.0,reverse,SRC_BRTA_METRO_FARES
BRTA_A_421_NO,PLC0305,Rajarbagh,PLC0210,Magbazar,2.0,forward,SRC_BRTA_METRO_FARES
BRTA_A_421_NO,PLC0210,Magbazar,PLC0305,Rajarbagh,2.0,reverse,SRC_BRTA_METRO_FARES
BRTA_A_421_NO,PLC0210,Magbazar,PLC0039,Banglamotor,1.1,forward,SRC_BRTA_METRO_FARES
BRTA_A_421_NO,PLC0039,Banglamotor,PLC0210,Magbazar,1.1,reverse,SRC_BRTA_METRO_FARES
BRTA_A_421_NO,PLC0039,Banglamotor,PLC0112,Farmgate,1.4,forward,SRC_BRTA_METRO_FARES
BRTA_A_421_NO,PLC0112,Farmgate,PLC0039,Banglamotor,1.4,reverse,SRC_BRTA_METRO_FARES
BRTA_A_421_NO,PLC0112,Farmgate,PLC0012,Asad Gate,2.3,forward,SRC_BRTA_METRO_FARES
BRTA_A_421_NO,PLC0012,Asad Gate,PLC0112,Farmgate,2.3,reverse,SRC_BRTA_METRO_FARES
BRTA_A_421_NO,PLC0012,Asad Gate,PLC0163,Kalyanpur,2.7,forward,SRC_BRTA_METRO_FARES
BRTA_A_421_NO,PLC0163,Kalyanpur,PLC0012,Asad Gate,2.7,reverse,SRC_BRTA_METRO_FARES
BRTA_A_421_NO,PLC0163,Kalyanpur,PLC0114,Gabtoli,1.4,forward,SRC_BRTA_METRO_FARES
BRTA_A_421_NO,PLC0114,Gabtoli,PLC0163,Kalyanpur,1.4,reverse,SRC_BRTA_METRO_FARES
BRTA_A_421_NO,PLC0114,Gabtoli,PLC0326,Savar,14.6,forward,SRC_BRTA_METRO_FARES
BRTA_A_421_NO,PLC0326,Savar,PLC0114,Gabtoli,14.6,reverse,SRC_BRTA_METRO_FARES
BRTA_A_421_NO,PLC0326,Savar,PLC0267,Nabinagar,8.7,forward,SRC_BRTA_METRO_FARES
BRTA_A_421_NO,PLC0267,Nabinagar,PLC0326,Savar,8.7,reverse,SRC_BRTA_METRO_FARES
BRTA_A_422_NO,PLC0170,Kamrangirchar (Beribadh),PLC0253,Mohammadpur,9.2,forward,SRC_BRTA_METRO_FARES
BRTA_A_422_NO,PLC0253,Mohammadpur,PLC0170,Kamrangirchar (Beribadh),9.2,reverse,SRC_BRTA_METRO_FARES
BRTA_A_422_NO,PLC0253,Mohammadpur,PLC0012,Asad Gate,1.4,forward,SRC_BRTA_METRO_FARES
BRTA_A_422_NO,PLC0012,Asad Gate,PLC0253,Mohammadpur,1.4,reverse,SRC_BRTA_METRO_FARES
BRTA_A_422_NO,PLC0012,Asad Gate,PLC0362,Technical,3.7,forward,SRC_BRTA_METRO_FARES
BRTA_A_422_NO,PLC0362,Technical,PLC0012,Asad Gate,3.7,reverse,SRC_BRTA_METRO_FARES
BRTA_A_422_NO,PLC0362,Technical,PLC0239,Mirpur-1,1.7,forward,SRC_BRTA_METRO_FARES
BRTA_A_422_NO,PLC0239,Mirpur-1,PLC0362,Technical,1.7,reverse,SRC_BRTA_METRO_FARES
BRTA_A_422_NO,PLC0239,Mirpur-1,PLC0330,Shah Ali Mazar,0.7,forward,SRC_BRTA_METRO_FARES
BRTA_A_422_NO,PLC0330,Shah Ali Mazar,PLC0239,Mirpur-1,0.7,reverse,SRC_BRTA_METRO_FARES
BRTA_A_422_NO,PLC0330,Shah Ali Mazar,PLC0099,Diabari (Beribadh),1.7,forward,SRC_BRTA_METRO_FARES
BRTA_A_422_NO,PLC0099,Diabari (Beribadh),PLC0330,Shah Ali Mazar,1.7,reverse,SRC_BRTA_METRO_FARES
BRTA_A_422_NO,PLC0099,Diabari (Beribadh),PLC0094,Dhaur Morh,13.3,forward,SRC_BRTA_METRO_FARES
BRTA_A_422_NO,PLC0094,Dhaur Morh,PLC0099,Diabari (Beribadh),13.3,reverse,SRC_BRTA_METRO_FARES
BRTA_A_422_NO,PLC0094,Dhaur Morh,PLC0146,Jirabo,5.7,forward,SRC_BRTA_METRO_FARES
BRTA_A_422_NO,PLC0146,Jirabo,PLC0094,Dhaur Morh,5.7,reverse,SRC_BRTA_METRO_FARES
BRTA_A_422_NO,PLC0146,Jirabo,PLC0273,Narsinghpur,6.6,forward,SRC_BRTA_METRO_FARES
BRTA_A_422_NO,PLC0273,Narsinghpur,PLC0146,Jirabo,6.6,reverse,SRC_BRTA_METRO_FARES
BRTA_A_422_NO,PLC0273,Narsinghpur,PLC0175,Kasempur,4.0,forward,SRC_BRTA_METRO_FARES
BRTA_A_422_NO,PLC0175,Kasempur,PLC0273,Narsinghpur,4.0,reverse,SRC_BRTA_METRO_FARES
BRTA_A_422_NO,PLC0175,Kasempur,PLC0197,Konabari,4.0,forward,SRC_BRTA_METRO_FARES
BRTA_A_422_NO,PLC0197,Konabari,PLC0175,Kasempur,4.0,reverse,SRC_BRTA_METRO_FARES
BRTA_A_424_NO,PLC0348,Signboard,PLC0143,Jatrabari,5.0,forward,SRC_BRTA_METRO_FARES
BRTA_A_424_NO,PLC0143,Jatrabari,PLC0348,Signboard,5.0,reverse,SRC_BRTA_METRO_FARES
BRTA_A_424_NO,PLC0143,Jatrabari,PLC0327,Sayedabad,1.0,forward,SRC_BRTA_METRO_FARES
BRTA_A_424_NO,PLC0327,Sayedabad,PLC0143,Jatrabari,1.0,reverse,SRC_BRTA_METRO_FARES
BRTA_A_424_NO,PLC0327,Sayedabad,PLC0220,Maniknagar,1.4,forward,SRC_BRTA_METRO_FARES
BRTA_A_424_NO,PLC0220,Maniknagar,PLC0327,Sayedabad,1.4,reverse,SRC_BRTA_METRO_FARES
BRTA_A_424_NO,PLC0220,Maniknagar,PLC0044,Basabo,2.0,forward,SRC_BRTA_METRO_FARES
BRTA_A_424_NO,PLC0044,Basabo,PLC0220,Maniknagar,2.0,reverse,SRC_BRTA_METRO_FARES
BRTA_A_424_NO,PLC0044,Basabo,PLC0212,Malibagh,1.7,forward,SRC_BRTA_METRO_FARES
BRTA_A_424_NO,PLC0212,Malibagh,PLC0044,Basabo,1.7,reverse,SRC_BRTA_METRO_FARES
BRTA_A_424_NO,PLC0212,Malibagh,PLC0312,Rampura,2.4,forward,SRC_BRTA_METRO_FARES
BRTA_A_424_NO,PLC0312,Rampura,PLC0212,Malibagh,2.4,reverse,SRC_BRTA_METRO_FARES
BRTA_A_424_NO,PLC0312,Rampura,PLC0023,Badda,1.8,forward,SRC_BRTA_METRO_FARES
BRTA_A_424_NO,PLC0023,Badda,PLC0312,Rampura,1.8,reverse,SRC_BRTA_METRO_FARES
BRTA_A_424_NO,PLC0023,Badda,PLC0284,Notun Bazar,2.1,forward,SRC_BRTA_METRO_FARES
BRTA_A_424_NO,PLC0284,Notun Bazar,PLC0023,Badda,2.1,reverse,SRC_BRTA_METRO_FARES
BRTA_A_424_NO,PLC0284,Notun Bazar,PLC0204,Kuril Biswa Road,2.6,forward,SRC_BRTA_METRO_FARES
BRTA_A_424_NO,PLC0204,Kuril Biswa Road,PLC0284,Notun Bazar,2.6,reverse,SRC_BRTA_METRO_FARES
BRTA_A_424_NO,PLC0204,Kuril Biswa Road,PLC0193,Khilkhet,1.0,forward,SRC_BRTA_METRO_FARES
BRTA_A_424_NO,PLC0193,Khilkhet,PLC0204,Kuril Biswa Road,1.0,reverse,SRC_BRTA_METRO_FARES
BRTA_A_424_NO,PLC0193,Khilkhet,PLC0005,Airport,2.8,forward,SRC_BRTA_METRO_FARES
BRTA_A_424_NO,PLC0005,Airport,PLC0193,Khilkhet,2.8,reverse,SRC_BRTA_METRO_FARES
BRTA_A_424_NO,PLC0005,Airport,PLC0001,Abdullahpur,3.7,forward,SRC_BRTA_METRO_FARES
BRTA_A_424_NO,PLC0001,Abdullahpur,PLC0005,Airport,3.7,reverse,SRC_BRTA_METRO_FARES
BRTA_A_424_NO,PLC0001,Abdullahpur,PLC0169,Kamarpara,2.2,forward,SRC_BRTA_METRO_FARES
BRTA_A_424_NO,PLC0169,Kamarpara,PLC0001,Abdullahpur,2.2,reverse,SRC_BRTA_METRO_FARES
BRTA_A_424_NO,PLC0169,Kamarpara,PLC0093,Dhaur,3.3,forward,SRC_BRTA_METRO_FARES
BRTA_A_424_NO,PLC0093,Dhaur,PLC0169,Kamarpara,3.3,reverse,SRC_BRTA_METRO_FARES
BRTA_A_426_NO,PLC0171,Kanchpur,PLC0131,Hanif Flyover,14.0,forward,SRC_BRTA_METRO_FARES
BRTA_A_426_NO,PLC0131,Hanif Flyover,PLC0171,Kanchpur,14.0,reverse,SRC_BRTA_METRO_FARES
BRTA_A_426_NO,PLC0131,Hanif Flyover,PLC0288,Palashi,3.0,forward,SRC_BRTA_METRO_FARES
BRTA_A_426_NO,PLC0288,Palashi,PLC0131,Hanif Flyover,3.0,reverse,SRC_BRTA_METRO_FARES
BRTA_A_426_NO,PLC0288,Palashi,PLC0019,Azimpur (Dhakeswari),0.5,forward,SRC_BRTA_METRO_FARES
BRTA_A_426_NO,PLC0019,Azimpur (Dhakeswari),PLC0288,Palashi,0.5,reverse,SRC_BRTA_METRO_FARES
BRTA_A_426_NO,PLC0019,Azimpur (Dhakeswari),PLC0156,Kalabagan,3.0,forward,SRC_BRTA_METRO_FARES
BRTA_A_426_NO,PLC0156,Kalabagan,PLC0019,Azimpur (Dhakeswari),3.0,reverse,SRC_BRTA_METRO_FARES
BRTA_A_426_NO,PLC0156,Kalabagan,PLC0346,Shyamoli,3.0,forward,SRC_BRTA_METRO_FARES
BRTA_A_426_NO,PLC0346,Shyamoli,PLC0156,Kalabagan,3.0,reverse,SRC_BRTA_METRO_FARES
BRTA_A_426_NO,PLC0346,Shyamoli,PLC0114,Gabtoli,2.7,forward,SRC_BRTA_METRO_FARES
BRTA_A_426_NO,PLC0114,Gabtoli,PLC0346,Shyamoli,2.7,reverse,SRC_BRTA_METRO_FARES
BRTA_A_426_NO,PLC0114,Gabtoli,PLC0326,Savar,14.0,forward,SRC_BRTA_METRO_FARES
BRTA_A_426_NO,PLC0326,Savar,PLC0114,Gabtoli,14.0,reverse,SRC_BRTA_METRO_FARES
BRTA_A_426_NO,PLC0326,Savar,PLC0267,Nabinagar,8.5,forward,SRC_BRTA_METRO_FARES
BRTA_A_426_NO,PLC0267,Nabinagar,PLC0326,Savar,8.5,reverse,SRC_BRTA_METRO_FARES
BRTA_A_426_NO,PLC0267,Nabinagar,PLC0137,Islampur,3.1,forward,SRC_BRTA_METRO_FARES
BRTA_A_426_NO,PLC0137,Islampur,PLC0267,Nabinagar,3.1,reverse,SRC_BRTA_METRO_FARES
BRTA_A_426_NO,PLC0137,Islampur,PLC0157,Kalampur,7.5,forward,SRC_BRTA_METRO_FARES
BRTA_A_426_NO,PLC0157,Kalampur,PLC0137,Islampur,7.5,reverse,SRC_BRTA_METRO_FARES
BRTA_A_426_NO,PLC0157,Kalampur,PLC0218,Manikganj,17.9,forward,SRC_BRTA_METRO_FARES
BRTA_A_426_NO,PLC0218,Manikganj,PLC0157,Kalampur,17.9,reverse,SRC_BRTA_METRO_FARES
BRTA_A_426_NO,PLC0218,Manikganj,PLC0041,Baniajuri,7.1,forward,SRC_BRTA_METRO_FARES
BRTA_A_426_NO,PLC0041,Baniajuri,PLC0218,Manikganj,7.1,reverse,SRC_BRTA_METRO_FARES
BRTA_A_426_NO,PLC0041,Baniajuri,PLC0066,Borongail,6.0,forward,SRC_BRTA_METRO_FARES
BRTA_A_426_NO,PLC0066,Borongail,PLC0041,Baniajuri,6.0,reverse,SRC_BRTA_METRO_FARES
BRTA_A_426_NO,PLC0066,Borongail,PLC0375,Utholi,6.6,forward,SRC_BRTA_METRO_FARES
BRTA_A_426_NO,PLC0375,Utholi,PLC0066,Borongail,6.6,reverse,SRC_BRTA_METRO_FARES
BRTA_A_426_NO,PLC0375,Utholi,PLC0293,Paturia,7.6,forward,SRC_BRTA_METRO_FARES
BRTA_A_426_NO,PLC0293,Paturia,PLC0375,Utholi,7.6,reverse,SRC_BRTA_METRO_FARES
BRTA_A_429_NO,PLC0326,Savar,PLC0132,Hemayetpur,7.0,forward,SRC_BRTA_METRO_FARES
BRTA_A_429_NO,PLC0132,Hemayetpur,PLC0326,Savar,7.0,reverse,SRC_BRTA_METRO_FARES
BRTA_A_429_NO,PLC0132,Hemayetpur,PLC0114,Gabtoli,7.2,forward,SRC_BRTA_METRO_FARES
BRTA_A_429_NO,PLC0114,Gabtoli,PLC0132,Hemayetpur,7.2,reverse,SRC_BRTA_METRO_FARES
BRTA_A_429_NO,PLC0114,Gabtoli,PLC0346,Shyamoli,2.5,forward,SRC_BRTA_METRO_FARES
BRTA_A_429_NO,PLC0346,Shyamoli,PLC0114,Gabtoli,2.5,reverse,SRC_BRTA_METRO_FARES
BRTA_A_429_NO,PLC0346,Shyamoli,PLC0012,Asad Gate,1.9,forward,SRC_BRTA_METRO_FARES
BRTA_A_429_NO,PLC0012,Asad Gate,PLC0346,Shyamoli,1.9,reverse,SRC_BRTA_METRO_FARES
BRTA_A_429_NO,PLC0012,Asad Gate,PLC0112,Farmgate,2.0,forward,SRC_BRTA_METRO_FARES
BRTA_A_429_NO,PLC0112,Farmgate,PLC0012,Asad Gate,2.0,reverse,SRC_BRTA_METRO_FARES
BRTA_A_429_NO,PLC0112,Farmgate,PLC0039,Banglamotor,1.3,forward,SRC_BRTA_METRO_FARES
BRTA_A_429_NO,PLC0039,Banglamotor,PLC0112,Farmgate,1.3,reverse,SRC_BRTA_METRO_FARES
BRTA_A_429_NO,PLC0039,Banglamotor,PLC0331,Shahbag,0.8,forward,SRC_BRTA_METRO_FARES
BRTA_A_429_NO,PLC0331,Shahbag,PLC0039,Banglamotor,0.8,reverse,SRC_BRTA_METRO_FARES
BRTA_A_429_NO,PLC0331,Shahbag,PLC0222,Matsya Bhaban,1.0,forward,SRC_BRTA_METRO_FARES
BRTA_A_429_NO,PLC0222,Matsya Bhaban,PLC0331,Shahbag,1.0,reverse,SRC_BRTA_METRO_FARES
BRTA_A_429_NO,PLC0222,Matsya Bhaban,PLC0298,Press Club,0.6,forward,SRC_BRTA_METRO_FARES
BRTA_A_429_NO,PLC0298,Press Club,PLC0222,Matsya Bhaban,0.6,reverse,SRC_BRTA_METRO_FARES
BRTA_A_429_NO,PLC0298,Press Club,PLC0291,Paltan,0.4,forward,SRC_BRTA_METRO_FARES
BRTA_A_429_NO,PLC0291,Paltan,PLC0298,Press Club,0.4,reverse,SRC_BRTA_METRO_FARES
BRTA_A_429_NO,PLC0291,Paltan,PLC0125,Gulistan,0.7,forward,SRC_BRTA_METRO_FARES
BRTA_A_429_NO,PLC0125,Gulistan,PLC0291,Paltan,0.7,reverse,SRC_BRTA_METRO_FARES
BRTA_A_429_NO,PLC0125,Gulistan,PLC0332,Shanir Akhra,5.0,forward,SRC_BRTA_METRO_FARES
BRTA_A_429_NO,PLC0332,Shanir Akhra,PLC0125,Gulistan,5.0,reverse,SRC_BRTA_METRO_FARES
BRTA_A_429_NO,PLC0332,Shanir Akhra,PLC0348,Signboard,3.6,forward,SRC_BRTA_METRO_FARES
BRTA_A_429_NO,PLC0348,Signboard,PLC0332,Shanir Akhra,3.6,reverse,SRC_BRTA_METRO_FARES
BRTA_A_430_NO,PLC0053,Bhawal Vita (South Keraniganj),PLC0002,Abdullahpur (Jail),3.9,forward,SRC_BRTA_METRO_FARES
BRTA_A_430_NO,PLC0002,Abdullahpur (Jail),PLC0053,Bhawal Vita (South Keraniganj),3.9,reverse,SRC_BRTA_METRO_FARES
BRTA_A_430_NO,PLC0002,Abdullahpur (Jail),PLC0307,Rajendrapur Bazar,0.7,forward,SRC_BRTA_METRO_FARES
BRTA_A_430_NO,PLC0307,Rajendrapur Bazar,PLC0002,Abdullahpur (Jail),0.7,reverse,SRC_BRTA_METRO_FARES
BRTA_A_430_NO,PLC0307,Rajendrapur Bazar,PLC0076,Chunkutia Bazar,4.2,forward,SRC_BRTA_METRO_FARES
BRTA_A_430_NO,PLC0076,Chunkutia Bazar,PLC0307,Rajendrapur Bazar,4.2,reverse,SRC_BRTA_METRO_FARES
BRTA_A_430_NO,PLC0076,Chunkutia Bazar,PLC0151,Kadamtoli,0.7,forward,SRC_BRTA_METRO_FARES
BRTA_A_430_NO,PLC0151,Kadamtoli,PLC0076,Chunkutia Bazar,0.7,reverse,SRC_BRTA_METRO_FARES
BRTA_A_430_NO,PLC0151,Kadamtoli,PLC0020,Babu Bazar,1.7,forward,SRC_BRTA_METRO_FARES
BRTA_A_430_NO,PLC0020,Babu Bazar,PLC0151,Kadamtoli,1.7,reverse,SRC_BRTA_METRO_FARES
BRTA_A_430_NO,PLC0020,Babu Bazar,PLC0126,Gulistan (Fulbaria),1.4,forward,SRC_BRTA_METRO_FARES
BRTA_A_430_NO,PLC0126,Gulistan (Fulbaria),PLC0020,Babu Bazar,1.4,reverse,SRC_BRTA_METRO_FARES
BRTA_A_430_NO,PLC0126,Gulistan (Fulbaria),PLC0291,Paltan,0.7,forward,SRC_BRTA_METRO_FARES
BRTA_A_430_NO,PLC0291,Paltan,PLC0126,Gulistan (Fulbaria),0.7,reverse,SRC_BRTA_METRO_FARES
BRTA_A_430_NO,PLC0291,Paltan,PLC0155,Kakrail,0.8,forward,SRC_BRTA_METRO_FARES
BRTA_A_430_NO,PLC0155,Kakrail,PLC0291,Paltan,0.8,reverse,SRC_BRTA_METRO_FARES
BRTA_A_430_NO,PLC0155,Kakrail,PLC0212,Malibagh,0.9,forward,SRC_BRTA_METRO_FARES
BRTA_A_430_NO,PLC0212,Malibagh,PLC0155,Kakrail,0.9,reverse,SRC_BRTA_METRO_FARES
BRTA_A_430_NO,PLC0212,Malibagh,PLC0265,Mouchak (Flyover),0.3,forward,SRC_BRTA_METRO_FARES
BRTA_A_430_NO,PLC0265,Mouchak (Flyover),PLC0212,Malibagh,0.3,reverse,SRC_BRTA_METRO_FARES
BRTA_A_430_NO,PLC0265,Mouchak (Flyover),PLC0312,Rampura,1.6,forward,SRC_BRTA_METRO_FARES
BRTA_A_430_NO,PLC0312,Rampura,PLC0265,Mouchak (Flyover),1.6,reverse,SRC_BRTA_METRO_FARES
BRTA_A_430_NO,PLC0312,Rampura,PLC0023,Badda,3.4,forward,SRC_BRTA_METRO_FARES
BRTA_A_430_NO,PLC0023,Badda,PLC0312,Rampura,3.4,reverse,SRC_BRTA_METRO_FARES
BRTA_A_430_NO,PLC0023,Badda,PLC0284,Notun Bazar,1.1,forward,SRC_BRTA_METRO_FARES
BRTA_A_430_NO,PLC0284,Notun Bazar,PLC0023,Badda,1.1,reverse,SRC_BRTA_METRO_FARES
BRTA_A_430_NO,PLC0284,Notun Bazar,PLC0204,Kuril Biswa Road,2.7,forward,SRC_BRTA_METRO_FARES
BRTA_A_430_NO,PLC0204,Kuril Biswa Road,PLC0284,Notun Bazar,2.7,reverse,SRC_BRTA_METRO_FARES
BRTA_A_430_NO,PLC0204,Kuril Biswa Road,PLC0193,Khilkhet,1.8,forward,SRC_BRTA_METRO_FARES
BRTA_A_430_NO,PLC0193,Khilkhet,PLC0204,Kuril Biswa Road,1.8,reverse,SRC_BRTA_METRO_FARES
BRTA_A_430_NO,PLC0193,Khilkhet,PLC0005,Airport,2.7,forward,SRC_BRTA_METRO_FARES
BRTA_A_430_NO,PLC0005,Airport,PLC0193,Khilkhet,2.7,reverse,SRC_BRTA_METRO_FARES
BRTA_A_430_NO,PLC0005,Airport,PLC0135,House Building,2.8,forward,SRC_BRTA_METRO_FARES
BRTA_A_430_NO,PLC0135,House Building,PLC0005,Airport,2.8,reverse,SRC_BRTA_METRO_FARES
BRTA_A_430_NO,PLC0135,House Building,PLC0098,Diabari,3.7,forward,SRC_BRTA_METRO_FARES
BRTA_A_430_NO,PLC0098,Diabari,PLC0135,House Building,3.7,reverse,SRC_BRTA_METRO_FARES
BRTA_A_431_NO,PLC0387,Zoo,PLC0239,Mirpur-1,1.8,forward,SRC_BRTA_METRO_FARES
BRTA_A_431_NO,PLC0239,Mirpur-1,PLC0387,Zoo,1.8,reverse,SRC_BRTA_METRO_FARES
BRTA_A_431_NO,PLC0239,Mirpur-1,PLC0362,Technical,2.0,forward,SRC_BRTA_METRO_FARES
BRTA_A_431_NO,PLC0362,Technical,PLC0239,Mirpur-1,2.0,reverse,SRC_BRTA_METRO_FARES
BRTA_A_431_NO,PLC0362,Technical,PLC0012,Asad Gate,3.6,forward,SRC_BRTA_METRO_FARES
BRTA_A_431_NO,PLC0012,Asad Gate,PLC0362,Technical,3.6,reverse,SRC_BRTA_METRO_FARES
BRTA_A_431_NO,PLC0012,Asad Gate,PLC0329,Science Lab,2.5,forward,SRC_BRTA_METRO_FARES
BRTA_A_431_NO,PLC0329,Science Lab,PLC0012,Asad Gate,2.5,reverse,SRC_BRTA_METRO_FARES
BRTA_A_431_NO,PLC0329,Science Lab,PLC0018,Azimpur,2.6,forward,SRC_BRTA_METRO_FARES
BRTA_A_431_NO,PLC0018,Azimpur,PLC0329,Science Lab,2.6,reverse,SRC_BRTA_METRO_FARES
BRTA_A_431_NO,PLC0018,Azimpur,PLC0071,Chankharpul,3.6,forward,SRC_BRTA_METRO_FARES
BRTA_A_431_NO,PLC0071,Chankharpul,PLC0018,Azimpur,3.6,reverse,SRC_BRTA_METRO_FARES
BRTA_A_431_NO,PLC0071,Chankharpul,PLC0113,Fulbaria,1.6,forward,SRC_BRTA_METRO_FARES
BRTA_A_431_NO,PLC0113,Fulbaria,PLC0071,Chankharpul,1.6,reverse,SRC_BRTA_METRO_FARES
BRTA_A_431_NO,PLC0113,Fulbaria,PLC0276,Nayabazar,1.2,forward,SRC_BRTA_METRO_FARES
BRTA_A_431_NO,PLC0276,Nayabazar,PLC0113,Fulbaria,1.2,reverse,SRC_BRTA_METRO_FARES
BRTA_A_431_NO,PLC0276,Nayabazar,PLC0021,Babu Bazar Bridge,1.3,forward,SRC_BRTA_METRO_FARES
BRTA_A_431_NO,PLC0021,Babu Bazar Bridge,PLC0276,Nayabazar,1.3,reverse,SRC_BRTA_METRO_FARES
BRTA_A_431_NO,PLC0021,Babu Bazar Bridge,PLC0151,Kadamtoli,1.3,forward,SRC_BRTA_METRO_FARES
BRTA_A_431_NO,PLC0151,Kadamtoli,PLC0021,Babu Bazar Bridge,1.3,reverse,SRC_BRTA_METRO_FARES
BRTA_A_431_NO,PLC0151,Kadamtoli,PLC0198,Konakhola,4.8,forward,SRC_BRTA_METRO_FARES
BRTA_A_431_NO,PLC0198,Konakhola,PLC0151,Kadamtoli,4.8,reverse,SRC_BRTA_METRO_FARES
BRTA_A_431_NO,PLC0198,Konakhola,PLC0318,Ruhitpur,4.2,forward,SRC_BRTA_METRO_FARES
BRTA_A_431_NO,PLC0318,Ruhitpur,PLC0198,Konakhola,4.2,reverse,SRC_BRTA_METRO_FARES
BRTA_A_431_NO,PLC0318,Ruhitpur,PLC0360,Tankarpur,8.1,forward,SRC_BRTA_METRO_FARES
BRTA_A_431_NO,PLC0360,Tankarpur,PLC0318,Ruhitpur,8.1,reverse,SRC_BRTA_METRO_FARES
BRTA_A_431_NO,PLC0360,Tankarpur,PLC0196,Komorgonj,12.6,forward,SRC_BRTA_METRO_FARES
BRTA_A_431_NO,PLC0196,Komorgonj,PLC0360,Tankarpur,12.6,reverse,SRC_BRTA_METRO_FARES
BRTA_A_431_NO,PLC0196,Komorgonj,PLC0033,Bandura,1.0,forward,SRC_BRTA_METRO_FARES
BRTA_A_431_NO,PLC0033,Bandura,PLC0196,Komorgonj,1.0,reverse,SRC_BRTA_METRO_FARES
BRTA_A_431_NO,PLC0033,Bandura,PLC0183,Khaisakhali Beribadh,1.0,forward,SRC_BRTA_METRO_FARES
BRTA_A_431_NO,PLC0183,Khaisakhali Beribadh,PLC0033,Bandura,1.0,reverse,SRC_BRTA_METRO_FARES
BRTA_A_431_NO,PLC0183,Khaisakhali Beribadh,PLC0050,Beribadh,0.6,forward,SRC_BRTA_METRO_FARES
BRTA_A_431_NO,PLC0050,Beribadh,PLC0183,Khaisakhali Beribadh,0.6,reverse,SRC_BRTA_METRO_FARES
BRTA_A_432_NO,PLC0204,Kuril Biswa Road,PLC0284,Notun Bazar,3.4,forward,SRC_BRTA_METRO_FARES
BRTA_A_432_NO,PLC0284,Notun Bazar,PLC0204,Kuril Biswa Road,3.4,reverse,SRC_BRTA_METRO_FARES
BRTA_A_432_NO,PLC0284,Notun Bazar,PLC0024,Badda Link Road,2.1,forward,SRC_BRTA_METRO_FARES
BRTA_A_432_NO,PLC0024,Badda Link Road,PLC0284,Notun Bazar,2.1,reverse,SRC_BRTA_METRO_FARES
BRTA_A_432_NO,PLC0024,Badda Link Road,PLC0129,Gulshan-1,1.0,forward,SRC_BRTA_METRO_FARES
BRTA_A_432_NO,PLC0129,Gulshan-1,PLC0024,Badda Link Road,1.0,reverse,SRC_BRTA_METRO_FARES
BRTA_A_432_NO,PLC0129,Gulshan-1,PLC0250,Mohakhali,2.0,forward,SRC_BRTA_METRO_FARES
BRTA_A_432_NO,PLC0250,Mohakhali,PLC0129,Gulshan-1,2.0,reverse,SRC_BRTA_METRO_FARES
BRTA_A_432_NO,PLC0250,Mohakhali,PLC0303,Rainbow,2.8,forward,SRC_BRTA_METRO_FARES
BRTA_A_432_NO,PLC0303,Rainbow,PLC0250,Mohakhali,2.8,reverse,SRC_BRTA_METRO_FARES
BRTA_A_432_NO,PLC0303,Rainbow,PLC0350,Sonargaon,1.0,forward,SRC_BRTA_METRO_FARES
BRTA_A_432_NO,PLC0350,Sonargaon,PLC0303,Rainbow,1.0,reverse,SRC_BRTA_METRO_FARES
BRTA_A_432_NO,PLC0350,Sonargaon,PLC0320,Russell Square,1.7,forward,SRC_BRTA_METRO_FARES
BRTA_A_432_NO,PLC0320,Russell Square,PLC0350,Sonargaon,1.7,reverse,SRC_BRTA_METRO_FARES
BRTA_A_432_NO,PLC0320,Russell Square,PLC0156,Kalabagan,1.1,forward,SRC_BRTA_METRO_FARES
BRTA_A_432_NO,PLC0156,Kalabagan,PLC0320,Russell Square,1.1,reverse,SRC_BRTA_METRO_FARES
BRTA_A_432_NO,PLC0156,Kalabagan,PLC0279,New Market,1.4,forward,SRC_BRTA_METRO_FARES
BRTA_A_432_NO,PLC0279,New Market,PLC0156,Kalabagan,1.4,reverse,SRC_BRTA_METRO_FARES
BRTA_A_432_NO,PLC0279,New Market,PLC0288,Palashi,3.5,forward,SRC_BRTA_METRO_FARES
BRTA_A_432_NO,PLC0288,Palashi,PLC0279,New Market,3.5,reverse,SRC_BRTA_METRO_FARES
BRTA_A_436_NO,PLC0322,Sadarghat Victoria Park,PLC0034,Bangabandhu Avenue,2.6,forward,SRC_BRTA_METRO_FARES
BRTA_A_436_NO,PLC0034,Bangabandhu Avenue,PLC0322,Sadarghat Victoria Park,2.6,reverse,SRC_BRTA_METRO_FARES
BRTA_A_436_NO,PLC0034,Bangabandhu Avenue,PLC0155,Kakrail,1.4,forward,SRC_BRTA_METRO_FARES
BRTA_A_436_NO,PLC0155,Kakrail,PLC0034,Bangabandhu Avenue,1.4,reverse,SRC_BRTA_METRO_FARES
BRTA_A_436_NO,PLC0155,Kakrail,PLC0212,Malibagh,0.7,forward,SRC_BRTA_METRO_FARES
BRTA_A_436_NO,PLC0212,Malibagh,PLC0155,Kakrail,0.7,reverse,SRC_BRTA_METRO_FARES
BRTA_A_436_NO,PLC0212,Malibagh,PLC0264,Mouchak,0.4,forward,SRC_BRTA_METRO_FARES
BRTA_A_436_NO,PLC0264,Mouchak,PLC0212,Malibagh,0.4,reverse,SRC_BRTA_METRO_FARES
BRTA_A_436_NO,PLC0264,Mouchak,PLC0312,Rampura,2.8,forward,SRC_BRTA_METRO_FARES
BRTA_A_436_NO,PLC0312,Rampura,PLC0264,Mouchak,2.8,reverse,SRC_BRTA_METRO_FARES
BRTA_A_436_NO,PLC0312,Rampura,PLC0204,Kuril Biswa Road,6.1,forward,SRC_BRTA_METRO_FARES
BRTA_A_436_NO,PLC0204,Kuril Biswa Road,PLC0312,Rampura,6.1,reverse,SRC_BRTA_METRO_FARES
BRTA_A_436_NO,PLC0204,Kuril Biswa Road,PLC0005,Airport,4.6,forward,SRC_BRTA_METRO_FARES
BRTA_A_436_NO,PLC0005,Airport,PLC0204,Kuril Biswa Road,4.6,reverse,SRC_BRTA_METRO_FARES
BRTA_A_436_NO,PLC0005,Airport,PLC0001,Abdullahpur,3.5,forward,SRC_BRTA_METRO_FARES
BRTA_A_436_NO,PLC0001,Abdullahpur,PLC0005,Airport,3.5,reverse,SRC_BRTA_METRO_FARES
BRTA_A_436_NO,PLC0001,Abdullahpur,PLC0093,Dhaur,5.6,forward,SRC_BRTA_METRO_FARES
BRTA_A_436_NO,PLC0093,Dhaur,PLC0001,Abdullahpur,5.6,reverse,SRC_BRTA_METRO_FARES
BRTA_A_436_NO,PLC0093,Dhaur,PLC0146,Jirabo,5.3,forward,SRC_BRTA_METRO_FARES
BRTA_A_436_NO,PLC0146,Jirabo,PLC0093,Dhaur,5.3,reverse,SRC_BRTA_METRO_FARES
BRTA_A_436_NO,PLC0146,Jirabo,PLC0015,Ashulia (Fantasy Kingdom),4.3,forward,SRC_BRTA_METRO_FARES
BRTA_A_436_NO,PLC0015,Ashulia (Fantasy Kingdom),PLC0146,Jirabo,4.3,reverse,SRC_BRTA_METRO_FARES
BRTA_A_436_NO,PLC0015,Ashulia (Fantasy Kingdom),PLC0029,Baipail,2.5,forward,SRC_BRTA_METRO_FARES
BRTA_A_436_NO,PLC0029,Baipail,PLC0015,Ashulia (Fantasy Kingdom),2.5,reverse,SRC_BRTA_METRO_FARES
BRTA_A_439_NO,PLC0190,Khilgaon Khidma Hospital,PLC0191,Khilgaon Rail Gate,2.5,forward,SRC_BRTA_METRO_FARES
BRTA_A_439_NO,PLC0191,Khilgaon Rail Gate,PLC0190,Khilgaon Khidma Hospital,2.5,reverse,SRC_BRTA_METRO_FARES
BRTA_A_439_NO,PLC0191,Khilgaon Rail Gate,PLC0044,Basabo,1.5,forward,SRC_BRTA_METRO_FARES
BRTA_A_439_NO,PLC0044,Basabo,PLC0191,Khilgaon Rail Gate,1.5,reverse,SRC_BRTA_METRO_FARES
BRTA_A_439_NO,PLC0044,Basabo,PLC0266,Mugda,0.5,forward,SRC_BRTA_METRO_FARES
BRTA_A_439_NO,PLC0266,Mugda,PLC0044,Basabo,0.5,reverse,SRC_BRTA_METRO_FARES
BRTA_A_439_NO,PLC0266,Mugda,PLC0164,Kamalapur,1.0,forward,SRC_BRTA_METRO_FARES
BRTA_A_439_NO,PLC0164,Kamalapur,PLC0266,Mugda,1.0,reverse,SRC_BRTA_METRO_FARES
BRTA_A_439_NO,PLC0164,Kamalapur,PLC0260,Motijheel,1.0,forward,SRC_BRTA_METRO_FARES
BRTA_A_439_NO,PLC0260,Motijheel,PLC0164,Kamalapur,1.0,reverse,SRC_BRTA_METRO_FARES
BRTA_A_439_NO,PLC0260,Motijheel,PLC0125,Gulistan,1.3,forward,SRC_BRTA_METRO_FARES
BRTA_A_439_NO,PLC0125,Gulistan,PLC0260,Motijheel,1.3,reverse,SRC_BRTA_METRO_FARES
BRTA_A_439_NO,PLC0125,Gulistan,PLC0331,Shahbag,2.6,forward,SRC_BRTA_METRO_FARES
BRTA_A_439_NO,PLC0331,Shahbag,PLC0125,Gulistan,2.6,reverse,SRC_BRTA_METRO_FARES
BRTA_A_439_NO,PLC0331,Shahbag,PLC0329,Science Lab,1.5,forward,SRC_BRTA_METRO_FARES
BRTA_A_439_NO,PLC0329,Science Lab,PLC0331,Shahbag,1.5,reverse,SRC_BRTA_METRO_FARES
BRTA_A_439_NO,PLC0329,Science Lab,PLC0056,Bigatla,1.2,forward,SRC_BRTA_METRO_FARES
BRTA_A_439_NO,PLC0056,Bigatla,PLC0329,Science Lab,1.2,reverse,SRC_BRTA_METRO_FARES
BRTA_A_439_NO,PLC0056,Bigatla,PLC0092,Dhanmondi-15,0.6,forward,SRC_BRTA_METRO_FARES
BRTA_A_439_NO,PLC0092,Dhanmondi-15,PLC0056,Bigatla,0.6,reverse,SRC_BRTA_METRO_FARES
BRTA_A_439_NO,PLC0092,Dhanmondi-15,PLC0253,Mohammadpur,2.0,forward,SRC_BRTA_METRO_FARES
BRTA_A_439_NO,PLC0253,Mohammadpur,PLC0092,Dhanmondi-15,2.0,reverse,SRC_BRTA_METRO_FARES
BRTA_A_439_NO,PLC0253,Mohammadpur,PLC0046,Basila,1.5,forward,SRC_BRTA_METRO_FARES
BRTA_A_439_NO,PLC0046,Basila,PLC0253,Mohammadpur,1.5,reverse,SRC_BRTA_METRO_FARES
BRTA_A_439_NO,PLC0046,Basila,PLC0121,Ghater Char,2.8,forward,SRC_BRTA_METRO_FARES
BRTA_A_439_NO,PLC0121,Ghater Char,PLC0046,Basila,2.8,reverse,SRC_BRTA_METRO_FARES
BRTA_A_441_NO,PLC0269,Nandan Park,PLC0147,Jirani Bazar,4.5,forward,SRC_BRTA_METRO_FARES
BRTA_A_441_NO,PLC0147,Jirani Bazar,PLC0269,Nandan Park,4.5,reverse,SRC_BRTA_METRO_FARES
BRTA_A_441_NO,PLC0147,Jirani Bazar,PLC0267,Nabinagar,9.6,forward,SRC_BRTA_METRO_FARES
BRTA_A_441_NO,PLC0267,Nabinagar,PLC0147,Jirani Bazar,9.6,reverse,SRC_BRTA_METRO_FARES
BRTA_A_441_NO,PLC0267,Nabinagar,PLC0326,Savar,8.4,forward,SRC_BRTA_METRO_FARES
BRTA_A_441_NO,PLC0326,Savar,PLC0267,Nabinagar,8.4,reverse,SRC_BRTA_METRO_FARES
BRTA_A_441_NO,PLC0326,Savar,PLC0114,Gabtoli,14.4,forward,SRC_BRTA_METRO_FARES
BRTA_A_441_NO,PLC0114,Gabtoli,PLC0326,Savar,14.4,reverse,SRC_BRTA_METRO_FARES
BRTA_A_441_NO,PLC0114,Gabtoli,PLC0279,New Market,7.6,forward,SRC_BRTA_METRO_FARES
BRTA_A_441_NO,PLC0279,New Market,PLC0114,Gabtoli,7.6,reverse,SRC_BRTA_METRO_FARES
BRTA_A_441_NO,PLC0279,New Market,PLC0018,Azimpur,0.8,forward,SRC_BRTA_METRO_FARES
BRTA_A_441_NO,PLC0018,Azimpur,PLC0279,New Market,0.8,reverse,SRC_BRTA_METRO_FARES
BRTA_A_441_NO,PLC0018,Azimpur,PLC0030,Bakshibazar,1.4,forward,SRC_BRTA_METRO_FARES
BRTA_A_441_NO,PLC0030,Bakshibazar,PLC0018,Azimpur,1.4,reverse,SRC_BRTA_METRO_FARES
BRTA_A_441_NO,PLC0030,Bakshibazar,PLC0071,Chankharpul,0.7,forward,SRC_BRTA_METRO_FARES
BRTA_A_441_NO,PLC0071,Chankharpul,PLC0030,Bakshibazar,0.7,reverse,SRC_BRTA_METRO_FARES
BRTA_A_441_NO,PLC0071,Chankharpul,PLC0348,Signboard,9.3,forward,SRC_BRTA_METRO_FARES
BRTA_A_441_NO,PLC0348,Signboard,PLC0071,Chankharpul,9.3,reverse,SRC_BRTA_METRO_FARES
BRTA_A_441_NO,PLC0348,Signboard,PLC0271,Narayanganj Chasara,8.7,forward,SRC_BRTA_METRO_FARES
BRTA_A_441_NO,PLC0271,Narayanganj Chasara,PLC0348,Signboard,8.7,reverse,SRC_BRTA_METRO_FARES
BRTA_A_453_NO,PLC0267,Nabinagar,PLC0326,Savar,8.2,forward,SRC_BRTA_METRO_FARES
BRTA_A_453_NO,PLC0326,Savar,PLC0267,Nabinagar,8.2,reverse,SRC_BRTA_METRO_FARES
BRTA_A_453_NO,PLC0326,Savar,PLC0132,Hemayetpur,6.6,forward,SRC_BRTA_METRO_FARES
BRTA_A_453_NO,PLC0132,Hemayetpur,PLC0326,Savar,6.6,reverse,SRC_BRTA_METRO_FARES
BRTA_A_453_NO,PLC0132,Hemayetpur,PLC0114,Gabtoli,7.5,forward,SRC_BRTA_METRO_FARES
BRTA_A_453_NO,PLC0114,Gabtoli,PLC0132,Hemayetpur,7.5,reverse,SRC_BRTA_METRO_FARES
BRTA_A_453_NO,PLC0114,Gabtoli,PLC0012,Asad Gate,5.0,forward,SRC_BRTA_METRO_FARES
BRTA_A_453_NO,PLC0012,Asad Gate,PLC0114,Gabtoli,5.0,reverse,SRC_BRTA_METRO_FARES
BRTA_A_453_NO,PLC0012,Asad Gate,PLC0112,Farmgate,1.5,forward,SRC_BRTA_METRO_FARES
BRTA_A_453_NO,PLC0112,Farmgate,PLC0012,Asad Gate,1.5,reverse,SRC_BRTA_METRO_FARES
BRTA_A_453_NO,PLC0112,Farmgate,PLC0331,Shahbag,2.5,forward,SRC_BRTA_METRO_FARES
BRTA_A_453_NO,PLC0331,Shahbag,PLC0112,Farmgate,2.5,reverse,SRC_BRTA_METRO_FARES
BRTA_A_453_NO,PLC0331,Shahbag,PLC0122,Golapshah Mazar,2.4,forward,SRC_BRTA_METRO_FARES
BRTA_A_453_NO,PLC0122,Golapshah Mazar,PLC0331,Shahbag,2.4,reverse,SRC_BRTA_METRO_FARES
BRTA_A_453_NO,PLC0122,Golapshah Mazar,PLC0022,Babubazar Bridge,2.0,forward,SRC_BRTA_METRO_FARES
BRTA_A_453_NO,PLC0022,Babubazar Bridge,PLC0122,Golapshah Mazar,2.0,reverse,SRC_BRTA_METRO_FARES
BRTA_A_453_NO,PLC0022,Babubazar Bridge,PLC0051,Bezgaon Chourasta,25.9,forward,SRC_BRTA_METRO_FARES
BRTA_A_453_NO,PLC0051,Bezgaon Chourasta,PLC0022,Babubazar Bridge,25.9,reverse,SRC_BRTA_METRO_FARES
BRTA_A_453_NO,PLC0051,Bezgaon Chourasta,PLC0224,Mawa Ghat,10.9,forward,SRC_BRTA_METRO_FARES
BRTA_A_453_NO,PLC0224,Mawa Ghat,PLC0051,Bezgaon Chourasta,10.9,reverse,SRC_BRTA_METRO_FARES
BRTA_A_458_NO,PLC0243,Mirpur-12,PLC0241,Mirpur-11,1.1,forward,SRC_BRTA_METRO_FARES
BRTA_A_458_NO,PLC0241,Mirpur-11,PLC0243,Mirpur-12,1.1,reverse,SRC_BRTA_METRO_FARES
BRTA_A_458_NO,PLC0241,Mirpur-11,PLC0240,Mirpur-10,1.4,forward,SRC_BRTA_METRO_FARES
BRTA_A_458_NO,PLC0240,Mirpur-10,PLC0241,Mirpur-11,1.4,reverse,SRC_BRTA_METRO_FARES
BRTA_A_458_NO,PLC0240,Mirpur-10,PLC0179,Kazipara,1.2,forward,SRC_BRTA_METRO_FARES
BRTA_A_458_NO,PLC0179,Kazipara,PLC0240,Mirpur-10,1.2,reverse,SRC_BRTA_METRO_FARES
BRTA_A_458_NO,PLC0179,Kazipara,PLC0339,Sheorapara,0.8,forward,SRC_BRTA_METRO_FARES
BRTA_A_458_NO,PLC0339,Sheorapara,PLC0179,Kazipara,0.8,reverse,SRC_BRTA_METRO_FARES
BRTA_A_458_NO,PLC0339,Sheorapara,PLC0057,Bijay Smarani,3.5,forward,SRC_BRTA_METRO_FARES
BRTA_A_458_NO,PLC0057,Bijay Smarani,PLC0339,Sheorapara,3.5,reverse,SRC_BRTA_METRO_FARES
BRTA_A_458_NO,PLC0057,Bijay Smarani,PLC0112,Farmgate,0.7,forward,SRC_BRTA_METRO_FARES
BRTA_A_458_NO,PLC0112,Farmgate,PLC0057,Bijay Smarani,0.7,reverse,SRC_BRTA_METRO_FARES
BRTA_A_458_NO,PLC0112,Farmgate,PLC0331,Shahbag,2.1,forward,SRC_BRTA_METRO_FARES
BRTA_A_458_NO,PLC0331,Shahbag,PLC0112,Farmgate,2.1,reverse,SRC_BRTA_METRO_FARES
BRTA_A_458_NO,PLC0331,Shahbag,PLC0298,Press Club,2.0,forward,SRC_BRTA_METRO_FARES
BRTA_A_458_NO,PLC0298,Press Club,PLC0331,Shahbag,2.0,reverse,SRC_BRTA_METRO_FARES
BRTA_A_458_NO,PLC0298,Press Club,PLC0125,Gulistan,0.8,forward,SRC_BRTA_METRO_FARES
BRTA_A_458_NO,PLC0125,Gulistan,PLC0298,Press Club,0.8,reverse,SRC_BRTA_METRO_FARES
BRTA_A_458_NO,PLC0125,Gulistan,PLC0260,Motijheel,1.7,forward,SRC_BRTA_METRO_FARES
BRTA_A_458_NO,PLC0260,Motijheel,PLC0125,Gulistan,1.7,reverse,SRC_BRTA_METRO_FARES
BRTA_A_459,PLC0217,Manikdi (ECB Mor),PLC0160,Kalshi,1.1,forward,SRC_BRTA_METRO_FARES
BRTA_A_459,PLC0160,Kalshi,PLC0217,Manikdi (ECB Mor),1.1,reverse,SRC_BRTA_METRO_FARES
BRTA_A_459,PLC0160,Kalshi,PLC0241,Mirpur-11,2.0,forward,SRC_BRTA_METRO_FARES
BRTA_A_459,PLC0241,Mirpur-11,PLC0160,Kalshi,2.0,reverse,SRC_BRTA_METRO_FARES
BRTA_A_459,PLC0241,Mirpur-11,PLC0240,Mirpur-10,1.1,forward,SRC_BRTA_METRO_FARES
BRTA_A_459,PLC0240,Mirpur-10,PLC0241,Mirpur-11,1.1,reverse,SRC_BRTA_METRO_FARES
BRTA_A_459,PLC0240,Mirpur-10,PLC0179,Kazipara,1.1,forward,SRC_BRTA_METRO_FARES
BRTA_A_459,PLC0179,Kazipara,PLC0240,Mirpur-10,1.1,reverse,SRC_BRTA_METRO_FARES
BRTA_A_459,PLC0179,Kazipara,PLC0339,Sheorapara,0.9,forward,SRC_BRTA_METRO_FARES
BRTA_A_459,PLC0339,Sheorapara,PLC0179,Kazipara,0.9,reverse,SRC_BRTA_METRO_FARES
BRTA_A_459,PLC0339,Sheorapara,PLC0004,Agargaon,1.6,forward,SRC_BRTA_METRO_FARES
BRTA_A_459,PLC0004,Agargaon,PLC0339,Sheorapara,1.6,reverse,SRC_BRTA_METRO_FARES
BRTA_A_459,PLC0004,Agargaon,PLC0343,Shishumela,1.5,forward,SRC_BRTA_METRO_FARES
BRTA_A_459,PLC0343,Shishumela,PLC0004,Agargaon,1.5,reverse,SRC_BRTA_METRO_FARES
BRTA_A_459,PLC0343,Shishumela,PLC0078,College Gate,0.5,forward,SRC_BRTA_METRO_FARES
BRTA_A_459,PLC0078,College Gate,PLC0343,Shishumela,0.5,reverse,SRC_BRTA_METRO_FARES
BRTA_A_459,PLC0078,College Gate,PLC0344,Shukrabad,2.1,forward,SRC_BRTA_METRO_FARES
BRTA_A_459,PLC0344,Shukrabad,PLC0078,College Gate,2.1,reverse,SRC_BRTA_METRO_FARES
BRTA_A_459,PLC0344,Shukrabad,PLC0279,New Market,2.2,forward,SRC_BRTA_METRO_FARES
BRTA_A_459,PLC0279,New Market,PLC0344,Shukrabad,2.2,reverse,SRC_BRTA_METRO_FARES
BRTA_A_459,PLC0279,New Market,PLC0018,Azimpur,1.2,forward,SRC_BRTA_METRO_FARES
BRTA_A_459,PLC0018,Azimpur,PLC0279,New Market,1.2,reverse,SRC_BRTA_METRO_FARES
BRTA_PILOTING_ROUTE_1,PLC0120,Ghatarchor,PLC0382,Washpur,0.95,forward,SRC_BRTA_METRO_FARES
BRTA_PILOTING_ROUTE_1,PLC0382,Washpur,PLC0120,Ghatarchor,0.95,reverse,SRC_BRTA_METRO_FARES
BRTA_PILOTING_ROUTE_1,PLC0382,Washpur,PLC0046,Basila,0.88,forward,SRC_BRTA_METRO_FARES
BRTA_PILOTING_ROUTE_1,PLC0046,Basila,PLC0382,Washpur,0.88,reverse,SRC_BRTA_METRO_FARES
BRTA_PILOTING_ROUTE_1,PLC0046,Basila,PLC0048,Basila CNG Stand,1.65,forward,SRC_BRTA_METRO_FARES
BRTA_PILOTING_ROUTE_1,PLC0048,Basila CNG Stand,PLC0046,Basila,1.65,reverse,SRC_BRTA_METRO_FARES
BRTA_PILOTING_ROUTE_1,PLC0048,Basila CNG Stand,PLC0255,Mohammadpur (Basila Road),0.24,forward,SRC_BRTA_METRO_FARES
BRTA_PILOTING_ROUTE_1,PLC0255,Mohammadpur (Basila Road),PLC0048,Basila CNG Stand,0.24,reverse,SRC_BRTA_METRO_FARES
BRTA_PILOTING_ROUTE_1,PLC0255,Mohammadpur (Basila Road),PLC0257,Mohammadpur Bus Stand,0.55,forward,SRC_BRTA_METRO_FARES
BRTA_PILOTING_ROUTE_1,PLC0257,Mohammadpur Bus Stand,PLC0255,Mohammadpur (Basila Road),0.55,reverse,SRC_BRTA_METRO_FARES
BRTA_PILOTING_ROUTE_1,PLC0257,Mohammadpur Bus Stand,PLC0371,Town Hall,0.52,forward,SRC_BRTA_METRO_FARES
BRTA_PILOTING_ROUTE_1,PLC0371,Town Hall,PLC0257,Mohammadpur Bus Stand,0.52,reverse,SRC_BRTA_METRO_FARES
BRTA_PILOTING_ROUTE_1,PLC0371,Town Hall,PLC0012,Asad Gate,0.77,forward,SRC_BRTA_METRO_FARES
BRTA_PILOTING_ROUTE_1,PLC0012,Asad Gate,PLC0371,Town Hall,0.77,reverse,SRC_BRTA_METRO_FARES
BRTA_PILOTING_ROUTE_1,PLC0012,Asad Gate,PLC0112,Farmgate,1.84,forward,SRC_BRTA_METRO_FARES
BRTA_PILOTING_ROUTE_1,PLC0112,Farmgate,PLC0012,Asad Gate,1.84,reverse,SRC_BRTA_METRO_FARES
BRTA_PILOTING_ROUTE_1,PLC0112,Farmgate,PLC0174,Karwan Bazar,0.83,forward,SRC_BRTA_METRO_FARES
BRTA_PILOTING_ROUTE_1,PLC0174,Karwan Bazar,PLC0112,Farmgate,0.83,reverse,SRC_BRTA_METRO_FARES
BRTA_PILOTING_ROUTE_1,PLC0174,Karwan Bazar,PLC0039,Banglamotor,0.69,forward,SRC_BRTA_METRO_FARES
BRTA_PILOTING_ROUTE_1,PLC0039,Banglamotor,PLC0174,Karwan Bazar,0.69,reverse,SRC_BRTA_METRO_FARES
BRTA_PILOTING_ROUTE_1,PLC0039,Banglamotor,PLC0331,Shahbag,0.78,forward,SRC_BRTA_METRO_FARES
BRTA_PILOTING_ROUTE_1,PLC0331,Shahbag,PLC0039,Banglamotor,0.78,reverse,SRC_BRTA_METRO_FARES
BRTA_PILOTING_ROUTE_1,PLC0331,Shahbag,PLC0222,Matsya Bhaban,0.82,forward,SRC_BRTA_METRO_FARES
BRTA_PILOTING_ROUTE_1,PLC0222,Matsya Bhaban,PLC0331,Shahbag,0.82,reverse,SRC_BRTA_METRO_FARES
BRTA_PILOTING_ROUTE_1,PLC0222,Matsya Bhaban,PLC0155,Kakrail,0.78,forward,SRC_BRTA_METRO_FARES
BRTA_PILOTING_ROUTE_1,PLC0155,Kakrail,PLC0222,Matsya Bhaban,0.78,reverse,SRC_BRTA_METRO_FARES
BRTA_PILOTING_ROUTE_1,PLC0155,Kakrail,PLC0109,Fakirapool,1.16,forward,SRC_BRTA_METRO_FARES
BRTA_PILOTING_ROUTE_1,PLC0109,Fakirapool,PLC0155,Kakrail,1.16,reverse,SRC_BRTA_METRO_FARES
BRTA_PILOTING_ROUTE_1,PLC0109,Fakirapool,PLC0262,Motijheel (Notre Dame College),0.54,forward,SRC_BRTA_METRO_FARES
BRTA_PILOTING_ROUTE_1,PLC0262,Motijheel (Notre Dame College),PLC0109,Fakirapool,0.54,reverse,SRC_BRTA_METRO_FARES
BRTA_PILOTING_ROUTE_1,PLC0262,Motijheel (Notre Dame College),PLC0261,Motijheel (Hirjheel),0.58,forward,SRC_BRTA_METRO_FARES
BRTA_PILOTING_ROUTE_1,PLC0261,Motijheel (Hirjheel),PLC0262,Motijheel (Notre Dame College),0.58,reverse,SRC_BRTA_METRO_FARES
BRTA_PILOTING_ROUTE_1,PLC0261,Motijheel (Hirjheel),PLC0365,Tikatuli,0.58,forward,SRC_BRTA_METRO_FARES
BRTA_PILOTING_ROUTE_1,PLC0365,Tikatuli,PLC0261,Motijheel (Hirjheel),0.58,reverse,SRC_BRTA_METRO_FARES
BRTA_PILOTING_ROUTE_1,PLC0365,Tikatuli,PLC0152,Kajla,2.83,forward,SRC_BRTA_METRO_FARES
BRTA_PILOTING_ROUTE_1,PLC0152,Kajla,PLC0365,Tikatuli,2.83,reverse,SRC_BRTA_METRO_FARES
BRTA_PILOTING_ROUTE_1,PLC0152,Kajla,PLC0199,Konapara,2.9,forward,SRC_BRTA_METRO_FARES
BRTA_PILOTING_ROUTE_1,PLC0199,Konapara,PLC0152,Kajla,2.9,reverse,SRC_BRTA_METRO_FARES
BRTA_PILOTING_ROUTE_1,PLC0199,Konapara,PLC0084,Demra Staff Quarter,2.38,forward,SRC_BRTA_METRO_FARES
BRTA_PILOTING_ROUTE_1,PLC0084,Demra Staff Quarter,PLC0199,Konapara,2.38,reverse,SRC_BRTA_METRO_FARES
BRTA_PILOTING_ROUTE_2,PLC0084,Demra Staff Quarter,PLC0199,Konapara,2.44,forward,SRC_BRTA_METRO_FARES
BRTA_PILOTING_ROUTE_2,PLC0199,Konapara,PLC0084,Demra Staff Quarter,2.44,reverse,SRC_BRTA_METRO_FARES
BRTA_PILOTING_ROUTE_2,PLC0199,Konapara,PLC0152,Kajla,3.1,forward,SRC_BRTA_METRO_FARES
BRTA_PILOTING_ROUTE_2,PLC0152,Kajla,PLC0199,Konapara,3.1,reverse,SRC_BRTA_METRO_FARES
BRTA_PILOTING_ROUTE_2,PLC0152,Kajla,PLC0149,Jonopoth Mor,1.35,forward,SRC_BRTA_METRO_FARES
BRTA_PILOTING_ROUTE_2,PLC0149,Jonopoth Mor,PLC0152,Kajla,1.35,reverse,SRC_BRTA_METRO_FARES
BRTA_PILOTING_ROUTE_2,PLC0149,Jonopoth Mor,PLC0381,Washi (Belba Garden),1.2,forward,SRC_BRTA_METRO_FARES
BRTA_PILOTING_ROUTE_2,PLC0381,Washi (Belba Garden),PLC0149,Jonopoth Mor,1.2,reverse,SRC_BRTA_METRO_FARES
BRTA_PILOTING_ROUTE_2,PLC0381,Washi (Belba Garden),PLC0263,Motijheel (Shapla Chattar),0.99,forward,SRC_BRTA_METRO_FARES
BRTA_PILOTING_ROUTE_2,PLC0263,Motijheel (Shapla Chattar),PLC0381,Washi (Belba Garden),0.99,reverse,SRC_BRTA_METRO_FARES
BRTA_PILOTING_ROUTE_2,PLC0263,Motijheel (Shapla Chattar),PLC0262,Motijheel (Notre Dame College),0.49,forward,SRC_BRTA_METRO_FARES
BRTA_PILOTING_ROUTE_2,PLC0262,Motijheel (Notre Dame College),PLC0263,Motijheel (Shapla Chattar),0.49,reverse,SRC_BRTA_METRO_FARES
BRTA_PILOTING_ROUTE_2,PLC0262,Motijheel (Notre Dame College),PLC0109,Fakirapool,0.63,forward,SRC_BRTA_METRO_FARES
BRTA_PILOTING_ROUTE_2,PLC0109,Fakirapool,PLC0262,Motijheel (Notre Dame College),0.63,reverse,SRC_BRTA_METRO_FARES
BRTA_PILOTING_ROUTE_2,PLC0109,Fakirapool,PLC0155,Kakrail,0.87,forward,SRC_BRTA_METRO_FARES
BRTA_PILOTING_ROUTE_2,PLC0155,Kakrail,PLC0109,Fakirapool,0.87,reverse,SRC_BRTA_METRO_FARES
BRTA_PILOTING_ROUTE_2,PLC0155,Kakrail,PLC0222,Matsya Bhaban,0.8,forward,SRC_BRTA_METRO_FARES
BRTA_PILOTING_ROUTE_2,PLC0222,Matsya Bhaban,PLC0155,Kakrail,0.8,reverse,SRC_BRTA_METRO_FARES
BRTA_PILOTING_ROUTE_2,PLC0222,Matsya Bhaban,PLC0331,Shahbag,0.82,forward,SRC_BRTA_METRO_FARES
BRTA_PILOTING_ROUTE_2,PLC0331,Shahbag,PLC0222,Matsya Bhaban,0.82,reverse,SRC_BRTA_METRO_FARES
BRTA_PILOTING_ROUTE_2,PLC0331,Shahbag,PLC0039,Banglamotor,0.77,forward,SRC_BRTA_METRO_FARES
BRTA_PILOTING_ROUTE_2,PLC0039,Banglamotor,PLC0331,Shahbag,0.77,reverse,SRC_BRTA_METRO_FARES
BRTA_PILOTING_ROUTE_2,PLC0039,Banglamotor,PLC0174,Karwan Bazar,0.65,forward,SRC_BRTA_METRO_FARES
BRTA_PILOTING_ROUTE_2,PLC0174,Karwan Bazar,PLC0039,Banglamotor,0.65,reverse,SRC_BRTA_METRO_FARES
BRTA_PILOTING_ROUTE_2,PLC0174,Karwan Bazar,PLC0112,Farmgate,0.85,forward,SRC_BRTA_METRO_FARES
BRTA_PILOTING_ROUTE_2,PLC0112,Farmgate,PLC0174,Karwan Bazar,0.85,reverse,SRC_BRTA_METRO_FARES
BRTA_PILOTING_ROUTE_2,PLC0112,Farmgate,PLC0012,Asad Gate,1.98,forward,SRC_BRTA_METRO_FARES
BRTA_PILOTING_ROUTE_2,PLC0012,Asad Gate,PLC0112,Farmgate,1.98,reverse,SRC_BRTA_METRO_FARES
BRTA_PILOTING_ROUTE_2,PLC0012,Asad Gate,PLC0371,Town Hall,0.73,forward,SRC_BRTA_METRO_FARES
BRTA_PILOTING_ROUTE_2,PLC0371,Town Hall,PLC0012,Asad Gate,0.73,reverse,SRC_BRTA_METRO_FARES
BRTA_PILOTING_ROUTE_2,PLC0371,Town Hall,PLC0257,Mohammadpur Bus Stand,0.45,forward,SRC_BRTA_METRO_FARES
BRTA_PILOTING_ROUTE_2,PLC0257,Mohammadpur Bus Stand,PLC0371,Town Hall,0.45,reverse,SRC_BRTA_METRO_FARES
BRTA_PILOTING_ROUTE_2,PLC0257,Mohammadpur Bus Stand,PLC0255,Mohammadpur (Basila Road),0.42,forward,SRC_BRTA_METRO_FARES
BRTA_PILOTING_ROUTE_2,PLC0255,Mohammadpur (Basila Road),PLC0257,Mohammadpur Bus Stand,0.42,reverse,SRC_BRTA_METRO_FARES
BRTA_PILOTING_ROUTE_2,PLC0255,Mohammadpur (Basila Road),PLC0048,Basila CNG Stand,0.23,forward,SRC_BRTA_METRO_FARES
BRTA_PILOTING_ROUTE_2,PLC0048,Basila CNG Stand,PLC0255,Mohammadpur (Basila Road),0.23,reverse,SRC_BRTA_METRO_FARES
BRTA_PILOTING_ROUTE_2,PLC0048,Basila CNG Stand,PLC0046,Basila,1.66,forward,SRC_BRTA_METRO_FARES
BRTA_PILOTING_ROUTE_2,PLC0046,Basila,PLC0048,Basila CNG Stand,1.66,reverse,SRC_BRTA_METRO_FARES
BRTA_PILOTING_ROUTE_2,PLC0046,Basila,PLC0382,Washpur,0.88,forward,SRC_BRTA_METRO_FARES
BRTA_PILOTING_ROUTE_2,PLC0382,Washpur,PLC0046,Basila,0.88,reverse,SRC_BRTA_METRO_FARES
BRTA_PILOTING_ROUTE_2,PLC0382,Washpur,PLC0120,Ghatarchor,0.95,forward,SRC_BRTA_METRO_FARES
BRTA_PILOTING_ROUTE_2,PLC0120,Ghatarchor,PLC0382,Washpur,0.95,reverse,SRC_BRTA_METRO_FARES
BRTA_PILOTING_ROUTE_3,PLC0120,Ghatarchor,PLC0382,Washpur,0.95,forward,SRC_BRTA_METRO_FARES
BRTA_PILOTING_ROUTE_3,PLC0382,Washpur,PLC0120,Ghatarchor,0.95,reverse,SRC_BRTA_METRO_FARES
BRTA_PILOTING_ROUTE_3,PLC0382,Washpur,PLC0046,Basila,0.88,forward,SRC_BRTA_METRO_FARES
BRTA_PILOTING_ROUTE_3,PLC0046,Basila,PLC0382,Washpur,0.88,reverse,SRC_BRTA_METRO_FARES
BRTA_PILOTING_ROUTE_3,PLC0046,Basila,PLC0048,Basila CNG Stand,1.65,forward,SRC_BRTA_METRO_FARES
BRTA_PILOTING_ROUTE_3,PLC0048,Basila CNG Stand,PLC0046,Basila,1.65,reverse,SRC_BRTA_METRO_FARES
BRTA_PILOTING_ROUTE_3,PLC0048,Basila CNG Stand,PLC0255,Mohammadpur (Basila Road),0.24,forward,SRC_BRTA_METRO_FARES
BRTA_PILOTING_ROUTE_3,PLC0255,Mohammadpur (Basila Road),PLC0048,Basila CNG Stand,0.24,reverse,SRC_BRTA_METRO_FARES
BRTA_PILOTING_ROUTE_3,PLC0255,Mohammadpur (Basila Road),PLC0257,Mohammadpur Bus Stand,0.55,forward,SRC_BRTA_METRO_FARES
BRTA_PILOTING_ROUTE_3,PLC0257,Mohammadpur Bus Stand,PLC0255,Mohammadpur (Basila Road),0.55,reverse,SRC_BRTA_METRO_FARES
BRTA_PILOTING_ROUTE_3,PLC0257,Mohammadpur Bus Stand,PLC0371,Town Hall,0.52,forward,SRC_BRTA_METRO_FARES
BRTA_PILOTING_ROUTE_3,PLC0371,Town Hall,PLC0257,Mohammadpur Bus Stand,0.52,reverse,SRC_BRTA_METRO_FARES
BRTA_PILOTING_ROUTE_3,PLC0371,Town Hall,PLC0349,Sobhanbag,1.55,forward,SRC_BRTA_METRO_FARES
BRTA_PILOTING_ROUTE_3,PLC0349,Sobhanbag,PLC0371,Town Hall,1.55,reverse,SRC_BRTA_METRO_FARES
BRTA_PILOTING_ROUTE_3,PLC0349,Sobhanbag,PLC0156,Kalabagan,0.93,forward,SRC_BRTA_METRO_FARES
BRTA_PILOTING_ROUTE_3,PLC0156,Kalabagan,PLC0349,Sobhanbag,0.93,reverse,SRC_BRTA_METRO_FARES
BRTA_PILOTING_ROUTE_3,PLC0156,Kalabagan,PLC0329,Science Lab,0.95,forward,SRC_BRTA_METRO_FARES
BRTA_PILOTING_ROUTE_3,PLC0329,Science Lab,PLC0156,Kalabagan,0.95,reverse,SRC_BRTA_METRO_FARES
BRTA_PILOTING_ROUTE_3,PLC0329,Science Lab,PLC0116,Gausia/Chandnichok,0.97,forward,SRC_BRTA_METRO_FARES
BRTA_PILOTING_ROUTE_3,PLC0116,Gausia/Chandnichok,PLC0329,Science Lab,0.97,reverse,SRC_BRTA_METRO_FARES
BRTA_PILOTING_ROUTE_3,PLC0116,Gausia/Chandnichok,PLC0018,Azimpur,0.96,forward,SRC_BRTA_METRO_FARES
BRTA_PILOTING_ROUTE_3,PLC0018,Azimpur,PLC0116,Gausia/Chandnichok,0.96,reverse,SRC_BRTA_METRO_FARES
BRTA_PILOTING_ROUTE_3,PLC0018,Azimpur,PLC0071,Chankharpul,2.39,forward,SRC_BRTA_METRO_FARES
BRTA_PILOTING_ROUTE_3,PLC0071,Chankharpul,PLC0018,Azimpur,2.39,reverse,SRC_BRTA_METRO_FARES
BRTA_PILOTING_ROUTE_3,PLC0071,Chankharpul,PLC0295,Postgola,5.32,forward,SRC_BRTA_METRO_FARES
BRTA_PILOTING_ROUTE_3,PLC0295,Postgola,PLC0071,Chankharpul,5.32,reverse,SRC_BRTA_METRO_FARES
BRTA_PILOTING_ROUTE_3,PLC0295,Postgola,PLC0287,Pagla Bazar,5.65,forward,SRC_BRTA_METRO_FARES
BRTA_PILOTING_ROUTE_3,PLC0287,Pagla Bazar,PLC0295,Postgola,5.65,reverse,SRC_BRTA_METRO_FARES
BRTA_PILOTING_ROUTE_4,PLC0287,Pagla Bazar,PLC0295,Postgola,5.84,forward,SRC_BRTA_METRO_FARES
BRTA_PILOTING_ROUTE_4,PLC0295,Postgola,PLC0287,Pagla Bazar,5.84,reverse,SRC_BRTA_METRO_FARES
BRTA_PILOTING_ROUTE_4,PLC0295,Postgola,PLC0071,Chankharpul,5.46,forward,SRC_BRTA_METRO_FARES
BRTA_PILOTING_ROUTE_4,PLC0071,Chankharpul,PLC0295,Postgola,5.46,reverse,SRC_BRTA_METRO_FARES
BRTA_PILOTING_ROUTE_4,PLC0071,Chankharpul,PLC0018,Azimpur,2.56,forward,SRC_BRTA_METRO_FARES
BRTA_PILOTING_ROUTE_4,PLC0018,Azimpur,PLC0071,Chankharpul,2.56,reverse,SRC_BRTA_METRO_FARES
BRTA_PILOTING_ROUTE_4,PLC0018,Azimpur,PLC0279,New Market,0.97,forward,SRC_BRTA_METRO_FARES
BRTA_PILOTING_ROUTE_4,PLC0279,New Market,PLC0018,Azimpur,0.97,reverse,SRC_BRTA_METRO_FARES
BRTA_PILOTING_ROUTE_4,PLC0279,New Market,PLC0329,Science Lab,1.03,forward,SRC_BRTA_METRO_FARES
BRTA_PILOTING_ROUTE_4,PLC0329,Science Lab,PLC0279,New Market,1.03,reverse,SRC_BRTA_METRO_FARES
BRTA_PILOTING_ROUTE_4,PLC0329,Science Lab,PLC0156,Kalabagan,0.97,forward,SRC_BRTA_METRO_FARES
BRTA_PILOTING_ROUTE_4,PLC0156,Kalabagan,PLC0329,Science Lab,0.97,reverse,SRC_BRTA_METRO_FARES
BRTA_PILOTING_ROUTE_4,PLC0156,Kalabagan,PLC0349,Sobhanbag,0.73,forward,SRC_BRTA_METRO_FARES
BRTA_PILOTING_ROUTE_4,PLC0349,Sobhanbag,PLC0156,Kalabagan,0.73,reverse,SRC_BRTA_METRO_FARES
BRTA_PILOTING_ROUTE_4,PLC0349,Sobhanbag,PLC0371,Town Hall,1.88,forward,SRC_BRTA_METRO_FARES
BRTA_PILOTING_ROUTE_4,PLC0371,Town Hall,PLC0349,Sobhanbag,1.88,reverse,SRC_BRTA_METRO_FARES
BRTA_PILOTING_ROUTE_4,PLC0371,Town Hall,PLC0257,Mohammadpur Bus Stand,0.44,forward,SRC_BRTA_METRO_FARES
BRTA_PILOTING_ROUTE_4,PLC0257,Mohammadpur Bus Stand,PLC0371,Town Hall,0.44,reverse,SRC_BRTA_METRO_FARES
BRTA_PILOTING_ROUTE_4,PLC0257,Mohammadpur Bus Stand,PLC0255,Mohammadpur (Basila Road),0.23,forward,SRC_BRTA_METRO_FARES
BRTA_PILOTING_ROUTE_4,PLC0255,Mohammadpur (Basila Road),PLC0257,Mohammadpur Bus Stand,0.23,reverse,SRC_BRTA_METRO_FARES
BRTA_PILOTING_ROUTE_4,PLC0255,Mohammadpur (Basila Road),PLC0048,Basila CNG Stand,1.66,forward,SRC_BRTA_METRO_FARES
BRTA_PILOTING_ROUTE_4,PLC0048,Basila CNG Stand,PLC0255,Mohammadpur (Basila Road),1.66,reverse,SRC_BRTA_METRO_FARES
BRTA_PILOTING_ROUTE_4,PLC0048,Basila CNG Stand,PLC0382,Washpur,0.88,forward,SRC_BRTA_METRO_FARES
BRTA_PILOTING_ROUTE_4,PLC0382,Washpur,PLC0048,Basila CNG Stand,0.88,reverse,SRC_BRTA_METRO_FARES
BRTA_PILOTING_ROUTE_4,PLC0382,Washpur,PLC0120,Ghatarchor,0.95,forward,SRC_BRTA_METRO_FARES
BRTA_PILOTING_ROUTE_4,PLC0120,Ghatarchor,PLC0382,Washpur,0.95,reverse,SRC_BRTA_METRO_FARES
