service_id,stop_sequence,stop_name_raw,normalized_stop_name,canonical_place_id,canonical_name_en,source_id
SVC0001,1,Gabtoli,gabtoli,PLC0114,Gabtoli,SRC_BUS_GITHUB
SVC0001,2,Technical,technical,PLC0362,Technical,SRC_BUS_GITHUB
SVC0001,3,Ansar Camp,ansar camp,PLC0008,Ansar Camp,SRC_BUS_GITHUB
SVC0001,4,Mirpur 1,mirpur 1,PLC0239,Mirpur-1,SRC_BUS_GITHUB
SVC0001,5,Sony Cinema Hall,sony cinema hall,PLC0352,Soni Cinema Hall,SRC_BUS_GITHUB
SVC0001,6,Mirpur 2,mirpur 2,PLC0245,Mirpur-2,SRC_BUS_GITHUB
SVC0001,7,Mirpur 10,mirpur 10,PLC0240,Mirpur-10,SRC_BUS_GITHUB
SVC0001,8,Mirpur 11,mirpur 11,PLC0241,Mirpur-11,SRC_BUS_GITHUB
SVC0001,9,Purobi,purobi,PLC0302,Purbi,SRC_BUS_GITHUB
SVC0001,10,Kalshi,kalshi,PLC0161,Kalshi Morh,SRC_BUS_GITHUB
SVC0001,11,ECB Square,ecb square,,,SRC_BUS_GITHUB
SVC0001,12,MES,mes,,,SRC_BUS_GITHUB
SVC0001,13,Shewra,shewra,,,SRC_BUS_GITHUB
SVC0001,14,Kuril Bishwa Road,kuril bishwa road,PLC0203,Kuril Bishwa Road,SRC_BUS_GITHUB
SVC0001,15,Jamuna Future Park,jamuna future park,PLC0139,Jamuna Future Park,SRC_BUS_GITHUB
SVC0001,16,Bashundhara,bashundhara,PLC0045,Bashundhara,SRC_BUS_GITHUB
SVC0001,17,Nadda,nadda,,,SRC_BUS_GITHUB
SVC0001,18,Notun Bazar,notun bazar,PLC0284,Notun Bazar,SRC_BUS_GITHUB
SVC0001,19,Bashtola,bashtola,,,SRC_BUS_GITHUB
SVC0001,20,Shahjadpur,shahjadpur,,,SRC_BUS_GITHUB
SVC0001,21,Uttar Badda,uttar badda,PLC0376,Uttar Badda,SRC_BUS_GITHUB
SVC0001,22,Badda,badda,PLC0023,Badda,SRC_BUS_GITHUB
SVC0001,23,Madhya Badda,madhya badda,,,SRC_BUS_GITHUB
SVC0001,24,Merul,merul,,,SRC_BUS_GITHUB
SVC0001,25,Rampura Bridge,rampura bridge,PLC0314,Rampura Bridge,SRC_BUS_GITHUB
SVC0001,26,Banasree,banasree,,,SRC_BUS_GITHUB
SVC0001,27,Demra Staff Quarter,demra staff quarter,PLC0084,Demra Staff Quarter,SRC_BUS_GITHUB
SVC0002,1,Savar,savar,PLC0326,Savar,SRC_BUS_GITHUB
SVC0002,2,Hemayetpur,hemayetpur,PLC0132,Hemayetpur,SRC_BUS_GITHUB
SVC0002,3,Amin Bazar,amin bazar,PLC0006,Amin Bazar,SRC_BUS_GITHUB
SVC0002,4,Gabtoli,gabtoli,PLC0114,Gabtoli,SRC_BUS_GITHUB
SVC0002,5,Technical,technical,PLC0362,Technical,SRC_BUS_GITHUB
SVC0002,6,Kallyanpur,kalyanpur,PLC0163,Kalyanpur,SRC_BUS_GITHUB
SVC0002,7,Shyamoli,shyamoli,PLC0346,Shyamoli,SRC_BUS_GITHUB
SVC0002,8,Shishu Mela,shishu mela,PLC0343,Shishumela,SRC_BUS_GITHUB
SVC0002,9,Agargaon,agargaon,PLC0004,Agargaon,SRC_BUS_GITHUB
SVC0002,10,Zia Uddyan,zia uddyan,,,SRC_BUS_GITHUB
SVC0002,11,Bijoy Sarani,bijoy sarani,PLC0057,Bijay Smarani,SRC_BUS_GITHUB
SVC0002,12,Jahangir Gate,jahangir gate,,,SRC_BUS_GITHUB
SVC0002,13,Mohakhali,mohakhali,PLC0250,Mohakhali,SRC_BUS_GITHUB
SVC0002,14,Wireless,wireless,,,SRC_BUS_GITHUB
SVC0002,15,Gulshan 1,gulshan 1,PLC0129,Gulshan-1,SRC_BUS_GITHUB
SVC0002,16,Badda Link Road,badda link road,PLC0024,Badda Link Road,SRC_BUS_GITHUB
SVC0002,17,Bashtola,bashtola,,,SRC_BUS_GITHUB
SVC0002,18,Shahjadpur,shahjadpur,,,SRC_BUS_GITHUB
SVC0002,19,Uttar Badda,uttar badda,PLC0376,Uttar Badda,SRC_BUS_GITHUB
SVC0002,20,Notun Bazar,notun bazar,PLC0284,Notun Bazar,SRC_BUS_GITHUB
SVC0003,1,Fulbaria,fulbaria,PLC0113,Fulbaria,SRC_BUS_GITHUB
SVC0003,2,Golap Shah Mazar,golap shah mazar,PLC0123,Golapshah Mazar (Fulbaria),SRC_BUS_GITHUB
SVC0003,3,GPO,gpo,PLC0124,GPO,SRC_BUS_GITHUB
SVC0003,4,Paltan,paltan,PLC0291,Paltan,SRC_BUS_GITHUB
SVC0003,5,Press Club,press club,PLC0298,Press Club,SRC_BUS_GITHUB
SVC0003,6,High Court,high court,PLC0133,High Court,SRC_BUS_GITHUB
SVC0003,7,Matsya Bhaban,matsya bhaban,PLC0222,Matsya Bhaban,SRC_BUS_GITHUB
SVC0003,8,Shahbag,shahbag,PLC0331,Shahbag,SRC_BUS_GITHUB
SVC0003,9,Bangla Motor,bangla motor,PLC0037,Bangla Motor,SRC_BUS_GITHUB
SVC0003,10,Kawran Bazar,kawran bazar,PLC0178,Kawran Bazar,SRC_BUS_GITHUB
SVC0003,11,Farmgate,farmgate,PLC0112,Farmgate,SRC_BUS_GITHUB
SVC0003,12,Bijoy Sarani,bijoy sarani,PLC0057,Bijay Smarani,SRC_BUS_GITHUB
SVC0003,13,Jahangir Gate,jahangir gate,,,SRC_BUS_GITHUB
SVC0003,14,Mohakhali,mohakhali,PLC0250,Mohakhali,SRC_BUS_GITHUB
SVC0003,15,Chairman Bari,chairman bari,,,SRC_BUS_GITHUB
SVC0003,16,Sainik Club,sainik club,PLC0324,Sainik Club,SRC_BUS_GITHUB
SVC0003,17,Banani,banani,PLC0032,Banani,SRC_BUS_GITHUB
SVC0003,18,Kakali,kakali,,,SRC_BUS_GITHUB
SVC0003,19,Staff Road,staff road,PLC0356,Staff Road,SRC_BUS_GITHUB
SVC0003,20,MES,mes,,,SRC_BUS_GITHUB
SVC0003,21,Shewra,shewra,,,SRC_BUS_GITHUB
SVC0003,22,Kuril Bishwa Road,kuril bishwa road,PLC0203,Kuril Bishwa Road,SRC_BUS_GITHUB
SVC0003,23,Khilkhet,khilkhet,PLC0193,Khilkhet,SRC_BUS_GITHUB
SVC0003,24,Airport,airport,PLC0005,Airport,SRC_BUS_GITHUB
SVC0003,25,Jashimuddin (Uttara),jashimuddin,PLC0142,Jasimuddin,SRC_BUS_GITHUB
SVC0003,26,Rajlakshmi,rajlakshmi,,,SRC_BUS_GITHUB
SVC0003,27,Azampur,azampur,PLC0017,Azampur,SRC_BUS_GITHUB
SVC0003,28,House Building,house building,PLC0135,House Building,SRC_BUS_GITHUB
SVC0003,29,Abdullahpur,abdullahpur,PLC0002,Abdullahpur (Jail),SRC_BUS_GITHUB
SVC0004,1,Sadarghat,sadarghat,PLC0321,Sadarghat,SRC_BUS_GITHUB
SVC0004,2,Ray Saheb Bazar,ray saheb bazar,PLC0317,Raysaheb Bazar,SRC_BUS_GITHUB
SVC0004,3,Naya Bazar,naya bazar,PLC0277,Nayabazar (No. 2 Buriganga Bridge),SRC_BUS_GITHUB
SVC0004,4,Golap Shah Mazar,golap shah mazar,PLC0123,Golapshah Mazar (Fulbaria),SRC_BUS_GITHUB
SVC0004,5,GPO,gpo,PLC0124,GPO,SRC_BUS_GITHUB
SVC0004,6,Paltan,paltan,PLC0291,Paltan,SRC_BUS_GITHUB
SVC0004,7,Kakrail,kakrail,PLC0155,Kakrail,SRC_BUS_GITHUB
SVC0004,8,Shantinagar,shantinagar,,,SRC_BUS_GITHUB
SVC0004,9,Malibagh Moor,malibagh,PLC0212,Malibagh,SRC_BUS_GITHUB
SVC0004,10,Mouchak,mouchak,PLC0265,Mouchak (Flyover),SRC_BUS_GITHUB
SVC0004,11,Nabisco,nabisco,PLC0268,Nabisco,SRC_BUS_GITHUB
SVC0004,12,Mohakhali,mohakhali,PLC0250,Mohakhali,SRC_BUS_GITHUB
SVC0004,13,Sainik Club,sainik club,PLC0324,Sainik Club,SRC_BUS_GITHUB
SVC0004,14,Banani,banani,PLC0032,Banani,SRC_BUS_GITHUB
SVC0004,15,Kakali,kakali,,,SRC_BUS_GITHUB
SVC0004,16,Staff Road,staff road,PLC0356,Staff Road,SRC_BUS_GITHUB
SVC0004,17,MES,mes,,,SRC_BUS_GITHUB
SVC0004,18,Shewra,shewra,,,SRC_BUS_GITHUB
SVC0004,19,Kuril Bishwa Road,kuril bishwa road,PLC0203,Kuril Bishwa Road,SRC_BUS_GITHUB
SVC0004,20,Khilkhet,khilkhet,PLC0193,Khilkhet,SRC_BUS_GITHUB
SVC0004,21,Airport,airport,PLC0005,Airport,SRC_BUS_GITHUB
SVC0004,22,Jashimuddin (Uttara),jashimuddin,PLC0142,Jasimuddin,SRC_BUS_GITHUB
SVC0004,23,Rajlakshmi,rajlakshmi,,,SRC_BUS_GITHUB
SVC0004,24,Azampur,azampur,PLC0017,Azampur,SRC_BUS_GITHUB
SVC0004,25,House Building,house building,PLC0135,House Building,SRC_BUS_GITHUB
SVC0004,26,Abdullahpur,abdullahpur,PLC0002,Abdullahpur (Jail),SRC_BUS_GITHUB
SVC0004,27,Tongi,tongi,PLC0368,Tongi (Bastuhara),SRC_BUS_GITHUB
SVC0004,28,Station Road,road,,,SRC_BUS_GITHUB
SVC0004,29,Mill Gate,mill gate,,,SRC_BUS_GITHUB
SVC0004,30,Board Bazar,board bazar,PLC0061,Board Bazar,SRC_BUS_GITHUB
SVC0004,31,Gazipur Bypass,gazipur bypass,,,SRC_BUS_GITHUB
SVC0004,32,Konabari,konabari,PLC0197,Konabari,SRC_BUS_GITHUB
SVC0004,33,Chandra,chandra,PLC0070,Chandra,SRC_BUS_GITHUB
SVC0005,1,Kadamtali,kadamtali,PLC0151,Kadamtoli,SRC_BUS_GITHUB
SVC0005,2,Keraniganj,keraniganj,PLC0182,Keraniganj (New Jail),SRC_BUS_GITHUB
SVC0005,3,Babubazar,babubazar,PLC0020,Babu Bazar,SRC_BUS_GITHUB
SVC0005,4,Naya Bazar,naya bazar,PLC0277,Nayabazar (No. 2 Buriganga Bridge),SRC_BUS_GITHUB
SVC0005,5,Golap Shah Mazar,golap shah mazar,PLC0123,Golapshah Mazar (Fulbaria),SRC_BUS_GITHUB
SVC0005,6,GPO,gpo,PLC0124,GPO,SRC_BUS_GITHUB
SVC0005,7,Paltan,paltan,PLC0291,Paltan,SRC_BUS_GITHUB
SVC0005,8,Kakrail,kakrail,PLC0155,Kakrail,SRC_BUS_GITHUB
SVC0005,9,Shantinagar,shantinagar,,,SRC_BUS_GITHUB
SVC0005,10,Malibagh Moor,malibagh,PLC0212,Malibagh,SRC_BUS_GITHUB
SVC0005,11,Mouchak,mouchak,PLC0265,Mouchak (Flyover),SRC_BUS_GITHUB
SVC0005,12,Malibagh Railgate,malibagh railgate,,,SRC_BUS_GITHUB
SVC0005,13,Hazipara,hazipara,PLC0179,Kazipara,SRC_BUS_GITHUB
SVC0005,14,Rampura Bazar,rampura bazar,,,SRC_BUS_GITHUB
SVC0005,15,Rampura Bridge,rampura bridge,PLC0314,Rampura Bridge,SRC_BUS_GITHUB
SVC0005,16,Merul,merul,,,SRC_BUS_GITHUB
SVC0005,17,Badda,badda,PLC0023,Badda,SRC_BUS_GITHUB
SVC0005,18,Shahjadpur,shahjadpur,,,SRC_BUS_GITHUB
SVC0005,19,Bashtola,bashtola,,,SRC_BUS_GITHUB
SVC0005,20,Notun Bazar,notun bazar,PLC0284,Notun Bazar,SRC_BUS_GITHUB
SVC0005,21,Nadda,nadda,,,SRC_BUS_GITHUB
SVC0005,22,Bashundhara,bashundhara,PLC0045,Bashundhara,SRC_BUS_GITHUB
SVC0005,23,Jamuna Future Park,jamuna future park,PLC0139,Jamuna Future Park,SRC_BUS_GITHUB
SVC0005,24,Kuril Bishwa Road,kuril bishwa road,PLC0203,Kuril Bishwa Road,SRC_BUS_GITHUB
SVC0005,25,Khilkhet,khilkhet,PLC0193,Khilkhet,SRC_BUS_GITHUB
SVC0005,26,Airport,airport,PLC0005,Airport,SRC_BUS_GITHUB
SVC0005,27,Jashimuddin (Uttara),jashimuddin,PLC0142,Jasimuddin,SRC_BUS_GITHUB
SVC0005,28,Rajlakshmi,rajlakshmi,,,SRC_BUS_GITHUB
SVC0005,29,Azampur,azampur,PLC0017,Azampur,SRC_BUS_GITHUB
SVC0005,30,House Building,house building,PLC0135,House Building,SRC_BUS_GITHUB
SVC0005,31,Abdullahpur,abdullahpur,PLC0002,Abdullahpur (Jail),SRC_BUS_GITHUB
SVC0005,32,Tongi,tongi,PLC0368,Tongi (Bastuhara),SRC_BUS_GITHUB
SVC0006,1,Ansar Camp,ansar camp,PLC0008,Ansar Camp,SRC_BUS_GITHUB
SVC0006,2,Mirpur 1,mirpur 1,PLC0239,Mirpur-1,SRC_BUS_GITHUB
SVC0006,3,Sony Cinema Hall,sony cinema hall,PLC0352,Soni Cinema Hall,SRC_BUS_GITHUB
SVC0006,4,Mirpur 2,mirpur 2,PLC0245,Mirpur-2,SRC_BUS_GITHUB
SVC0006,5,Mirpur 10,mirpur 10,PLC0240,Mirpur-10,SRC_BUS_GITHUB
SVC0006,6,Mirpur 11,mirpur 11,PLC0241,Mirpur-11,SRC_BUS_GITHUB
SVC0006,7,Purobi,purobi,PLC0302,Purbi,SRC_BUS_GITHUB
SVC0006,8,Kalshi,kalshi,PLC0161,Kalshi Morh,SRC_BUS_GITHUB
SVC0006,9,ECB Square,ecb square,,,SRC_BUS_GITHUB
SVC0006,10,MES,mes,,,SRC_BUS_GITHUB
SVC0006,11,Shewra,shewra,,,SRC_BUS_GITHUB
SVC0006,12,Kuril Bishwa Road,kuril bishwa road,PLC0203,Kuril Bishwa Road,SRC_BUS_GITHUB
SVC0006,13,Jamuna Future Park,jamuna future park,PLC0139,Jamuna Future Park,SRC_BUS_GITHUB
SVC0006,14,Bashundhara,bashundhara,PLC0045,Bashundhara,SRC_BUS_GITHUB
SVC0006,15,Nadda,nadda,,,SRC_BUS_GITHUB
SVC0006,16,Notun Bazar,notun bazar,PLC0284,Notun Bazar,SRC_BUS_GITHUB
SVC0006,17,Bashtola,bashtola,,,SRC_BUS_GITHUB
SVC0006,18,Shahjadpur,shahjadpur,,,SRC_BUS_GITHUB
SVC0006,19,Uttar Badda,uttar badda,PLC0376,Uttar Badda,SRC_BUS_GITHUB
SVC0007,1,Motijheel,motijheel,PLC0263,Motijheel (Shapla Chattar),SRC_BUS_GITHUB
SVC0007,2,Gulistan,gulistan,PLC0128,Gulistan Morh,SRC_BUS_GITHUB
SVC0007,3,GPO,gpo,PLC0124,GPO,SRC_BUS_GITHUB
SVC0007,4,Paltan,paltan,PLC0291,Paltan,SRC_BUS_GITHUB
SVC0007,5,Kakrail,kakrail,PLC0155,Kakrail,SRC_BUS_GITHUB
SVC0007,6,Shantinagar,shantinagar,,,SRC_BUS_GITHUB
SVC0007,7,Malibagh Moor,malibagh,PLC0212,Malibagh,SRC_BUS_GITHUB
SVC0007,8,Mouchak,mouchak,PLC0265,Mouchak (Flyover),SRC_BUS_GITHUB
SVC0007,9,Mogbazar,mogbazar,PLC0210,Magbazar,SRC_BUS_GITHUB
SVC0007,10,Nabisco,nabisco,PLC0268,Nabisco,SRC_BUS_GITHUB
SVC0007,11,Mohakhali,mohakhali,PLC0250,Mohakhali,SRC_BUS_GITHUB
SVC0007,12,Chairman Bari,chairman bari,,,SRC_BUS_GITHUB
SVC0007,13,Kakali,kakali,,,SRC_BUS_GITHUB
SVC0007,14,Banani,banani,PLC0032,Banani,SRC_BUS_GITHUB
SVC0007,15,ECB Square,ecb square,,,SRC_BUS_GITHUB
SVC0007,16,Kalshi,kalshi,PLC0161,Kalshi Morh,SRC_BUS_GITHUB
SVC0007,17,Purobi,purobi,PLC0302,Purbi,SRC_BUS_GITHUB
SVC0007,18,Mirpur 10,mirpur 10,PLC0240,Mirpur-10,SRC_BUS_GITHUB
SVC0007,19,Mirpur 2,mirpur 2,PLC0245,Mirpur-2,SRC_BUS_GITHUB
SVC0007,20,Mirpur 1,mirpur 1,PLC0239,Mirpur-1,SRC_BUS_GITHUB
SVC0008,1,Nandan Park,nandan park,PLC0269,Nandan Park,SRC_BUS_GITHUB
SVC0008,2,Zirani Bazar,zirani bazar,PLC0147,Jirani Bazar,SRC_BUS_GITHUB
SVC0008,3,Baipayl,baipail,PLC0029,Baipail,SRC_BUS_GITHUB
SVC0008,4,Nobinagar,nobinagar,PLC0281,Nobinagar (Savar),SRC_BUS_GITHUB
SVC0008,5,Savar,savar,PLC0326,Savar,SRC_BUS_GITHUB
SVC0008,6,Hemayetpur,hemayetpur,PLC0132,Hemayetpur,SRC_BUS_GITHUB
SVC0008,7,Amin Bazar,amin bazar,PLC0006,Amin Bazar,SRC_BUS_GITHUB
SVC0008,8,Gabtoli,gabtoli,PLC0114,Gabtoli,SRC_BUS_GITHUB
SVC0008,9,Technical,technical,PLC0362,Technical,SRC_BUS_GITHUB
SVC0008,10,Kallyanpur,kalyanpur,PLC0163,Kalyanpur,SRC_BUS_GITHUB
SVC0008,11,Shyamoli,shyamoli,PLC0346,Shyamoli,SRC_BUS_GITHUB
SVC0008,12,Shishu Mela,shishu mela,PLC0343,Shishumela,SRC_BUS_GITHUB
SVC0008,13,College Gate,college gate,PLC0078,College Gate,SRC_BUS_GITHUB
SVC0008,14,Asad Gate,asad gate,PLC0012,Asad Gate,SRC_BUS_GITHUB
SVC0008,15,Khamar Bari,khamar bari,PLC0184,Khamarbari,SRC_BUS_GITHUB
SVC0008,16,Farmgate,farmgate,PLC0112,Farmgate,SRC_BUS_GITHUB
SVC0008,17,Kawran Bazar,kawran bazar,PLC0178,Kawran Bazar,SRC_BUS_GITHUB
SVC0008,18,Bangla Motor,bangla motor,PLC0037,Bangla Motor,SRC_BUS_GITHUB
SVC0008,19,Shahbag,shahbag,PLC0331,Shahbag,SRC_BUS_GITHUB
SVC0008,20,High Court,high court,PLC0133,High Court,SRC_BUS_GITHUB
SVC0008,21,Press Club,press club,PLC0298,Press Club,SRC_BUS_GITHUB
SVC0008,22,Paltan,paltan,PLC0291,Paltan,SRC_BUS_GITHUB
SVC0008,23,GPO,gpo,PLC0124,GPO,SRC_BUS_GITHUB
SVC0008,24,Gulistan,gulistan,PLC0128,Gulistan Morh,SRC_BUS_GITHUB
SVC0008,25,Motijheel,motijheel,PLC0263,Motijheel (Shapla Chattar),SRC_BUS_GITHUB
SVC0008,26,Kamalapur,kamalapur,PLC0166,Kamalapur Station,SRC_BUS_GITHUB
SVC0009,1,Mirpur 14,mirpur 14,PLC0244,Mirpur-14,SRC_BUS_GITHUB
SVC0009,2,Mirpur 10,mirpur 10,PLC0240,Mirpur-10,SRC_BUS_GITHUB
SVC0009,3,Mirpur 2,mirpur 2,PLC0245,Mirpur-2,SRC_BUS_GITHUB
SVC0009,4,Sony Cenema Hall,sony cinema hall,PLC0352,Soni Cinema Hall,SRC_BUS_GITHUB
SVC0009,5,Mirpur 1,mirpur 1,PLC0239,Mirpur-1,SRC_BUS_GITHUB
SVC0009,6,Mazar Road,mazar road,PLC0226,Mazar Road,SRC_BUS_GITHUB
SVC0009,7,Konabari,konabari,PLC0197,Konabari,SRC_BUS_GITHUB
SVC0009,8,Rupnagar,rupnagar,,,SRC_BUS_GITHUB
SVC0009,9,Beribadh,beribadh,PLC0050,Beribadh,SRC_BUS_GITHUB
SVC0009,10,Birulia,birulia,,,SRC_BUS_GITHUB
SVC0009,11,Ashulia,ashulia,PLC0015,Ashulia (Fantasy Kingdom),SRC_BUS_GITHUB
SVC0009,12,Zirabo,zirabo,PLC0385,Zirab,SRC_BUS_GITHUB
SVC0009,13,Fantasy Kingdom,fantasy kingdom,PLC0111,Fantasy Kingdom,SRC_BUS_GITHUB
SVC0009,14,Nandan Park,nandan park,PLC0269,Nandan Park,SRC_BUS_GITHUB
SVC0010,1,Shia Mosque,shia mosque,,,SRC_BUS_GITHUB
SVC0010,2,Japan Garden City,japan garden city,PLC0140,Japan Garden City,SRC_BUS_GITHUB
SVC0010,3,Adabor,adabor,,,SRC_BUS_GITHUB
SVC0010,4,Shyamoli,shyamoli,PLC0346,Shyamoli,SRC_BUS_GITHUB
SVC0010,5,Shishu Mela,shishu mela,PLC0343,Shishumela,SRC_BUS_GITHUB
SVC0010,6,Agargaon,agargaon,PLC0004,Agargaon,SRC_BUS_GITHUB
SVC0010,7,Zia Uddyan,zia uddyan,,,SRC_BUS_GITHUB
SVC0010,8,Bijoy Sarani,bijoy sarani,PLC0057,Bijay Smarani,SRC_BUS_GITHUB
SVC0010,9,Jahangir Gate,jahangir gate,,,SRC_BUS_GITHUB
SVC0010,10,Mohakhali,mohakhali,PLC0250,Mohakhali,SRC_BUS_GITHUB
SVC0010,11,Wireless,wireless,,,SRC_BUS_GITHUB
SVC0010,12,Gulshan 1,gulshan 1,PLC0129,Gulshan-1,SRC_BUS_GITHUB
SVC0010,13,Badda Link Road,badda link road,PLC0024,Badda Link Road,SRC_BUS_GITHUB
SVC0010,14,Madhya Badda,madhya badda,,,SRC_BUS_GITHUB
SVC0010,15,Merul,merul,,,SRC_BUS_GITHUB
SVC0010,16,Rampura Bridge,rampura bridge,PLC0314,Rampura Bridge,SRC_BUS_GITHUB
SVC0010,17,Banasree,banasree,,,SRC_BUS_GITHUB
SVC0011,1,Mirpur 1,mirpur 1,PLC0239,Mirpur-1,SRC_BUS_GITHUB
SVC0011,2,Mirpur 2,mirpur 2,PLC0245,Mirpur-2,SRC_BUS_GITHUB
SVC0011,3,Mirpur 10,mirpur 10,PLC0240,Mirpur-10,SRC_BUS_GITHUB
SVC0011,4,Kazipara,kazipara,PLC0179,Kazipara,SRC_BUS_GITHUB
SVC0011,5,Shewrapara,shewrapara,PLC0340,Shewrapara,SRC_BUS_GITHUB
SVC0011,6,Agargaon,agargaon,PLC0004,Agargaon,SRC_BUS_GITHUB
SVC0011,7,Bijoy Sarani,bijoy sarani,PLC0057,Bijay Smarani,SRC_BUS_GITHUB
SVC0011,8,Jahangir Gate,jahangir gate,,,SRC_BUS_GITHUB
SVC0011,9,Mohakhali,mohakhali,PLC0250,Mohakhali,SRC_BUS_GITHUB
SVC0011,10,Wireless,wireless,,,SRC_BUS_GITHUB
SVC0011,11,Gulshan 1,gulshan 1,PLC0129,Gulshan-1,SRC_BUS_GITHUB
SVC0011,12,Badda Link Road,badda link road,PLC0024,Badda Link Road,SRC_BUS_GITHUB
SVC0011,13,Madhya Badda,madhya badda,,,SRC_BUS_GITHUB
SVC0011,14,Merul,merul,,,SRC_BUS_GITHUB
SVC0011,15,Rampura Bridge,rampura bridge,PLC0314,Rampura Bridge,SRC_BUS_GITHUB
SVC0011,16,Banasree,banasree,,,SRC_BUS_GITHUB
SVC0012,1,Japan Garden City,japan garden city,PLC0140,Japan Garden City,SRC_BUS_GITHUB
SVC0012,2,Ring Road,ring road,,,SRC_BUS_GITHUB
SVC0012,3,Adabor,adabor,,,SRC_BUS_GITHUB
SVC0012,4,Shyamoli,shyamoli,PLC0346,Shyamoli,SRC_BUS_GITHUB
SVC0012,5,Shishu Mela,shishu mela,PLC0343,Shishumela,SRC_BUS_GITHUB
SVC0012,6,Agargaon,agargaon,PLC0004,Agargaon,SRC_BUS_GITHUB
SVC0012,7,Zia Uddyan,zia uddyan,,,SRC_BUS_GITHUB
SVC0012,8,Bijoy Sarani,bijoy sarani,PLC0057,Bijay Smarani,SRC_BUS_GITHUB
SVC0012,9,Old Airport,old airport,,,SRC_BUS_GITHUB
SVC0012,10,Jahangir Gate,jahangir gate,,,SRC_BUS_GITHUB
SVC0012,11,Mohakhali,mohakhali,PLC0250,Mohakhali,SRC_BUS_GITHUB
SVC0012,12,Chairman Bari,chairman bari,,,SRC_BUS_GITHUB
SVC0012,13,Sainik Club,sainik club,PLC0324,Sainik Club,SRC_BUS_GITHUB
SVC0012,14,kakali,kakali,,,SRC_BUS_GITHUB
SVC0012,15,Banani,banani,PLC0032,Banani,SRC_BUS_GITHUB
SVC0012,16,Staff Road,staff road,PLC0356,Staff Road,SRC_BUS_GITHUB
SVC0012,17,MES,mes,,,SRC_BUS_GITHUB
SVC0012,18,Shewra,shewra,,,SRC_BUS_GITHUB
SVC0012,19,Kuril Bishwa Road,kuril bishwa road,PLC0203,Kuril Bishwa Road,SRC_BUS_GITHUB
SVC0012,20,Khilkhet,khilkhet,PLC0193,Khilkhet,SRC_BUS_GITHUB
SVC0012,21,Airport,airport,PLC0005,Airport,SRC_BUS_GITHUB
SVC0012,22,Jashimuddin (Uttara),jashimuddin,PLC0142,Jasimuddin,SRC_BUS_GITHUB
SVC0012,23,Rajlakshmi,rajlakshmi,,,SRC_BUS_GITHUB
SVC0012,24,Azampur,azampur,PLC0017,Azampur,SRC_BUS_GITHUB
SVC0012,25,House Building,house building,PLC0135,House Building,SRC_BUS_GITHUB
SVC0012,26,Abdullahpur,abdullahpur,PLC0002,Abdullahpur (Jail),SRC_BUS_GITHUB
SVC0013,1,Sign Board,sign board,PLC0348,Signboard,SRC_BUS_GITHUB
SVC0013,2,Shonir Akhra,shonir akhra,PLC0332,Shanir Akhra,SRC_BUS_GITHUB
SVC0013,3,Jatrabari,jatrabari,PLC0143,Jatrabari,SRC_BUS_GITHUB
SVC0013,4,Sayedabad,sayedabad,PLC0327,Sayedabad,SRC_BUS_GITHUB
SVC0013,5,Mugdapara,mugdapara,,,SRC_BUS_GITHUB
SVC0013,6,Bashabo,bashabo,PLC0044,Basabo,SRC_BUS_GITHUB
SVC0013,7,Khilgaon,khilgaon,,,SRC_BUS_GITHUB
SVC0013,8,Malibagh Railgate,malibagh railgate,,,SRC_BUS_GITHUB
SVC0013,9,Hazipara,hazipara,PLC0179,Kazipara,SRC_BUS_GITHUB
SVC0013,10,Rampura Bazar,rampura bazar,,,SRC_BUS_GITHUB
SVC0013,11,Rampura Bridge,rampura bridge,PLC0314,Rampura Bridge,SRC_BUS_GITHUB
SVC0013,12,Merul,merul,,,SRC_BUS_GITHUB
SVC0013,13,Badda,badda,PLC0023,Badda,SRC_BUS_GITHUB
SVC0013,14,Uttar Badda,uttar badda,PLC0376,Uttar Badda,SRC_BUS_GITHUB
SVC0013,15,Shahjadpur,shahjadpur,,,SRC_BUS_GITHUB
SVC0013,16,Bashtola -,bashtola,,,SRC_BUS_GITHUB
SVC0013,17,Notun Bazar,notun bazar,PLC0284,Notun Bazar,SRC_BUS_GITHUB
SVC0013,18,Nadda,nadda,,,SRC_BUS_GITHUB
SVC0013,19,Bashundhara,bashundhara,PLC0045,Bashundhara,SRC_BUS_GITHUB
SVC0013,20,Jamuna Future Park,jamuna future park,PLC0139,Jamuna Future Park,SRC_BUS_GITHUB
SVC0013,21,Kuril Bishwa Road,kuril bishwa road,PLC0203,Kuril Bishwa Road,SRC_BUS_GITHUB
SVC0013,22,Khilkhet,khilkhet,PLC0193,Khilkhet,SRC_BUS_GITHUB
SVC0013,23,Airport,airport,PLC0005,Airport,SRC_BUS_GITHUB
SVC0013,24,Jashimuddin (Uttara),jashimuddin,PLC0142,Jasimuddin,SRC_BUS_GITHUB
SVC0013,25,Rajlakshmi,rajlakshmi,,,SRC_BUS_GITHUB
SVC0013,26,Azampur,azampur,PLC0017,Azampur,SRC_BUS_GITHUB
SVC0013,27,House Building,house building,PLC0135,House Building,SRC_BUS_GITHUB
SVC0013,28,Abdullahpur,abdullahpur,PLC0002,Abdullahpur (Jail),SRC_BUS_GITHUB
SVC0013,29,Tongi,tongi,PLC0368,Tongi (Bastuhara),SRC_BUS_GITHUB
SVC0013,30,Station Road,road,,,SRC_BUS_GITHUB
SVC0013,31,Mill Gate,mill gate,,,SRC_BUS_GITHUB
SVC0013,32,Board Bazar,board bazar,PLC0061,Board Bazar,SRC_BUS_GITHUB
SVC0013,33,Gazipur Bypass,gazipur bypass,,,SRC_BUS_GITHUB
SVC0013,34,Gazipur Chourasta,gazipur chourasta,,,SRC_BUS_GITHUB
SVC0014,1,Hemayetpur,hemayetpur,PLC0132,Hemayetpur,SRC_BUS_GITHUB
SVC0014,2,Amin Bazar,amin bazar,PLC0006,Amin Bazar,SRC_BUS_GITHUB
SVC0014,3,Gabtoli,gabtoli,PLC0114,Gabtoli,SRC_BUS_GITHUB
SVC0014,4,Technical,technical,PLC0362,Technical,SRC_BUS_GITHUB
SVC0014,5,Kallyanpur,kalyanpur,PLC0163,Kalyanpur,SRC_BUS_GITHUB
SVC0014,6,Shyamoli,shyamoli,PLC0346,Shyamoli,SRC_BUS_GITHUB
SVC0014,7,Shishu Mela,shishu mela,PLC0343,Shishumela,SRC_BUS_GITHUB
SVC0014,8,Agargaon,agargaon,PLC0004,Agargaon,SRC_BUS_GITHUB
SVC0014,9,Zia Uddyan,zia uddyan,,,SRC_BUS_GITHUB
SVC0014,10,Bijoy Sarani,bijoy sarani,PLC0057,Bijay Smarani,SRC_BUS_GITHUB
SVC0014,11,Jahangir Gate,jahangir gate,,,SRC_BUS_GITHUB
SVC0014,12,Mohakhali,mohakhali,PLC0250,Mohakhali,SRC_BUS_GITHUB
SVC0014,13,Wireless,wireless,,,SRC_BUS_GITHUB
SVC0014,14,Gulshan 1,gulshan 1,PLC0129,Gulshan-1,SRC_BUS_GITHUB
SVC0014,15,Badda Link Road,badda link road,PLC0024,Badda Link Road,SRC_BUS_GITHUB
SVC0014,16,Madhya Badda,madhya badda,,,SRC_BUS_GITHUB
SVC0014,17,Merul,merul,,,SRC_BUS_GITHUB
SVC0014,18,Rampura Bridge,rampura bridge,PLC0314,Rampura Bridge,SRC_BUS_GITHUB
SVC0014,19,Banasree,banasree,,,SRC_BUS_GITHUB
SVC0014,20,Demra Staff Quarter,demra staff quarter,PLC0084,Demra Staff Quarter,SRC_BUS_GITHUB
SVC0015,1,Duaripara,duaripara,PLC0102,Duyaripara,SRC_BUS_GITHUB
SVC0015,2,Rupnagar Abashik,rupnagar abashik,,,SRC_BUS_GITHUB
SVC0015,3,Shiyal Bari,shiyal bari,PLC0342,Shialbari,SRC_BUS_GITHUB
SVC0015,4,Proshika Moor,proshika,PLC0297,Prashika,SRC_BUS_GITHUB
SVC0015,5,Mirpur 2,mirpur 2,PLC0245,Mirpur-2,SRC_BUS_GITHUB
SVC0015,6,Mirpur 1,mirpur 1,PLC0239,Mirpur-1,SRC_BUS_GITHUB
SVC0015,7,Ansar Camp,ansar camp,PLC0008,Ansar Camp,SRC_BUS_GITHUB
SVC0015,8,Technical,technical,PLC0362,Technical,SRC_BUS_GITHUB
SVC0015,9,Kallyanpur,kalyanpur,PLC0163,Kalyanpur,SRC_BUS_GITHUB
SVC0015,10,Shyamoli,shyamoli,PLC0346,Shyamoli,SRC_BUS_GITHUB
SVC0015,11,Shishu Mela,shishu mela,PLC0343,Shishumela,SRC_BUS_GITHUB
SVC0015,12,College Gate,college gate,PLC0078,College Gate,SRC_BUS_GITHUB
SVC0015,13,Asad Gate,asad gate,PLC0012,Asad Gate,SRC_BUS_GITHUB
SVC0015,14,Dhanmondi 27,dhanmondi 27,,,SRC_BUS_GITHUB
SVC0015,15,Shukrabad,shukrabad,PLC0344,Shukrabad,SRC_BUS_GITHUB
SVC0015,16,Dhanmondi 32,dhanmondi 32,,,SRC_BUS_GITHUB
SVC0015,17,Kalabagan,kalabagan,PLC0156,Kalabagan,SRC_BUS_GITHUB
SVC0015,18,City College,city college,PLC0077,City College,SRC_BUS_GITHUB
SVC0015,19,New Market,new market,PLC0279,New Market,SRC_BUS_GITHUB
SVC0015,20,Nilkhet,nilkhet,PLC0280,Nilkhet,SRC_BUS_GITHUB
SVC0015,21,Azimpur,azimpur,PLC0019,Azimpur (Dhakeswari),SRC_BUS_GITHUB
SVC0016,1,Nobinagar,nobinagar,PLC0281,Nobinagar (Savar),SRC_BUS_GITHUB
SVC0016,2,Baipayl,baipail,PLC0029,Baipail,SRC_BUS_GITHUB
SVC0016,3,Jamgora,jamgora,,,SRC_BUS_GITHUB
SVC0016,4,Fantasy Kingdom,fantasy kingdom,PLC0111,Fantasy Kingdom,SRC_BUS_GITHUB
SVC0016,5,Zirabo,zirabo,PLC0385,Zirab,SRC_BUS_GITHUB
SVC0016,6,Ashulia Bazar,ashulia bazar,,,SRC_BUS_GITHUB
SVC0016,7,Kamarpara,kamarpara,PLC0169,Kamarpara,SRC_BUS_GITHUB
SVC0016,8,Abdullahpur,abdullahpur,PLC0002,Abdullahpur (Jail),SRC_BUS_GITHUB
SVC0016,9,House Building,house building,PLC0135,House Building,SRC_BUS_GITHUB
SVC0016,10,Azampur,azampur,PLC0017,Azampur,SRC_BUS_GITHUB
SVC0016,11,Rajlakshmi,rajlakshmi,,,SRC_BUS_GITHUB
SVC0016,12,Jashimuddin (Uttara),jashimuddin,PLC0142,Jasimuddin,SRC_BUS_GITHUB
SVC0016,13,Airport,airport,PLC0005,Airport,SRC_BUS_GITHUB
SVC0016,14,Khilkhet,khilkhet,PLC0193,Khilkhet,SRC_BUS_GITHUB
SVC0016,15,Kuril Bishwa Road,kuril bishwa road,PLC0203,Kuril Bishwa Road,SRC_BUS_GITHUB
SVC0016,16,Shewra,shewra,,,SRC_BUS_GITHUB
SVC0016,17,MES,mes,,,SRC_BUS_GITHUB
SVC0016,18,Kakali,kakali,,,SRC_BUS_GITHUB
SVC0016,19,Banani,banani,PLC0032,Banani,SRC_BUS_GITHUB
SVC0016,20,Chairman Bari,chairman bari,,,SRC_BUS_GITHUB
SVC0016,21,Mohakhali,mohakhali,PLC0250,Mohakhali,SRC_BUS_GITHUB
SVC0016,22,Nabisco,nabisco,PLC0268,Nabisco,SRC_BUS_GITHUB
SVC0016,23,Sat rasta,sat rasta,PLC0325,Satrasta,SRC_BUS_GITHUB
SVC0017,1,Dhour,dhour,,,SRC_BUS_GITHUB
SVC0017,2,Abdullahpur,abdullahpur,PLC0002,Abdullahpur (Jail),SRC_BUS_GITHUB
SVC0017,3,House Building,house building,PLC0135,House Building,SRC_BUS_GITHUB
SVC0017,4,Azampur,azampur,PLC0017,Azampur,SRC_BUS_GITHUB
SVC0017,5,Rajlakshmi,rajlakshmi,,,SRC_BUS_GITHUB
SVC0017,6,Jashimuddin (Uttara),jashimuddin,PLC0142,Jasimuddin,SRC_BUS_GITHUB
SVC0017,7,Airport,airport,PLC0005,Airport,SRC_BUS_GITHUB
SVC0017,8,Khilkhet,khilkhet,PLC0193,Khilkhet,SRC_BUS_GITHUB
SVC0017,9,Kuril Bishwa Road,kuril bishwa road,PLC0203,Kuril Bishwa Road,SRC_BUS_GITHUB
SVC0017,10,Jamuna Future Park,jamuna future park,PLC0139,Jamuna Future Park,SRC_BUS_GITHUB
SVC0017,11,Bashundhara,bashundhara,PLC0045,Bashundhara,SRC_BUS_GITHUB
SVC0017,12,Nadda,nadda,,,SRC_BUS_GITHUB
SVC0017,13,Notun Bazar,notun bazar,PLC0284,Notun Bazar,SRC_BUS_GITHUB
SVC0017,14,Bashtola,bashtola,,,SRC_BUS_GITHUB
SVC0017,15,Shahjadpur,shahjadpur,,,SRC_BUS_GITHUB
SVC0017,16,Uttar Badda,uttar badda,PLC0376,Uttar Badda,SRC_BUS_GITHUB
SVC0017,17,Badda,badda,PLC0023,Badda,SRC_BUS_GITHUB
SVC0017,18,Madhya Badda,madhya badda,,,SRC_BUS_GITHUB
SVC0017,19,Merul,merul,,,SRC_BUS_GITHUB
SVC0017,20,Rampura Bridge,rampura bridge,PLC0314,Rampura Bridge,SRC_BUS_GITHUB
SVC0017,21,Banasree,banasree,,,SRC_BUS_GITHUB
SVC0017,22,Demra Staff Quarter,demra staff quarter,PLC0084,Demra Staff Quarter,SRC_BUS_GITHUB
SVC0017,23,Tarabo,tarabo,,,SRC_BUS_GITHUB
SVC0017,24,Madanpur,madanpur,PLC0209,Madanpur,SRC_BUS_GITHUB
SVC0018,1,Mohammadpur Bus Stand,mohammadpur bus stand,PLC0257,Mohammadpur Bus Stand,SRC_BUS_GITHUB
SVC0018,2,Asad Gate,asad gate,PLC0012,Asad Gate,SRC_BUS_GITHUB
SVC0018,3,Shukrabad,shukrabad,PLC0344,Shukrabad,SRC_BUS_GITHUB
SVC0018,4,Kalabagan City College,kalabagan city college,,,SRC_BUS_GITHUB
SVC0018,5,Science Lab,science lab,PLC0329,Science Lab,SRC_BUS_GITHUB
SVC0018,6,Katabon,katabon,PLC0177,Katabon,SRC_BUS_GITHUB
SVC0018,7,Bata Signal,bata signal,,,SRC_BUS_GITHUB
SVC0018,8,Shahbag,shahbag,PLC0331,Shahbag,SRC_BUS_GITHUB
SVC0018,9,Matsya Bhaban,matsya bhaban,PLC0222,Matsya Bhaban,SRC_BUS_GITHUB
SVC0018,10,High Court,high court,PLC0133,High Court,SRC_BUS_GITHUB
SVC0018,11,Press Club,press club,PLC0298,Press Club,SRC_BUS_GITHUB
SVC0018,12,Paltan,paltan,PLC0291,Paltan,SRC_BUS_GITHUB
SVC0018,13,GPO,gpo,PLC0124,GPO,SRC_BUS_GITHUB
SVC0018,14,Gulistan,gulistan,PLC0128,Gulistan Morh,SRC_BUS_GITHUB
SVC0018,15,Arambagh Notre Dame College,arambagh notre dame college,,,SRC_BUS_GITHUB
SVC0019,1,Chiriyakhana,chiriyakhana,,,SRC_BUS_GITHUB
SVC0019,2,Sony Cinema Hall,sony cinema hall,PLC0352,Soni Cinema Hall,SRC_BUS_GITHUB
SVC0019,3,Mirpur 2,mirpur 2,PLC0245,Mirpur-2,SRC_BUS_GITHUB
SVC0019,4,Mirpur 10,mirpur 10,PLC0240,Mirpur-10,SRC_BUS_GITHUB
SVC0019,5,Kazipara,kazipara,PLC0179,Kazipara,SRC_BUS_GITHUB
SVC0019,6,Shewrapara,shewrapara,PLC0340,Shewrapara,SRC_BUS_GITHUB
SVC0019,7,Taltola,taltola,,,SRC_BUS_GITHUB
SVC0019,8,Agargaon,agargaon,PLC0004,Agargaon,SRC_BUS_GITHUB
SVC0019,9,Khamar Bari,khamar bari,PLC0184,Khamarbari,SRC_BUS_GITHUB
SVC0019,10,Farmgate,farmgate,PLC0112,Farmgate,SRC_BUS_GITHUB
SVC0019,11,Kawran Bazar,kawran bazar,PLC0178,Kawran Bazar,SRC_BUS_GITHUB
SVC0019,12,Bangla Motor,bangla motor,PLC0037,Bangla Motor,SRC_BUS_GITHUB
SVC0019,13,Mogbazar,mogbazar,PLC0210,Magbazar,SRC_BUS_GITHUB
SVC0019,14,Mouchak,mouchak,PLC0265,Mouchak (Flyover),SRC_BUS_GITHUB
SVC0019,15,Malibagh Moor,malibagh,PLC0212,Malibagh,SRC_BUS_GITHUB
SVC0019,16,Rajarbag,rajarbag,PLC0305,Rajarbagh,SRC_BUS_GITHUB
SVC0019,17,Kamalapur,kamalapur,PLC0166,Kamalapur Station,SRC_BUS_GITHUB
SVC0020,1,Mirpur 14,mirpur 14,PLC0244,Mirpur-14,SRC_BUS_GITHUB
SVC0020,2,Mirpur 10,mirpur 10,PLC0240,Mirpur-10,SRC_BUS_GITHUB
SVC0020,3,Mirpur 2,mirpur 2,PLC0245,Mirpur-2,SRC_BUS_GITHUB
SVC0020,4,Mirpur 1,mirpur 1,PLC0239,Mirpur-1,SRC_BUS_GITHUB
SVC0020,5,Ansar Camp,ansar camp,PLC0008,Ansar Camp,SRC_BUS_GITHUB
SVC0020,6,Bangla College,bangla college,PLC0036,Bangla College,SRC_BUS_GITHUB
SVC0020,7,Technical,technical,PLC0362,Technical,SRC_BUS_GITHUB
SVC0020,8,Darussalam,darussalam,PLC0080,Darussalam,SRC_BUS_GITHUB
SVC0020,9,Kallyanpur,kalyanpur,PLC0163,Kalyanpur,SRC_BUS_GITHUB
SVC0020,10,Shyamoli,shyamoli,PLC0346,Shyamoli,SRC_BUS_GITHUB
SVC0020,11,Asad Gate,asad gate,PLC0012,Asad Gate,SRC_BUS_GITHUB
SVC0020,12,Dhanmondi 27,dhanmondi 27,,,SRC_BUS_GITHUB
SVC0020,13,Dhanmondi 32 Kalabagan,dhanmondi 32 kalabagan,,,SRC_BUS_GITHUB
SVC0020,14,Science Lab,science lab,PLC0329,Science Lab,SRC_BUS_GITHUB
SVC0020,15,Katabon,katabon,PLC0177,Katabon,SRC_BUS_GITHUB
SVC0020,16,Shahbag,shahbag,PLC0331,Shahbag,SRC_BUS_GITHUB
SVC0020,17,High Court,high court,PLC0133,High Court,SRC_BUS_GITHUB
SVC0020,18,Press Club,press club,PLC0298,Press Club,SRC_BUS_GITHUB
SVC0020,19,Paltan,paltan,PLC0291,Paltan,SRC_BUS_GITHUB
SVC0020,20,Dainik Bangla Moor,dainik bangla,,,SRC_BUS_GITHUB
SVC0020,21,Motijheel,motijheel,PLC0263,Motijheel (Shapla Chattar),SRC_BUS_GITHUB
SVC0020,22,Arambagh,arambagh,PLC0010,Arambagh,SRC_BUS_GITHUB
SVC0020,23,Kamlapur,kamlapur,PLC0166,Kamalapur Station,SRC_BUS_GITHUB
SVC0020,24,Mugdapara,mugdapara,,,SRC_BUS_GITHUB
SVC0020,25,Bashabo,bashabo,PLC0044,Basabo,SRC_BUS_GITHUB
SVC0020,26,Khilgaon,khilgaon,,,SRC_BUS_GITHUB
SVC0021,1,Savar,savar,PLC0326,Savar,SRC_BUS_GITHUB
SVC0021,2,Hemayetpur,hemayetpur,PLC0132,Hemayetpur,SRC_BUS_GITHUB
SVC0021,3,Amin Bazar,amin bazar,PLC0006,Amin Bazar,SRC_BUS_GITHUB
SVC0021,4,Gabtoli,gabtoli,PLC0114,Gabtoli,SRC_BUS_GITHUB
SVC0021,5,Technical,technical,PLC0362,Technical,SRC_BUS_GITHUB
SVC0021,6,Kallyanpur,kalyanpur,PLC0163,Kalyanpur,SRC_BUS_GITHUB
SVC0021,7,Shyamoli,shyamoli,PLC0346,Shyamoli,SRC_BUS_GITHUB
SVC0021,8,Shishu Mela,shishu mela,PLC0343,Shishumela,SRC_BUS_GITHUB
SVC0021,9,Agargaon,agargaon,PLC0004,Agargaon,SRC_BUS_GITHUB
SVC0021,10,Bijoy Sarani,bijoy sarani,PLC0057,Bijay Smarani,SRC_BUS_GITHUB
SVC0021,11,Jahangir Gate,jahangir gate,,,SRC_BUS_GITHUB
SVC0021,12,Mohakhali,mohakhali,PLC0250,Mohakhali,SRC_BUS_GITHUB
SVC0021,13,Gulshan 1,gulshan 1,PLC0129,Gulshan-1,SRC_BUS_GITHUB
SVC0021,14,Badda Link Road,badda link road,PLC0024,Badda Link Road,SRC_BUS_GITHUB
SVC0021,15,Bashtola,bashtola,,,SRC_BUS_GITHUB
SVC0021,16,Uttar Badda,uttar badda,PLC0376,Uttar Badda,SRC_BUS_GITHUB
SVC0021,17,Notun Bazar,notun bazar,PLC0284,Notun Bazar,SRC_BUS_GITHUB
SVC0022,1,Sayedabad,sayedabad,PLC0327,Sayedabad,SRC_BUS_GITHUB
SVC0022,2,Manik Nagar,manik nagar,PLC0220,Maniknagar,SRC_BUS_GITHUB
SVC0022,3,TT Para,tt para,PLC0359,T&T Para,SRC_BUS_GITHUB
SVC0022,4,Kamalapur,kamalapur,PLC0166,Kamalapur Station,SRC_BUS_GITHUB
SVC0022,5,Malibagh Moor,malibagh,PLC0212,Malibagh,SRC_BUS_GITHUB
SVC0022,6,Mouchak,mouchak,PLC0265,Mouchak (Flyover),SRC_BUS_GITHUB
SVC0022,7,Mogbazar,mogbazar,PLC0210,Magbazar,SRC_BUS_GITHUB
SVC0022,8,Satrasta,satrasta,PLC0325,Satrasta,SRC_BUS_GITHUB
SVC0022,9,Nabisco,nabisco,PLC0268,Nabisco,SRC_BUS_GITHUB
SVC0022,10,Mohakhali,mohakhali,PLC0250,Mohakhali,SRC_BUS_GITHUB
SVC0022,11,Chairman Bari,chairman bari,,,SRC_BUS_GITHUB
SVC0022,12,Banani,banani,PLC0032,Banani,SRC_BUS_GITHUB
SVC0022,13,Kakali,kakali,,,SRC_BUS_GITHUB
SVC0022,14,Staff Road,staff road,PLC0356,Staff Road,SRC_BUS_GITHUB
SVC0022,15,MES,mes,,,SRC_BUS_GITHUB
SVC0022,16,Shewra,shewra,,,SRC_BUS_GITHUB
SVC0022,17,Kuril Bishwa Road,kuril bishwa road,PLC0203,Kuril Bishwa Road,SRC_BUS_GITHUB
SVC0022,18,Khilkhet,khilkhet,PLC0193,Khilkhet,SRC_BUS_GITHUB
SVC0022,19,Airport,airport,PLC0005,Airport,SRC_BUS_GITHUB
SVC0022,20,Jashimuddin (Uttara),jashimuddin,PLC0142,Jasimuddin,SRC_BUS_GITHUB
SVC0022,21,Rajlakshmi,rajlakshmi,,,SRC_BUS_GITHUB
SVC0022,22,Azampur,azampur,PLC0017,Azampur,SRC_BUS_GITHUB
SVC0022,23,House Building,house building,PLC0135,House Building,SRC_BUS_GITHUB
SVC0022,24,Abdullahpur,abdullahpur,PLC0002,Abdullahpur (Jail),SRC_BUS_GITHUB
SVC0022,25,Tongi,tongi,PLC0368,Tongi (Bastuhara),SRC_BUS_GITHUB
SVC0022,26,Station Road,road,,,SRC_BUS_GITHUB
SVC0022,27,Mill Gate,mill gate,,,SRC_BUS_GITHUB
SVC0022,28,Board Bazar,board bazar,PLC0061,Board Bazar,SRC_BUS_GITHUB
SVC0022,29,Gazipur Bypass,gazipur bypass,,,SRC_BUS_GITHUB
SVC0022,30,Gazipur Chourasta,gazipur chourasta,,,SRC_BUS_GITHUB
SVC0023,1,Gabtoli,gabtoli,PLC0114,Gabtoli,SRC_BUS_GITHUB
SVC0023,2,Technical,technical,PLC0362,Technical,SRC_BUS_GITHUB
SVC0023,3,Kallyanpur,kalyanpur,PLC0163,Kalyanpur,SRC_BUS_GITHUB
SVC0023,4,Shyamoli,shyamoli,PLC0346,Shyamoli,SRC_BUS_GITHUB
SVC0023,5,Shishu Mela,shishu mela,PLC0343,Shishumela,SRC_BUS_GITHUB
SVC0023,6,College Gate,college gate,PLC0078,College Gate,SRC_BUS_GITHUB
SVC0023,7,Asad Gate,asad gate,PLC0012,Asad Gate,SRC_BUS_GITHUB
SVC0023,8,Manik Mia Avenue,manik mia avenue,PLC0216,Manik Mia Avenue,SRC_BUS_GITHUB
SVC0023,9,Khamar Bari,khamar bari,PLC0184,Khamarbari,SRC_BUS_GITHUB
SVC0023,10,Farmgate,farmgate,PLC0112,Farmgate,SRC_BUS_GITHUB
SVC0023,11,Kawran Bazar,kawran bazar,PLC0178,Kawran Bazar,SRC_BUS_GITHUB
SVC0023,12,Bangla Motor Shahbag,bangla motor shahbag,,,SRC_BUS_GITHUB
SVC0023,13,Matsya Bhaban,matsya bhaban,PLC0222,Matsya Bhaban,SRC_BUS_GITHUB
SVC0023,14,High Court,high court,PLC0133,High Court,SRC_BUS_GITHUB
SVC0023,15,Press Club,press club,PLC0298,Press Club,SRC_BUS_GITHUB
SVC0023,16,Paltan,paltan,PLC0291,Paltan,SRC_BUS_GITHUB
SVC0023,17,GPO,gpo,PLC0124,GPO,SRC_BUS_GITHUB
SVC0023,18,Golap Shah Mazar,golap shah mazar,PLC0123,Golapshah Mazar (Fulbaria),SRC_BUS_GITHUB
SVC0023,19,Naya Bazar,naya bazar,PLC0277,Nayabazar (No. 2 Buriganga Bridge),SRC_BUS_GITHUB
SVC0023,20,Babubazar,babubazar,PLC0020,Babu Bazar,SRC_BUS_GITHUB
SVC0023,21,Keraniganj,keraniganj,PLC0182,Keraniganj (New Jail),SRC_BUS_GITHUB
SVC0023,22,Maowa,maowa,,,SRC_BUS_GITHUB
SVC0024,1,Gabtoli,gabtoli,PLC0114,Gabtoli,SRC_BUS_GITHUB
SVC0024,2,Mirpur 1,mirpur 1,PLC0239,Mirpur-1,SRC_BUS_GITHUB
SVC0024,3,Sony Cinema Hall,sony cinema hall,PLC0352,Soni Cinema Hall,SRC_BUS_GITHUB
SVC0024,4,Mirpur 2,mirpur 2,PLC0245,Mirpur-2,SRC_BUS_GITHUB
SVC0024,5,Mirpur 10,mirpur 10,PLC0240,Mirpur-10,SRC_BUS_GITHUB
SVC0024,6,Mirpur 11,mirpur 11,PLC0241,Mirpur-11,SRC_BUS_GITHUB
SVC0024,7,Purobi,purobi,PLC0302,Purbi,SRC_BUS_GITHUB
SVC0024,8,Kalshi,kalshi,PLC0161,Kalshi Morh,SRC_BUS_GITHUB
SVC0024,9,ECB Square,ecb square,,,SRC_BUS_GITHUB
SVC0024,10,MES,mes,,,SRC_BUS_GITHUB
SVC0024,11,Shewra,shewra,,,SRC_BUS_GITHUB
SVC0024,12,Kuril Bishwa Road,kuril bishwa road,PLC0203,Kuril Bishwa Road,SRC_BUS_GITHUB
SVC0024,13,Khilkhet,khilkhet,PLC0193,Khilkhet,SRC_BUS_GITHUB
SVC0024,14,Airport,airport,PLC0005,Airport,SRC_BUS_GITHUB
SVC0024,15,Jashimuddin (Uttara),jashimuddin,PLC0142,Jasimuddin,SRC_BUS_GITHUB
SVC0024,16,Rajlakshmi,rajlakshmi,,,SRC_BUS_GITHUB
SVC0024,17,Azampur,azampur,PLC0017,Azampur,SRC_BUS_GITHUB
SVC0024,18,House Building,house building,PLC0135,House Building,SRC_BUS_GITHUB
SVC0024,19,Abdullahpur,abdullahpur,PLC0002,Abdullahpur (Jail),SRC_BUS_GITHUB
SVC0024,20,Tongi,tongi,PLC0368,Tongi (Bastuhara),SRC_BUS_GITHUB
SVC0024,21,Station Road,road,,,SRC_BUS_GITHUB
SVC0024,22,Mill Gate,mill gate,,,SRC_BUS_GITHUB
SVC0024,23,Board Bazar,board bazar,PLC0061,Board Bazar,SRC_BUS_GITHUB
SVC0024,24,Gazipur Chourasta,gazipur chourasta,,,SRC_BUS_GITHUB
SVC0025,1,Azimpur,azimpur,PLC0019,Azimpur (Dhakeswari),SRC_BUS_GITHUB
SVC0025,2,Nilkhet,nilkhet,PLC0280,Nilkhet,SRC_BUS_GITHUB
SVC0025,3,New Market,new market,PLC0279,New Market,SRC_BUS_GITHUB
SVC0025,4,City College,city college,PLC0077,City College,SRC_BUS_GITHUB
SVC0025,5,Kalabagan,kalabagan,PLC0156,Kalabagan,SRC_BUS_GITHUB
SVC0025,6,Dhanmondi 32,dhanmondi 32,,,SRC_BUS_GITHUB
SVC0025,7,Dhanmondi 27,dhanmondi 27,,,SRC_BUS_GITHUB
SVC0025,8,Khamar Bari,khamar bari,PLC0184,Khamarbari,SRC_BUS_GITHUB
SVC0025,9,Farmgate,farmgate,PLC0112,Farmgate,SRC_BUS_GITHUB
SVC0025,10,Jahangir Gate,jahangir gate,,,SRC_BUS_GITHUB
SVC0025,11,Mohakhali,mohakhali,PLC0250,Mohakhali,SRC_BUS_GITHUB
SVC0025,12,Chairman Bari,chairman bari,,,SRC_BUS_GITHUB
SVC0025,13,Sainik Club,sainik club,PLC0324,Sainik Club,SRC_BUS_GITHUB
SVC0025,14,Banani,banani,PLC0032,Banani,SRC_BUS_GITHUB
SVC0025,15,Kakali,kakali,,,SRC_BUS_GITHUB
SVC0025,16,Staff Road,staff road,PLC0356,Staff Road,SRC_BUS_GITHUB
SVC0025,17,MES,mes,,,SRC_BUS_GITHUB
SVC0025,18,Shewra,shewra,,,SRC_BUS_GITHUB
SVC0025,19,Kuril Bishwa Road,kuril bishwa road,PLC0203,Kuril Bishwa Road,SRC_BUS_GITHUB
SVC0025,20,Khilkhet,khilkhet,PLC0193,Khilkhet,SRC_BUS_GITHUB
SVC0025,21,Airport,airport,PLC0005,Airport,SRC_BUS_GITHUB
SVC0025,22,Jashimuddin (Uttara),jashimuddin,PLC0142,Jasimuddin,SRC_BUS_GITHUB
SVC0025,23,Rajlakshmi,rajlakshmi,,,SRC_BUS_GITHUB
SVC0025,24,Azampur,azampur,PLC0017,Azampur,SRC_BUS_GITHUB
SVC0025,25,House Building,house building,PLC0135,House Building,SRC_BUS_GITHUB
SVC0025,26,Diabari,diabari,PLC0101,Diabari Morh,SRC_BUS_GITHUB
SVC0026,1,Mirpur 10,mirpur 10,PLC0240,Mirpur-10,SRC_BUS_GITHUB
SVC0026,2,Kazipara,kazipara,PLC0179,Kazipara,SRC_BUS_GITHUB
SVC0026,3,Shewrapara,shewrapara,PLC0340,Shewrapara,SRC_BUS_GITHUB
SVC0026,4,Taltola,taltola,,,SRC_BUS_GITHUB
SVC0026,5,Agargaon,agargaon,PLC0004,Agargaon,SRC_BUS_GITHUB
SVC0026,6,Khamar Bari,khamar bari,PLC0184,Khamarbari,SRC_BUS_GITHUB
SVC0026,7,Farmgate,farmgate,PLC0112,Farmgate,SRC_BUS_GITHUB
SVC0026,8,Kawran Bazar,kawran bazar,PLC0178,Kawran Bazar,SRC_BUS_GITHUB
SVC0026,9,Bangla Motor,bangla motor,PLC0037,Bangla Motor,SRC_BUS_GITHUB
SVC0026,10,Shahbag,shahbag,PLC0331,Shahbag,SRC_BUS_GITHUB
SVC0026,11,Matsya Bhaban,matsya bhaban,PLC0222,Matsya Bhaban,SRC_BUS_GITHUB
SVC0026,12,High Court,high court,PLC0133,High Court,SRC_BUS_GITHUB
SVC0026,13,Press Club,press club,PLC0298,Press Club,SRC_BUS_GITHUB
SVC0026,14,Paltan,paltan,PLC0291,Paltan,SRC_BUS_GITHUB
SVC0026,15,GPO,gpo,PLC0124,GPO,SRC_BUS_GITHUB
SVC0026,16,Gulistan,gulistan,PLC0128,Gulistan Morh,SRC_BUS_GITHUB
SVC0026,17,Motijheel,motijheel,PLC0263,Motijheel (Shapla Chattar),SRC_BUS_GITHUB
SVC0026,18,Ittefaq Moor,ittefaq,,,SRC_BUS_GITHUB
SVC0026,19,Sayedabad,sayedabad,PLC0327,Sayedabad,SRC_BUS_GITHUB
SVC0026,20,Jatrabari,jatrabari,PLC0143,Jatrabari,SRC_BUS_GITHUB
SVC0027,1,Japan Garden City,japan garden city,PLC0140,Japan Garden City,SRC_BUS_GITHUB
SVC0027,2,Ring Road,ring road,,,SRC_BUS_GITHUB
SVC0027,3,Adabor,adabor,,,SRC_BUS_GITHUB
SVC0027,4,Shyamoli,shyamoli,PLC0346,Shyamoli,SRC_BUS_GITHUB
SVC0027,5,Shishu Mela,shishu mela,PLC0343,Shishumela,SRC_BUS_GITHUB
SVC0027,6,Agargaon,agargaon,PLC0004,Agargaon,SRC_BUS_GITHUB
SVC0027,7,Zia Uddyan,zia uddyan,,,SRC_BUS_GITHUB
SVC0027,8,Bijoy Sarani,bijoy sarani,PLC0057,Bijay Smarani,SRC_BUS_GITHUB
SVC0027,9,Old Airport,old airport,,,SRC_BUS_GITHUB
SVC0027,10,Jahangir Gate,jahangir gate,,,SRC_BUS_GITHUB
SVC0027,11,Mohakhali,mohakhali,PLC0250,Mohakhali,SRC_BUS_GITHUB
SVC0027,12,Chairman Bari,chairman bari,,,SRC_BUS_GITHUB
SVC0027,13,Sainik Club,sainik club,PLC0324,Sainik Club,SRC_BUS_GITHUB
SVC0027,14,Kakali,kakali,,,SRC_BUS_GITHUB
SVC0027,15,Banani,banani,PLC0032,Banani,SRC_BUS_GITHUB
SVC0027,16,Staff Road,staff road,PLC0356,Staff Road,SRC_BUS_GITHUB
SVC0027,17,MES,mes,,,SRC_BUS_GITHUB
SVC0027,18,Shewra,shewra,,,SRC_BUS_GITHUB
SVC0027,19,Kuril Bishwa Road,kuril bishwa road,PLC0203,Kuril Bishwa Road,SRC_BUS_GITHUB
SVC0027,20,Khilkhet,khilkhet,PLC0193,Khilkhet,SRC_BUS_GITHUB
SVC0027,21,Airport,airport,PLC0005,Airport,SRC_BUS_GITHUB
SVC0027,22,Jashimuddin (Uttara),jashimuddin,PLC0142,Jasimuddin,SRC_BUS_GITHUB
SVC0027,23,Rajlakshmi,rajlakshmi,,,SRC_BUS_GITHUB
SVC0027,24,Azampur,azampur,PLC0017,Azampur,SRC_BUS_GITHUB
SVC0027,25,House Building,house building,PLC0135,House Building,SRC_BUS_GITHUB
SVC0027,26,Abdullahpur,abdullahpur,PLC0002,Abdullahpur (Jail),SRC_BUS_GITHUB
SVC0028,1,Duaripara,duaripara,PLC0102,Duyaripara,SRC_BUS_GITHUB
SVC0028,2,Pallabi,pallabi,PLC0290,Pallabi (Mirpur-12),SRC_BUS_GITHUB
SVC0028,3,Purobi,purobi,PLC0302,Purbi,SRC_BUS_GITHUB
SVC0028,4,Mirpur 11,mirpur 11,PLC0241,Mirpur-11,SRC_BUS_GITHUB
SVC0028,5,Mirpur 10,mirpur 10,PLC0240,Mirpur-10,SRC_BUS_GITHUB
SVC0028,6,Kajipara,kajipara,PLC0179,Kazipara,SRC_BUS_GITHUB
SVC0028,7,Shewrapara,shewrapara,PLC0340,Shewrapara,SRC_BUS_GITHUB
SVC0028,8,Taltola,taltola,,,SRC_BUS_GITHUB
SVC0028,9,Agargaon,agargaon,PLC0004,Agargaon,SRC_BUS_GITHUB
SVC0028,10,Khamarbari,khamarbari,PLC0184,Khamarbari,SRC_BUS_GITHUB
SVC0028,11,Farmgate,farmgate,PLC0112,Farmgate,SRC_BUS_GITHUB
SVC0028,12,Kawran Bazar,kawran bazar,PLC0178,Kawran Bazar,SRC_BUS_GITHUB
SVC0028,13,Bangla Motor,bangla motor,PLC0037,Bangla Motor,SRC_BUS_GITHUB
SVC0028,14,Shahbag,shahbag,PLC0331,Shahbag,SRC_BUS_GITHUB
SVC0028,15,Motsho Bhaban,motsho bhaban,,,SRC_BUS_GITHUB
SVC0028,16,High Court,high court,PLC0133,High Court,SRC_BUS_GITHUB
SVC0028,17,Press Club,press club,PLC0298,Press Club,SRC_BUS_GITHUB
SVC0028,18,Paltan,paltan,PLC0291,Paltan,SRC_BUS_GITHUB
SVC0028,19,GPO,gpo,PLC0124,GPO,SRC_BUS_GITHUB
SVC0028,20,Golap Shah Mazar,golap shah mazar,PLC0123,Golapshah Mazar (Fulbaria),SRC_BUS_GITHUB
SVC0028,21,Naya Bazar,naya bazar,PLC0277,Nayabazar (No. 2 Buriganga Bridge),SRC_BUS_GITHUB
SVC0028,22,Ray Shaheb Bazar,ray shaheb bazar,PLC0317,Raysaheb Bazar,SRC_BUS_GITHUB
SVC0028,23,Sadarghat,sadarghat,PLC0321,Sadarghat,SRC_BUS_GITHUB
SVC0029,1,Mirpur 12,mirpur 12,PLC0243,Mirpur-12,SRC_BUS_GITHUB
SVC0029,2,Pallabi,pallabi,PLC0290,Pallabi (Mirpur-12),SRC_BUS_GITHUB
SVC0029,3,Purobi,purobi,PLC0302,Purbi,SRC_BUS_GITHUB
SVC0029,4,Mirpur 11,mirpur 11,PLC0241,Mirpur-11,SRC_BUS_GITHUB
SVC0029,5,Mirpur 1,mirpur 1,PLC0239,Mirpur-1,SRC_BUS_GITHUB
SVC0029,6,Kazipara,kazipara,PLC0179,Kazipara,SRC_BUS_GITHUB
SVC0029,7,Shewrapara,shewrapara,PLC0340,Shewrapara,SRC_BUS_GITHUB
SVC0029,8,Taltola,taltola,,,SRC_BUS_GITHUB
SVC0029,9,Agargaon,agargaon,PLC0004,Agargaon,SRC_BUS_GITHUB
SVC0029,10,Bijoy Sarani,bijoy sarani,PLC0057,Bijay Smarani,SRC_BUS_GITHUB
SVC0029,11,Farmgate,farmgate,PLC0112,Farmgate,SRC_BUS_GITHUB
SVC0029,12,Kawran Bazar,kawran bazar,PLC0178,Kawran Bazar,SRC_BUS_GITHUB
SVC0029,13,Bangla Motor,bangla motor,PLC0037,Bangla Motor,SRC_BUS_GITHUB
SVC0029,14,Shahbag,shahbag,PLC0331,Shahbag,SRC_BUS_GITHUB
SVC0029,15,Matsya Bhaban,matsya bhaban,PLC0222,Matsya Bhaban,SRC_BUS_GITHUB
SVC0029,16,High Court,high court,PLC0133,High Court,SRC_BUS_GITHUB
SVC0029,17,Press Club,press club,PLC0298,Press Club,SRC_BUS_GITHUB
SVC0029,18,Paltan,paltan,PLC0291,Paltan,SRC_BUS_GITHUB
SVC0029,19,GPO,gpo,PLC0124,GPO,SRC_BUS_GITHUB
SVC0029,20,Gulistan,gulistan,PLC0128,Gulistan Morh,SRC_BUS_GITHUB
SVC0029,21,Motijheel,motijheel,PLC0263,Motijheel (Shapla Chattar),SRC_BUS_GITHUB
SVC0030,1,Mirpur 12,mirpur 12,PLC0243,Mirpur-12,SRC_BUS_GITHUB
SVC0030,2,Pallabi,pallabi,PLC0290,Pallabi (Mirpur-12),SRC_BUS_GITHUB
SVC0030,3,Purobi,purobi,PLC0302,Purbi,SRC_BUS_GITHUB
SVC0030,4,Mirpur 11,mirpur 11,PLC0241,Mirpur-11,SRC_BUS_GITHUB
SVC0030,5,Mirpur 10,mirpur 10,PLC0240,Mirpur-10,SRC_BUS_GITHUB
SVC0030,6,Kazipara,kazipara,PLC0179,Kazipara,SRC_BUS_GITHUB
SVC0030,7,Shewrapara,shewrapara,PLC0340,Shewrapara,SRC_BUS_GITHUB
SVC0030,8,Taltola,taltola,,,SRC_BUS_GITHUB
SVC0030,9,Agargaon,agargaon,PLC0004,Agargaon,SRC_BUS_GITHUB
SVC0030,10,Shyamoli,shyamoli,PLC0346,Shyamoli,SRC_BUS_GITHUB
SVC0030,11,Shishu Mela,shishu mela,PLC0343,Shishumela,SRC_BUS_GITHUB
SVC0030,12,College Gate,college gate,PLC0078,College Gate,SRC_BUS_GITHUB
SVC0030,13,Asad Gate,asad gate,PLC0012,Asad Gate,SRC_BUS_GITHUB
SVC0030,14,Dhanmondi 27,dhanmondi 27,,,SRC_BUS_GITHUB
SVC0030,15,Dhanmondi 32,dhanmondi 32,,,SRC_BUS_GITHUB
SVC0030,16,Kalabagan,kalabagan,PLC0156,Kalabagan,SRC_BUS_GITHUB
SVC0030,17,City College,city college,PLC0077,City College,SRC_BUS_GITHUB
SVC0030,18,New Market,new market,PLC0279,New Market,SRC_BUS_GITHUB
SVC0030,19,Nilkhet,nilkhet,PLC0280,Nilkhet,SRC_BUS_GITHUB
SVC0030,20,Azimpur,azimpur,PLC0019,Azimpur (Dhakeswari),SRC_BUS_GITHUB
SVC0030,21,Dhakeshwari,dhakeshwari,,,SRC_BUS_GITHUB
SVC0031,1,Azimpur,azimpur,PLC0019,Azimpur (Dhakeswari),SRC_BUS_GITHUB
SVC0031,2,Nilkhet,nilkhet,PLC0280,Nilkhet,SRC_BUS_GITHUB
SVC0031,3,New Market,new market,PLC0279,New Market,SRC_BUS_GITHUB
SVC0031,4,City College,city college,PLC0077,City College,SRC_BUS_GITHUB
SVC0031,5,Kalabagan,kalabagan,PLC0156,Kalabagan,SRC_BUS_GITHUB
SVC0031,6,Dhanmondi 27,dhanmondi 27,,,SRC_BUS_GITHUB
SVC0031,7,Dhanmondi 32,dhanmondi 32,,,SRC_BUS_GITHUB
SVC0031,8,Khamar Bari,khamar bari,PLC0184,Khamarbari,SRC_BUS_GITHUB
SVC0031,9,Farmgate,farmgate,PLC0112,Farmgate,SRC_BUS_GITHUB
SVC0031,10,Jahangir Gate,jahangir gate,,,SRC_BUS_GITHUB
SVC0031,11,Mohakhali,mohakhali,PLC0250,Mohakhali,SRC_BUS_GITHUB
SVC0031,12,Sainik Club,sainik club,PLC0324,Sainik Club,SRC_BUS_GITHUB
SVC0031,13,Banani,banani,PLC0032,Banani,SRC_BUS_GITHUB
SVC0031,14,Kakali,kakali,,,SRC_BUS_GITHUB
SVC0031,15,Kuril Bishwa Road,kuril bishwa road,PLC0203,Kuril Bishwa Road,SRC_BUS_GITHUB
SVC0031,16,Khilkhet,khilkhet,PLC0193,Khilkhet,SRC_BUS_GITHUB
SVC0031,17,Airport,airport,PLC0005,Airport,SRC_BUS_GITHUB
SVC0031,18,Abdullahpur,abdullahpur,PLC0002,Abdullahpur (Jail),SRC_BUS_GITHUB
SVC0031,19,Kamarpara,kamarpara,PLC0169,Kamarpara,SRC_BUS_GITHUB
SVC0032,1,Sign Board,sign board,PLC0348,Signboard,SRC_BUS_GITHUB
SVC0032,2,Matuail,matuail,,,SRC_BUS_GITHUB
SVC0032,3,Rayerbag,rayerbag,PLC0316,Rayerbag,SRC_BUS_GITHUB
SVC0032,4,Shonir Akhra,shonir akhra,PLC0332,Shanir Akhra,SRC_BUS_GITHUB
SVC0032,5,Jatrabari,jatrabari,PLC0143,Jatrabari,SRC_BUS_GITHUB
SVC0032,6,Sayedabad,sayedabad,PLC0327,Sayedabad,SRC_BUS_GITHUB
SVC0032,7,Gulistan,gulistan,PLC0128,Gulistan Morh,SRC_BUS_GITHUB
SVC0032,8,Chankhar Pul,chankhar pul,PLC0071,Chankharpul,SRC_BUS_GITHUB
SVC0032,9,Bakshi Bazar,bakshi bazar,PLC0030,Bakshibazar,SRC_BUS_GITHUB
SVC0032,10,Azimpur,azimpur,PLC0019,Azimpur (Dhakeswari),SRC_BUS_GITHUB
SVC0032,11,Nilkhet,nilkhet,PLC0280,Nilkhet,SRC_BUS_GITHUB
SVC0032,12,New Market,new market,PLC0279,New Market,SRC_BUS_GITHUB
SVC0032,13,City College,city college,PLC0077,City College,SRC_BUS_GITHUB
SVC0032,14,Kalabagan,kalabagan,PLC0156,Kalabagan,SRC_BUS_GITHUB
SVC0032,15,Dhanmondi 32,dhanmondi 32,,,SRC_BUS_GITHUB
SVC0032,16,Dhanmondi 27,dhanmondi 27,,,SRC_BUS_GITHUB
SVC0032,17,Khamar Bari,khamar bari,PLC0184,Khamarbari,SRC_BUS_GITHUB
SVC0032,18,Farmgate,farmgate,PLC0112,Farmgate,SRC_BUS_GITHUB
SVC0032,19,Jahangir Gate,jahangir gate,,,SRC_BUS_GITHUB
SVC0032,20,Mohakhali,mohakhali,PLC0250,Mohakhali,SRC_BUS_GITHUB
SVC0032,21,Chairman Bari,chairman bari,,,SRC_BUS_GITHUB
SVC0032,22,Sainik Club,sainik club,PLC0324,Sainik Club,SRC_BUS_GITHUB
SVC0032,23,Banani,banani,PLC0032,Banani,SRC_BUS_GITHUB
SVC0032,24,Kakali,kakali,,,SRC_BUS_GITHUB
SVC0032,25,Staff Road,staff road,PLC0356,Staff Road,SRC_BUS_GITHUB
SVC0032,26,MES,mes,,,SRC_BUS_GITHUB
SVC0032,27,Shewra,shewra,,,SRC_BUS_GITHUB
SVC0032,28,Kuril Bishwa Road,kuril bishwa road,PLC0203,Kuril Bishwa Road,SRC_BUS_GITHUB
SVC0032,29,Khilkhet,khilkhet,PLC0193,Khilkhet,SRC_BUS_GITHUB
SVC0032,30,Airport,airport,PLC0005,Airport,SRC_BUS_GITHUB
SVC0032,31,Jashimuddin (Uttara),jashimuddin,PLC0142,Jasimuddin,SRC_BUS_GITHUB
SVC0032,32,Rajlakshmi,rajlakshmi,,,SRC_BUS_GITHUB
SVC0032,33,Azampur,azampur,PLC0017,Azampur,SRC_BUS_GITHUB
SVC0032,34,House Building,house building,PLC0135,House Building,SRC_BUS_GITHUB
SVC0032,35,Abdullahpur,abdullahpur,PLC0002,Abdullahpur (Jail),SRC_BUS_GITHUB
SVC0032,36,Kamarpara,kamarpara,PLC0169,Kamarpara,SRC_BUS_GITHUB
SVC0032,37,Dhour,dhour,,,SRC_BUS_GITHUB
SVC0033,1,Gulistan,gulistan,PLC0128,Gulistan Morh,SRC_BUS_GITHUB
SVC0033,2,GPO,gpo,PLC0124,GPO,SRC_BUS_GITHUB
SVC0033,3,Paltan,paltan,PLC0291,Paltan,SRC_BUS_GITHUB
SVC0033,4,Kakrail,kakrail,PLC0155,Kakrail,SRC_BUS_GITHUB
SVC0033,5,Shantinagar,shantinagar,,,SRC_BUS_GITHUB
SVC0033,6,Malibagh Moor,malibagh,PLC0212,Malibagh,SRC_BUS_GITHUB
SVC0033,7,Mouchak,mouchak,PLC0265,Mouchak (Flyover),SRC_BUS_GITHUB
SVC0033,8,Malibagh Railgate,malibagh railgate,,,SRC_BUS_GITHUB
SVC0033,9,Hazipara,hazipara,PLC0179,Kazipara,SRC_BUS_GITHUB
SVC0033,10,Rampura Bazar,rampura bazar,,,SRC_BUS_GITHUB
SVC0033,11,Rampura Bridge,rampura bridge,PLC0314,Rampura Bridge,SRC_BUS_GITHUB
SVC0033,12,Merul,merul,,,SRC_BUS_GITHUB
SVC0033,13,Badda,badda,PLC0023,Badda,SRC_BUS_GITHUB
SVC0033,14,Shahjadpur,shahjadpur,,,SRC_BUS_GITHUB
SVC0033,15,Bashtola,bashtola,,,SRC_BUS_GITHUB
SVC0033,16,Notun Bazar,notun bazar,PLC0284,Notun Bazar,SRC_BUS_GITHUB
SVC0034,1,Palashi,palashi,PLC0288,Palashi,SRC_BUS_GITHUB
SVC0034,2,Meghna Ghat,meghna ghat,PLC0228,Meghna Ghat,SRC_BUS_GITHUB
SVC0035,1,Gazipur Chourasta,gazipur chourasta,,,SRC_BUS_GITHUB
SVC0035,2,Tongi,tongi,PLC0368,Tongi (Bastuhara),SRC_BUS_GITHUB
SVC0035,3,Airport,airport,PLC0005,Airport,SRC_BUS_GITHUB
SVC0035,4,Khilkhet,khilkhet,PLC0193,Khilkhet,SRC_BUS_GITHUB
SVC0035,5,Kalshi Pallabi,kalshi pallabi,,,SRC_BUS_GITHUB
SVC0035,6,Mirpur 11,mirpur 11,PLC0241,Mirpur-11,SRC_BUS_GITHUB
SVC0035,7,Mirpur 10,mirpur 10,PLC0240,Mirpur-10,SRC_BUS_GITHUB
SVC0035,8,Mirpur 1,mirpur 1,PLC0239,Mirpur-1,SRC_BUS_GITHUB
SVC0035,9,Gabtoli,gabtoli,PLC0114,Gabtoli,SRC_BUS_GITHUB
SVC0036,1,Madanpur,madanpur,PLC0209,Madanpur,SRC_BUS_GITHUB
SVC0036,2,Kanchpur,kanchpur,PLC0171,Kanchpur,SRC_BUS_GITHUB
SVC0036,3,Chittagong Road,chittagong road,,,SRC_BUS_GITHUB
SVC0036,4,Sign Board,sign board,PLC0348,Signboard,SRC_BUS_GITHUB
SVC0036,5,Matuail,matuail,,,SRC_BUS_GITHUB
SVC0036,6,Rayerbag,rayerbag,PLC0316,Rayerbag,SRC_BUS_GITHUB
SVC0036,7,Shonir Akhra,shonir akhra,PLC0332,Shanir Akhra,SRC_BUS_GITHUB
SVC0036,8,Jatrabari,jatrabari,PLC0143,Jatrabari,SRC_BUS_GITHUB
SVC0036,9,Sayedabad,sayedabad,PLC0327,Sayedabad,SRC_BUS_GITHUB
SVC0036,10,Gulistan,gulistan,PLC0128,Gulistan Morh,SRC_BUS_GITHUB
SVC0036,11,GPO,gpo,PLC0124,GPO,SRC_BUS_GITHUB
SVC0036,12,Paltan,paltan,PLC0291,Paltan,SRC_BUS_GITHUB
SVC0036,13,Press Club,press club,PLC0298,Press Club,SRC_BUS_GITHUB
SVC0036,14,High Court,high court,PLC0133,High Court,SRC_BUS_GITHUB
SVC0036,15,Matsya Bhaban,matsya bhaban,PLC0222,Matsya Bhaban,SRC_BUS_GITHUB
SVC0036,16,Shahbag,shahbag,PLC0331,Shahbag,SRC_BUS_GITHUB
SVC0036,17,Bangla Motor,bangla motor,PLC0037,Bangla Motor,SRC_BUS_GITHUB
SVC0036,18,Kawran Bazar,kawran bazar,PLC0178,Kawran Bazar,SRC_BUS_GITHUB
SVC0036,19,Farmgate,farmgate,PLC0112,Farmgate,SRC_BUS_GITHUB
SVC0036,20,Khamar Bari,khamar bari,PLC0184,Khamarbari,SRC_BUS_GITHUB
SVC0036,21,Asad Gate,asad gate,PLC0012,Asad Gate,SRC_BUS_GITHUB
SVC0036,22,College Gate,college gate,PLC0078,College Gate,SRC_BUS_GITHUB
SVC0036,23,Shishu Mela,shishu mela,PLC0343,Shishumela,SRC_BUS_GITHUB
SVC0036,24,Shyamoli,shyamoli,PLC0346,Shyamoli,SRC_BUS_GITHUB
SVC0036,25,Kallyanpur,kalyanpur,PLC0163,Kalyanpur,SRC_BUS_GITHUB
SVC0036,26,Technical,technical,PLC0362,Technical,SRC_BUS_GITHUB
SVC0036,27,Gabtoli,gabtoli,PLC0114,Gabtoli,SRC_BUS_GITHUB
SVC0036,28,Amin Bazar,amin bazar,PLC0006,Amin Bazar,SRC_BUS_GITHUB
SVC0036,29,Hemayetpur,hemayetpur,PLC0132,Hemayetpur,SRC_BUS_GITHUB
SVC0036,30,Savar,savar,PLC0326,Savar,SRC_BUS_GITHUB
SVC0037,1,Motijheel,motijheel,PLC0263,Motijheel (Shapla Chattar),SRC_BUS_GITHUB
SVC0037,2,Gulistan,gulistan,PLC0128,Gulistan Morh,SRC_BUS_GITHUB
SVC0037,3,GPO,gpo,PLC0124,GPO,SRC_BUS_GITHUB
SVC0037,4,Paltan,paltan,PLC0291,Paltan,SRC_BUS_GITHUB
SVC0037,5,Press Club,press club,PLC0298,Press Club,SRC_BUS_GITHUB
SVC0037,6,High Court,high court,PLC0133,High Court,SRC_BUS_GITHUB
SVC0037,7,Matsya Bhaban,matsya bhaban,PLC0222,Matsya Bhaban,SRC_BUS_GITHUB
SVC0037,8,Shahbag,shahbag,PLC0331,Shahbag,SRC_BUS_GITHUB
SVC0037,9,Bangla Motor,bangla motor,PLC0037,Bangla Motor,SRC_BUS_GITHUB
SVC0037,10,Kawran Bazar,kawran bazar,PLC0178,Kawran Bazar,SRC_BUS_GITHUB
SVC0037,11,Farmgate,farmgate,PLC0112,Farmgate,SRC_BUS_GITHUB
SVC0037,12,Jahangir Gate,jahangir gate,,,SRC_BUS_GITHUB
SVC0037,13,Mohakhali,mohakhali,PLC0250,Mohakhali,SRC_BUS_GITHUB
SVC0037,14,Chairman Bari,chairman bari,,,SRC_BUS_GITHUB
SVC0037,15,Kakali,kakali,,,SRC_BUS_GITHUB
SVC0037,16,Banani,banani,PLC0032,Banani,SRC_BUS_GITHUB
SVC0037,17,Staff Road,staff road,PLC0356,Staff Road,SRC_BUS_GITHUB
SVC0037,18,MES,mes,,,SRC_BUS_GITHUB
SVC0037,19,Shewra,shewra,,,SRC_BUS_GITHUB
SVC0037,20,Kuril Bishwa Road,kuril bishwa road,PLC0203,Kuril Bishwa Road,SRC_BUS_GITHUB
SVC0037,21,Khilkhet,khilkhet,PLC0193,Khilkhet,SRC_BUS_GITHUB
SVC0037,22,Airport,airport,PLC0005,Airport,SRC_BUS_GITHUB
SVC0037,23,Jashimuddin (Uttara),jashimuddin,PLC0142,Jasimuddin,SRC_BUS_GITHUB
SVC0037,24,Rajlakshmi,rajlakshmi,,,SRC_BUS_GITHUB
SVC0037,25,Azampur,azampur,PLC0017,Azampur,SRC_BUS_GITHUB
SVC0037,26,House Building,house building,PLC0135,House Building,SRC_BUS_GITHUB
SVC0037,27,Abdullahpur,abdullahpur,PLC0002,Abdullahpur (Jail),SRC_BUS_GITHUB
SVC0037,28,Tongi,tongi,PLC0368,Tongi (Bastuhara),SRC_BUS_GITHUB
SVC0038,1,Motijheel,motijheel,PLC0263,Motijheel (Shapla Chattar),SRC_BUS_GITHUB
SVC0038,2,Gulistan,gulistan,PLC0128,Gulistan Morh,SRC_BUS_GITHUB
SVC0038,3,GPO,gpo,PLC0124,GPO,SRC_BUS_GITHUB
SVC0038,4,Paltan,paltan,PLC0291,Paltan,SRC_BUS_GITHUB
SVC0038,5,Press Club,press club,PLC0298,Press Club,SRC_BUS_GITHUB
SVC0038,6,High Court,high court,PLC0133,High Court,SRC_BUS_GITHUB
SVC0038,7,Matsya Bhaban,matsya bhaban,PLC0222,Matsya Bhaban,SRC_BUS_GITHUB
SVC0038,8,Shahbag,shahbag,PLC0331,Shahbag,SRC_BUS_GITHUB
SVC0038,9,Bangla Motor,bangla motor,PLC0037,Bangla Motor,SRC_BUS_GITHUB
SVC0038,10,Kawran Bazar,kawran bazar,PLC0178,Kawran Bazar,SRC_BUS_GITHUB
SVC0038,11,Farmgate,farmgate,PLC0112,Farmgate,SRC_BUS_GITHUB
SVC0038,12,Khamar Bari,khamar bari,PLC0184,Khamarbari,SRC_BUS_GITHUB
SVC0038,13,Asad Gate,asad gate,PLC0012,Asad Gate,SRC_BUS_GITHUB
SVC0038,14,College Gate,college gate,PLC0078,College Gate,SRC_BUS_GITHUB
SVC0038,15,Shishu Mela,shishu mela,PLC0343,Shishumela,SRC_BUS_GITHUB
SVC0038,16,Shyamoli,shyamoli,PLC0346,Shyamoli,SRC_BUS_GITHUB
SVC0038,17,Kallyanpur,kalyanpur,PLC0163,Kalyanpur,SRC_BUS_GITHUB
SVC0038,18,Technical,technical,PLC0362,Technical,SRC_BUS_GITHUB
SVC0038,19,Gabtoli,gabtoli,PLC0114,Gabtoli,SRC_BUS_GITHUB
SVC0038,20,Amin Bazar,amin bazar,PLC0006,Amin Bazar,SRC_BUS_GITHUB
SVC0038,21,Hemayetpur,hemayetpur,PLC0132,Hemayetpur,SRC_BUS_GITHUB
SVC0038,22,Baipayl,baipail,PLC0029,Baipail,SRC_BUS_GITHUB
SVC0038,23,Zirani Bazar,zirani bazar,PLC0147,Jirani Bazar,SRC_BUS_GITHUB
SVC0038,24,Chandra,chandra,PLC0070,Chandra,SRC_BUS_GITHUB
SVC0039,1,Mohammadpur,mohammadpur,PLC0256,Mohammadpur (Japan Garden City),SRC_BUS_GITHUB
SVC0039,2,Asad Gate,asad gate,PLC0012,Asad Gate,SRC_BUS_GITHUB
SVC0039,3,Khamar Bari -,khamar bari,PLC0184,Khamarbari,SRC_BUS_GITHUB
SVC0039,4,Farmgate,farmgate,PLC0112,Farmgate,SRC_BUS_GITHUB
SVC0039,5,Jahangir Gate,jahangir gate,,,SRC_BUS_GITHUB
SVC0039,6,Mohakhali,mohakhali,PLC0250,Mohakhali,SRC_BUS_GITHUB
SVC0039,7,Wireless,wireless,,,SRC_BUS_GITHUB
SVC0039,8,Gulshan 1,gulshan 1,PLC0129,Gulshan-1,SRC_BUS_GITHUB
SVC0039,9,Badda Link Road,badda link road,PLC0024,Badda Link Road,SRC_BUS_GITHUB
SVC0039,10,Uttar Badda,uttar badda,PLC0376,Uttar Badda,SRC_BUS_GITHUB
SVC0039,11,Shahjadpur,shahjadpur,,,SRC_BUS_GITHUB
SVC0039,12,Bashtola,bashtola,,,SRC_BUS_GITHUB
SVC0039,13,Notun Bazar,notun bazar,PLC0284,Notun Bazar,SRC_BUS_GITHUB
SVC0039,14,Nadda,nadda,,,SRC_BUS_GITHUB
SVC0039,15,Bashundhara,bashundhara,PLC0045,Bashundhara,SRC_BUS_GITHUB
SVC0039,16,Jamuna Future Park,jamuna future park,PLC0139,Jamuna Future Park,SRC_BUS_GITHUB
SVC0039,17,Kuril Bishwa Road,kuril bishwa road,PLC0203,Kuril Bishwa Road,SRC_BUS_GITHUB
SVC0040,1,Kamalapur,kamalapur,PLC0166,Kamalapur Station,SRC_BUS_GITHUB
SVC0040,2,Motijheel,motijheel,PLC0263,Motijheel (Shapla Chattar),SRC_BUS_GITHUB
SVC0040,3,Gulistan,gulistan,PLC0128,Gulistan Morh,SRC_BUS_GITHUB
SVC0040,4,GPO,gpo,PLC0124,GPO,SRC_BUS_GITHUB
SVC0040,5,Paltan,paltan,PLC0291,Paltan,SRC_BUS_GITHUB
SVC0040,6,Press Club,press club,PLC0298,Press Club,SRC_BUS_GITHUB
SVC0040,7,High Court,high court,PLC0133,High Court,SRC_BUS_GITHUB
SVC0040,8,Matsya Bhaban,matsya bhaban,PLC0222,Matsya Bhaban,SRC_BUS_GITHUB
SVC0040,9,Shahbag,shahbag,PLC0331,Shahbag,SRC_BUS_GITHUB
SVC0040,10,Bangla Motor,bangla motor,PLC0037,Bangla Motor,SRC_BUS_GITHUB
SVC0040,11,Kawran Bazar,kawran bazar,PLC0178,Kawran Bazar,SRC_BUS_GITHUB
SVC0040,12,Farmgate,farmgate,PLC0112,Farmgate,SRC_BUS_GITHUB
SVC0040,13,Jahangir Gate,jahangir gate,,,SRC_BUS_GITHUB
SVC0040,14,Mohakhali,mohakhali,PLC0250,Mohakhali,SRC_BUS_GITHUB
SVC0040,15,Wireless,wireless,,,SRC_BUS_GITHUB
SVC0040,16,Gulshan 1,gulshan 1,PLC0129,Gulshan-1,SRC_BUS_GITHUB
SVC0040,17,Badda Link Road,badda link road,PLC0024,Badda Link Road,SRC_BUS_GITHUB
SVC0040,18,Uttar Badda,uttar badda,PLC0376,Uttar Badda,SRC_BUS_GITHUB
SVC0040,19,Shahjadpur,shahjadpur,,,SRC_BUS_GITHUB
SVC0040,20,Bashtola,bashtola,,,SRC_BUS_GITHUB
SVC0040,21,Notun Bazar,notun bazar,PLC0284,Notun Bazar,SRC_BUS_GITHUB
SVC0040,22,Nadda,nadda,,,SRC_BUS_GITHUB
SVC0040,23,Bashundhara,bashundhara,PLC0045,Bashundhara,SRC_BUS_GITHUB
SVC0040,24,Jamuna Future Park,jamuna future park,PLC0139,Jamuna Future Park,SRC_BUS_GITHUB
SVC0040,25,Kuril Bishwa Road,kuril bishwa road,PLC0203,Kuril Bishwa Road,SRC_BUS_GITHUB
SVC0041,1,Vulta,vulta,,,SRC_BUS_GITHUB
SVC0041,2,Kanchan Bridge,kanchan bridge,,,SRC_BUS_GITHUB
SVC0041,3,Nila Market,nila market,,,SRC_BUS_GITHUB
SVC0041,4,300 Feet,300 feet,,,SRC_BUS_GITHUB
SVC0041,5,Bashundhara (300 Feet Gate),bashundhara,PLC0045,Bashundhara,SRC_BUS_GITHUB
SVC0041,6,Kuril Bishwa Road,kuril bishwa road,PLC0203,Kuril Bishwa Road,SRC_BUS_GITHUB
SVC0042,1,Motijheel,motijheel,PLC0263,Motijheel (Shapla Chattar),SRC_BUS_GITHUB
SVC0042,2,Gulistan,gulistan,PLC0128,Gulistan Morh,SRC_BUS_GITHUB
SVC0042,3,GPO,gpo,PLC0124,GPO,SRC_BUS_GITHUB
SVC0042,4,Paltan,paltan,PLC0291,Paltan,SRC_BUS_GITHUB
SVC0042,5,Kakrail,kakrail,PLC0155,Kakrail,SRC_BUS_GITHUB
SVC0042,6,Shantinagar,shantinagar,,,SRC_BUS_GITHUB
SVC0042,7,Malibagh Moor,malibagh,PLC0212,Malibagh,SRC_BUS_GITHUB
SVC0042,8,Mouchak,mouchak,PLC0265,Mouchak (Flyover),SRC_BUS_GITHUB
SVC0042,9,Malibagh Railgate,malibagh railgate,,,SRC_BUS_GITHUB
SVC0042,10,Hazipara,hazipara,PLC0179,Kazipara,SRC_BUS_GITHUB
SVC0042,11,Rampura Bazar,rampura bazar,,,SRC_BUS_GITHUB
SVC0042,12,Rampura Bridge,rampura bridge,PLC0314,Rampura Bridge,SRC_BUS_GITHUB
SVC0042,13,Merul,merul,,,SRC_BUS_GITHUB
SVC0042,14,Badda,badda,PLC0023,Badda,SRC_BUS_GITHUB
SVC0042,15,Shahjadpur,shahjadpur,,,SRC_BUS_GITHUB
SVC0042,16,Bashtola,bashtola,,,SRC_BUS_GITHUB
SVC0042,17,Notun Bazar,notun bazar,PLC0284,Notun Bazar,SRC_BUS_GITHUB
SVC0042,18,Nadda,nadda,,,SRC_BUS_GITHUB
SVC0042,19,Bashundhara,bashundhara,PLC0045,Bashundhara,SRC_BUS_GITHUB
SVC0042,20,Jamuna Future Park,jamuna future park,PLC0139,Jamuna Future Park,SRC_BUS_GITHUB
SVC0042,21,Kuril Bishwa Road,kuril bishwa road,PLC0203,Kuril Bishwa Road,SRC_BUS_GITHUB
SVC0042,22,Khilkhet,khilkhet,PLC0193,Khilkhet,SRC_BUS_GITHUB
SVC0042,23,Airport,airport,PLC0005,Airport,SRC_BUS_GITHUB
SVC0042,24,Jashimuddin (Uttara),jashimuddin,PLC0142,Jasimuddin,SRC_BUS_GITHUB
SVC0042,25,Rajlakshmi,rajlakshmi,,,SRC_BUS_GITHUB
SVC0042,26,Azampur,azampur,PLC0017,Azampur,SRC_BUS_GITHUB
SVC0042,27,House Building,house building,PLC0135,House Building,SRC_BUS_GITHUB
SVC0042,28,Abdullahpur,abdullahpur,PLC0002,Abdullahpur (Jail),SRC_BUS_GITHUB
SVC0043,1,Mohammadpur,mohammadpur,PLC0256,Mohammadpur (Japan Garden City),SRC_BUS_GITHUB
SVC0043,2,Shankar,shankar,PLC0333,Shankar,SRC_BUS_GITHUB
SVC0043,3,Star Kabab,star kabab,,,SRC_BUS_GITHUB
SVC0043,4,Dhanmondi 15,dhanmondi 15,PLC0092,Dhanmondi-15,SRC_BUS_GITHUB
SVC0043,5,Jigatola,jigatola,PLC0144,Jigatola,SRC_BUS_GITHUB
SVC0043,6,City College,city college,PLC0077,City College,SRC_BUS_GITHUB
SVC0043,7,Science Lab,science lab,PLC0329,Science Lab,SRC_BUS_GITHUB
SVC0043,8,Bata Signal,bata signal,,,SRC_BUS_GITHUB
SVC0043,9,Shahbag,shahbag,PLC0331,Shahbag,SRC_BUS_GITHUB
SVC0043,10,Matsya Bhaban,matsya bhaban,PLC0222,Matsya Bhaban,SRC_BUS_GITHUB
SVC0043,11,High Court,high court,PLC0133,High Court,SRC_BUS_GITHUB
SVC0043,12,Press Club,press club,PLC0298,Press Club,SRC_BUS_GITHUB
SVC0043,13,Paltan,paltan,PLC0291,Paltan,SRC_BUS_GITHUB
SVC0043,14,GPO,gpo,PLC0124,GPO,SRC_BUS_GITHUB
SVC0043,15,Gulistan,gulistan,PLC0128,Gulistan Morh,SRC_BUS_GITHUB
SVC0043,16,Motijheel,motijheel,PLC0263,Motijheel (Shapla Chattar),SRC_BUS_GITHUB
SVC0044,1,Gabtoli,gabtoli,PLC0114,Gabtoli,SRC_BUS_GITHUB
SVC0044,2,Mirpur 1,mirpur 1,PLC0239,Mirpur-1,SRC_BUS_GITHUB
SVC0044,3,Sony Cinema Hall,sony cinema hall,PLC0352,Soni Cinema Hall,SRC_BUS_GITHUB
SVC0044,4,Mirpur 2,mirpur 2,PLC0245,Mirpur-2,SRC_BUS_GITHUB
SVC0044,5,Mirpur 10,mirpur 10,PLC0240,Mirpur-10,SRC_BUS_GITHUB
SVC0044,6,Mirpur 11,mirpur 11,PLC0241,Mirpur-11,SRC_BUS_GITHUB
SVC0044,7,Purobi,purobi,PLC0302,Purbi,SRC_BUS_GITHUB
SVC0044,8,Kalshi,kalshi,PLC0161,Kalshi Morh,SRC_BUS_GITHUB
SVC0044,9,ECB Square,ecb square,,,SRC_BUS_GITHUB
SVC0044,10,MES,mes,,,SRC_BUS_GITHUB
SVC0044,11,Shewra,shewra,,,SRC_BUS_GITHUB
SVC0044,12,Kuril Bishwa Road,kuril bishwa road,PLC0203,Kuril Bishwa Road,SRC_BUS_GITHUB
SVC0044,13,Khilkhet,khilkhet,PLC0193,Khilkhet,SRC_BUS_GITHUB
SVC0044,14,Airport,airport,PLC0005,Airport,SRC_BUS_GITHUB
SVC0044,15,Jashimuddin (Uttara),jashimuddin,PLC0142,Jasimuddin,SRC_BUS_GITHUB
SVC0044,16,Rajlakshmi,rajlakshmi,,,SRC_BUS_GITHUB
SVC0044,17,Azampur,azampur,PLC0017,Azampur,SRC_BUS_GITHUB
SVC0044,18,House Building,house building,PLC0135,House Building,SRC_BUS_GITHUB
SVC0044,19,Abdullahpur,abdullahpur,PLC0002,Abdullahpur (Jail),SRC_BUS_GITHUB
SVC0044,20,Tongi,tongi,PLC0368,Tongi (Bastuhara),SRC_BUS_GITHUB
SVC0044,21,Mill Gate,mill gate,,,SRC_BUS_GITHUB
SVC0044,22,Board Bazar,board bazar,PLC0061,Board Bazar,SRC_BUS_GITHUB
SVC0044,23,Gazipur Bypass,gazipur bypass,,,SRC_BUS_GITHUB
SVC0044,24,Gazipur Chourasta,gazipur chourasta,,,SRC_BUS_GITHUB
SVC0045,1,Balughat,balughat,PLC0031,Balughat,SRC_BUS_GITHUB
SVC0045,2,Cantonment,cantonment,,,SRC_BUS_GITHUB
SVC0045,3,Bijoy Sarani,bijoy sarani,PLC0057,Bijay Smarani,SRC_BUS_GITHUB
SVC0045,4,Farmgate,farmgate,PLC0112,Farmgate,SRC_BUS_GITHUB
SVC0045,5,Bangla Motor,bangla motor,PLC0037,Bangla Motor,SRC_BUS_GITHUB
SVC0045,6,Shahbag,shahbag,PLC0331,Shahbag,SRC_BUS_GITHUB
SVC0045,7,Paltan,paltan,PLC0291,Paltan,SRC_BUS_GITHUB
SVC0045,8,Gulistan,gulistan,PLC0128,Gulistan Morh,SRC_BUS_GITHUB
SVC0045,9,Motijheel,motijheel,PLC0263,Motijheel (Shapla Chattar),SRC_BUS_GITHUB
SVC0046,1,Mirpur 14,mirpur 14,PLC0244,Mirpur-14,SRC_BUS_GITHUB
SVC0046,2,Mirpur 10,mirpur 10,PLC0240,Mirpur-10,SRC_BUS_GITHUB
SVC0046,3,Mirpur 2,mirpur 2,PLC0245,Mirpur-2,SRC_BUS_GITHUB
SVC0046,4,Sony Cinema Hall,sony cinema hall,PLC0352,Soni Cinema Hall,SRC_BUS_GITHUB
SVC0046,5,Mirpur 1,mirpur 1,PLC0239,Mirpur-1,SRC_BUS_GITHUB
SVC0046,6,Ansar Camp,ansar camp,PLC0008,Ansar Camp,SRC_BUS_GITHUB
SVC0046,7,Technical,technical,PLC0362,Technical,SRC_BUS_GITHUB
SVC0046,8,Gabtoli,gabtoli,PLC0114,Gabtoli,SRC_BUS_GITHUB
SVC0046,9,Amin Bazar,amin bazar,PLC0006,Amin Bazar,SRC_BUS_GITHUB
SVC0046,10,Hemayetpur,hemayetpur,PLC0132,Hemayetpur,SRC_BUS_GITHUB
SVC0046,11,Savar,savar,PLC0326,Savar,SRC_BUS_GITHUB
SVC0047,1,Mirpur 14,mirpur 14,PLC0244,Mirpur-14,SRC_BUS_GITHUB
SVC0047,2,Kachukhet,kachukhet,PLC0194,Kochukhet,SRC_BUS_GITHUB
SVC0047,3,Sainik Club,sainik club,PLC0324,Sainik Club,SRC_BUS_GITHUB
SVC0047,4,Kakali,kakali,,,SRC_BUS_GITHUB
SVC0047,5,Banani,banani,PLC0032,Banani,SRC_BUS_GITHUB
SVC0047,6,Mohakhali,mohakhali,PLC0250,Mohakhali,SRC_BUS_GITHUB
SVC0048,1,Vashantek,vashantek,,,SRC_BUS_GITHUB
SVC0048,2,Mirpur 14,mirpur 14,PLC0244,Mirpur-14,SRC_BUS_GITHUB
SVC0048,3,Mirpur 10,mirpur 10,PLC0240,Mirpur-10,SRC_BUS_GITHUB
SVC0048,4,Mirpur 2,mirpur 2,PLC0245,Mirpur-2,SRC_BUS_GITHUB
SVC0048,5,Sony Cenema Hall,sony cinema hall,PLC0352,Soni Cinema Hall,SRC_BUS_GITHUB
SVC0048,6,Mirpur 1,mirpur 1,PLC0239,Mirpur-1,SRC_BUS_GITHUB
SVC0048,7,Ansar Camp,ansar camp,PLC0008,Ansar Camp,SRC_BUS_GITHUB
SVC0048,8,Technical,technical,PLC0362,Technical,SRC_BUS_GITHUB
SVC0048,9,Gabtoli,gabtoli,PLC0114,Gabtoli,SRC_BUS_GITHUB
SVC0049,1,Chittagong Road,chittagong road,,,SRC_BUS_GITHUB
SVC0049,2,Sign Board,sign board,PLC0348,Signboard,SRC_BUS_GITHUB
SVC0049,3,Matuail,matuail,,,SRC_BUS_GITHUB
SVC0049,4,Rayerbag,rayerbag,PLC0316,Rayerbag,SRC_BUS_GITHUB
SVC0049,5,Shonir Akhra,shonir akhra,PLC0332,Shanir Akhra,SRC_BUS_GITHUB
SVC0049,6,Jatrabari,jatrabari,PLC0143,Jatrabari,SRC_BUS_GITHUB
SVC0049,7,Sayedabad,sayedabad,PLC0327,Sayedabad,SRC_BUS_GITHUB
SVC0049,8,Gulistan,gulistan,PLC0128,Gulistan Morh,SRC_BUS_GITHUB
SVC0049,9,GPO,gpo,PLC0124,GPO,SRC_BUS_GITHUB
SVC0049,10,Paltan,paltan,PLC0291,Paltan,SRC_BUS_GITHUB
SVC0049,11,Press Club,press club,PLC0298,Press Club,SRC_BUS_GITHUB
SVC0049,12,High Court,high court,PLC0133,High Court,SRC_BUS_GITHUB
SVC0049,13,Matsya Bhaban,matsya bhaban,PLC0222,Matsya Bhaban,SRC_BUS_GITHUB
SVC0049,14,Shahbag,shahbag,PLC0331,Shahbag,SRC_BUS_GITHUB
SVC0049,15,Bata Signal,bata signal,,,SRC_BUS_GITHUB
SVC0049,16,Science Lab,science lab,PLC0329,Science Lab,SRC_BUS_GITHUB
SVC0049,17,City College,city college,PLC0077,City College,SRC_BUS_GITHUB
SVC0049,18,Jigatola,jigatola,PLC0144,Jigatola,SRC_BUS_GITHUB
SVC0049,19,Dhanmondi 15,dhanmondi 15,PLC0092,Dhanmondi-15,SRC_BUS_GITHUB
SVC0049,20,Star Kabab,star kabab,,,SRC_BUS_GITHUB
SVC0049,21,Shankar,shankar,PLC0333,Shankar,SRC_BUS_GITHUB
SVC0049,22,Mohammadpur,mohammadpur,PLC0256,Mohammadpur (Japan Garden City),SRC_BUS_GITHUB
SVC0049,23,Bosila,basila,PLC0046,Basila,SRC_BUS_GITHUB
SVC0049,24,Ghatar Char,ghatar char,PLC0119,Ghatarchar,SRC_BUS_GITHUB
SVC0050,1,Fulbaria,fulbaria,PLC0113,Fulbaria,SRC_BUS_GITHUB
SVC0050,2,Chankhar Pul,chankhar pul,PLC0071,Chankharpul,SRC_BUS_GITHUB
SVC0050,3,Bakshi Bazar,bakshi bazar,PLC0030,Bakshibazar,SRC_BUS_GITHUB
SVC0050,4,Azimpur,azimpur,PLC0019,Azimpur (Dhakeswari),SRC_BUS_GITHUB
SVC0050,5,Nilkhet,nilkhet,PLC0280,Nilkhet,SRC_BUS_GITHUB
SVC0050,6,New Market,new market,PLC0279,New Market,SRC_BUS_GITHUB
SVC0050,7,City College,city college,PLC0077,City College,SRC_BUS_GITHUB
SVC0050,8,Kalabagan,kalabagan,PLC0156,Kalabagan,SRC_BUS_GITHUB
SVC0050,9,Dhanmondi 32,dhanmondi 32,,,SRC_BUS_GITHUB
SVC0050,10,Dhanmondi 27,dhanmondi 27,,,SRC_BUS_GITHUB
SVC0050,11,Asad Gate,asad gate,PLC0012,Asad Gate,SRC_BUS_GITHUB
SVC0050,12,College Gate,college gate,PLC0078,College Gate,SRC_BUS_GITHUB
SVC0050,13,Shishu Mela,shishu mela,PLC0343,Shishumela,SRC_BUS_GITHUB
SVC0050,14,Shyamoli,shyamoli,PLC0346,Shyamoli,SRC_BUS_GITHUB
SVC0050,15,Kallyanpur,kalyanpur,PLC0163,Kalyanpur,SRC_BUS_GITHUB
SVC0050,16,Darussalam,darussalam,PLC0080,Darussalam,SRC_BUS_GITHUB
SVC0050,17,Technical,technical,PLC0362,Technical,SRC_BUS_GITHUB
SVC0050,18,Gabtoli,gabtoli,PLC0114,Gabtoli,SRC_BUS_GITHUB
SVC0050,19,Amin Bazar,amin bazar,PLC0006,Amin Bazar,SRC_BUS_GITHUB
SVC0050,20,Hemayetpur,hemayetpur,PLC0132,Hemayetpur,SRC_BUS_GITHUB
SVC0050,21,Savar,savar,PLC0326,Savar,SRC_BUS_GITHUB
SVC0050,22,Dhamra,dhamra,PLC0090,Dhamrai,SRC_BUS_GITHUB
SVC0051,1,Motijheel,motijheel,PLC0263,Motijheel (Shapla Chattar),SRC_BUS_GITHUB
SVC0051,2,Dainik Bangla Moor,dainik bangla,,,SRC_BUS_GITHUB
SVC0051,3,Paltan,paltan,PLC0291,Paltan,SRC_BUS_GITHUB
SVC0051,4,Press Club,press club,PLC0298,Press Club,SRC_BUS_GITHUB
SVC0051,5,Matsya Bhaban,matsya bhaban,PLC0222,Matsya Bhaban,SRC_BUS_GITHUB
SVC0051,6,High Court,high court,PLC0133,High Court,SRC_BUS_GITHUB
SVC0051,7,Shahbag,shahbag,PLC0331,Shahbag,SRC_BUS_GITHUB
SVC0051,8,Bangla Motor,bangla motor,PLC0037,Bangla Motor,SRC_BUS_GITHUB
SVC0051,9,Kawran Bazar,kawran bazar,PLC0178,Kawran Bazar,SRC_BUS_GITHUB
SVC0051,10,Farmgate,farmgate,PLC0112,Farmgate,SRC_BUS_GITHUB
SVC0051,11,Asad Gate,asad gate,PLC0012,Asad Gate,SRC_BUS_GITHUB
SVC0051,12,College Gate,college gate,PLC0078,College Gate,SRC_BUS_GITHUB
SVC0051,13,Shishu Mela,shishu mela,PLC0343,Shishumela,SRC_BUS_GITHUB
SVC0051,14,Shyamoli,shyamoli,PLC0346,Shyamoli,SRC_BUS_GITHUB
SVC0051,15,Kallyanpur,kalyanpur,PLC0163,Kalyanpur,SRC_BUS_GITHUB
SVC0051,16,Technical,technical,PLC0362,Technical,SRC_BUS_GITHUB
SVC0051,17,Gabtoli,gabtoli,PLC0114,Gabtoli,SRC_BUS_GITHUB
SVC0051,18,Amin Bazar,amin bazar,PLC0006,Amin Bazar,SRC_BUS_GITHUB
SVC0051,19,Nobinagar,nobinagar,PLC0281,Nobinagar (Savar),SRC_BUS_GITHUB
SVC0051,20,Dhamrai,dhamrai,PLC0090,Dhamrai,SRC_BUS_GITHUB
SVC0051,21,Kalampur,kalampur,PLC0157,Kalampur,SRC_BUS_GITHUB
SVC0052,1,Tajmahal Road,tajmahal road,,,SRC_BUS_GITHUB
SVC0052,2,Shankar,shankar,PLC0333,Shankar,SRC_BUS_GITHUB
SVC0052,3,Dhanmondi 15,dhanmondi 15,PLC0092,Dhanmondi-15,SRC_BUS_GITHUB
SVC0052,4,Jigatola,jigatola,PLC0144,Jigatola,SRC_BUS_GITHUB
SVC0052,5,City College,city college,PLC0077,City College,SRC_BUS_GITHUB
SVC0052,6,Science Lab,science lab,PLC0329,Science Lab,SRC_BUS_GITHUB
SVC0052,7,Shahbag,shahbag,PLC0331,Shahbag,SRC_BUS_GITHUB
SVC0052,8,Matsya Bhaban,matsya bhaban,PLC0222,Matsya Bhaban,SRC_BUS_GITHUB
SVC0052,9,Paltan,paltan,PLC0291,Paltan,SRC_BUS_GITHUB
SVC0052,10,Gulistan,gulistan,PLC0128,Gulistan Morh,SRC_BUS_GITHUB
SVC0052,11,Motijheel,motijheel,PLC0263,Motijheel (Shapla Chattar),SRC_BUS_GITHUB
SVC0052,12,Arambagh,arambagh,PLC0010,Arambagh,SRC_BUS_GITHUB
SVC0053,1,Postagola,postagola,PLC0295,Postgola,SRC_BUS_GITHUB
SVC0053,2,Dholairpar,dholairpar,,,SRC_BUS_GITHUB
SVC0053,3,Jatrabari,jatrabari,PLC0143,Jatrabari,SRC_BUS_GITHUB
SVC0053,4,Sayedabad,sayedabad,PLC0327,Sayedabad,SRC_BUS_GITHUB
SVC0053,5,Mugdapara,mugdapara,,,SRC_BUS_GITHUB
SVC0053,6,Bashabo,bashabo,PLC0044,Basabo,SRC_BUS_GITHUB
SVC0053,7,Khilgaon,khilgaon,,,SRC_BUS_GITHUB
SVC0053,8,Malibagh,malibagh,PLC0212,Malibagh,SRC_BUS_GITHUB
SVC0053,9,Rampura Bazar,rampura bazar,,,SRC_BUS_GITHUB
SVC0053,10,Rampura Bridge,rampura bridge,PLC0314,Rampura Bridge,SRC_BUS_GITHUB
SVC0053,11,Merul,merul,,,SRC_BUS_GITHUB
SVC0053,12,Badda,badda,PLC0023,Badda,SRC_BUS_GITHUB
SVC0053,13,Uttar Badda,uttar badda,PLC0376,Uttar Badda,SRC_BUS_GITHUB
SVC0053,14,Bashtola,bashtola,,,SRC_BUS_GITHUB
SVC0053,15,Notun Bazar,notun bazar,PLC0284,Notun Bazar,SRC_BUS_GITHUB
SVC0053,16,Nadda,nadda,,,SRC_BUS_GITHUB
SVC0053,17,Bashundhara,bashundhara,PLC0045,Bashundhara,SRC_BUS_GITHUB
SVC0053,18,Jamuna Future Park,jamuna future park,PLC0139,Jamuna Future Park,SRC_BUS_GITHUB
SVC0053,19,Kuril Chourasta,kuril chourasta,,,SRC_BUS_GITHUB
SVC0053,20,Kuril Bishwa Road,kuril bishwa road,PLC0203,Kuril Bishwa Road,SRC_BUS_GITHUB
SVC0053,21,Khilkhet,khilkhet,PLC0193,Khilkhet,SRC_BUS_GITHUB
SVC0053,22,Airport,airport,PLC0005,Airport,SRC_BUS_GITHUB
SVC0053,23,Jashimuddin (Uttara),jashimuddin,PLC0142,Jasimuddin,SRC_BUS_GITHUB
SVC0053,24,Rajlakshmi,rajlakshmi,,,SRC_BUS_GITHUB
SVC0053,25,Azampur,azampur,PLC0017,Azampur,SRC_BUS_GITHUB
SVC0053,26,House Building,house building,PLC0135,House Building,SRC_BUS_GITHUB
SVC0053,27,Abdullahpur,abdullahpur,PLC0002,Abdullahpur (Jail),SRC_BUS_GITHUB
SVC0053,28,Kamarpara,kamarpara,PLC0169,Kamarpara,SRC_BUS_GITHUB
SVC0054,1,Azimpur,azimpur,PLC0019,Azimpur (Dhakeswari),SRC_BUS_GITHUB
SVC0054,2,Eden College,eden college,PLC0106,Eden College,SRC_BUS_GITHUB
SVC0054,3,Nilkhet,nilkhet,PLC0280,Nilkhet,SRC_BUS_GITHUB
SVC0054,4,New Market,new market,PLC0279,New Market,SRC_BUS_GITHUB
SVC0054,5,Science Lab,science lab,PLC0329,Science Lab,SRC_BUS_GITHUB
SVC0054,6,City College,city college,PLC0077,City College,SRC_BUS_GITHUB
SVC0054,7,Science Lab,science lab,PLC0329,Science Lab,SRC_BUS_GITHUB
SVC0054,8,Katabon,katabon,PLC0177,Katabon,SRC_BUS_GITHUB
SVC0054,9,Shahbag,shahbag,PLC0331,Shahbag,SRC_BUS_GITHUB
SVC0054,10,Bangla Motor,bangla motor,PLC0037,Bangla Motor,SRC_BUS_GITHUB
SVC0054,11,Kawran Bazar,kawran bazar,PLC0178,Kawran Bazar,SRC_BUS_GITHUB
SVC0054,12,Farmgate,farmgate,PLC0112,Farmgate,SRC_BUS_GITHUB
SVC0054,13,Jahangir Gate,jahangir gate,,,SRC_BUS_GITHUB
SVC0054,14,Mohakhali,mohakhali,PLC0250,Mohakhali,SRC_BUS_GITHUB
SVC0054,15,Wireless,wireless,,,SRC_BUS_GITHUB
SVC0054,16,Gulshan 1,gulshan 1,PLC0129,Gulshan-1,SRC_BUS_GITHUB
SVC0054,17,Badda,badda,PLC0023,Badda,SRC_BUS_GITHUB
SVC0054,18,Badda Link Road,badda link road,PLC0024,Badda Link Road,SRC_BUS_GITHUB
SVC0054,19,Uttar Badda,uttar badda,PLC0376,Uttar Badda,SRC_BUS_GITHUB
SVC0054,20,Shahjadpur,shahjadpur,,,SRC_BUS_GITHUB
SVC0054,21,Bashtola,bashtola,,,SRC_BUS_GITHUB
SVC0054,22,Notun Bazar,notun bazar,PLC0284,Notun Bazar,SRC_BUS_GITHUB
SVC0054,23,Nadda,nadda,,,SRC_BUS_GITHUB
SVC0054,24,Bashundhara,bashundhara,PLC0045,Bashundhara,SRC_BUS_GITHUB
SVC0054,25,Jamuna Future Park,jamuna future park,PLC0139,Jamuna Future Park,SRC_BUS_GITHUB
SVC0054,26,Kuril Bishwa Road,kuril bishwa road,PLC0203,Kuril Bishwa Road,SRC_BUS_GITHUB
SVC0055,1,Police Plaza,police plaza,,,SRC_BUS_GITHUB
SVC0055,2,Gulshan 1,gulshan 1,PLC0129,Gulshan-1,SRC_BUS_GITHUB
SVC0055,3,Gulshan 2,gulshan 2,PLC0130,Gulshan-2,SRC_BUS_GITHUB
SVC0056,1,Banani,banani,PLC0032,Banani,SRC_BUS_GITHUB
SVC0056,2,Gulshan 2,gulshan 2,PLC0130,Gulshan-2,SRC_BUS_GITHUB
SVC0056,3,Notun Bazar,notun bazar,PLC0284,Notun Bazar,SRC_BUS_GITHUB
SVC0057,1,Tajmahal Road,tajmahal road,,,SRC_BUS_GITHUB
SVC0057,2,Salimullah Road,salimullah road,,,SRC_BUS_GITHUB
SVC0057,3,Jakir Hossen Road,jakir hossen road,,,SRC_BUS_GITHUB
SVC0057,4,Shankar,shankar,PLC0333,Shankar,SRC_BUS_GITHUB
SVC0057,5,Star Kabab,star kabab,,,SRC_BUS_GITHUB
SVC0057,6,Dhanmondi 15,dhanmondi 15,PLC0092,Dhanmondi-15,SRC_BUS_GITHUB
SVC0057,7,Jigatola,jigatola,PLC0144,Jigatola,SRC_BUS_GITHUB
SVC0057,8,City College,city college,PLC0077,City College,SRC_BUS_GITHUB
SVC0057,9,Science Lab,science lab,PLC0329,Science Lab,SRC_BUS_GITHUB
SVC0057,10,Bata Signal,bata signal,,,SRC_BUS_GITHUB
SVC0057,11,Shahbag,shahbag,PLC0331,Shahbag,SRC_BUS_GITHUB
SVC0057,12,Matsya Bhaban,matsya bhaban,PLC0222,Matsya Bhaban,SRC_BUS_GITHUB
SVC0057,13,High Court,high court,PLC0133,High Court,SRC_BUS_GITHUB
SVC0057,14,Press Club,press club,PLC0298,Press Club,SRC_BUS_GITHUB
SVC0057,15,Paltan,paltan,PLC0291,Paltan,SRC_BUS_GITHUB
SVC0057,16,Baitul Mukarram,baitul mukarram,,,SRC_BUS_GITHUB
SVC0057,17,Gulistan,gulistan,PLC0128,Gulistan Morh,SRC_BUS_GITHUB
SVC0057,18,Motijheel,motijheel,PLC0263,Motijheel (Shapla Chattar),SRC_BUS_GITHUB
SVC0057,19,Arambagh,arambagh,PLC0010,Arambagh,SRC_BUS_GITHUB
SVC0058,1,Azimpur,azimpur,PLC0019,Azimpur (Dhakeswari),SRC_BUS_GITHUB
SVC0058,2,City College,city college,PLC0077,City College,SRC_BUS_GITHUB
SVC0058,3,Kolabagan,kolabagan,PLC0156,Kalabagan,SRC_BUS_GITHUB
SVC0058,4,Panthopoth,panthopoth,,,SRC_BUS_GITHUB
SVC0058,5,Karwan Bazar,kawran bazar,PLC0178,Kawran Bazar,SRC_BUS_GITHUB
SVC0058,6,Nabisco,nabisco,PLC0268,Nabisco,SRC_BUS_GITHUB
SVC0058,7,Gulshan Link Road,gulshan link road,,,SRC_BUS_GITHUB
SVC0058,8,Gulshan 1,gulshan 1,PLC0129,Gulshan-1,SRC_BUS_GITHUB
SVC0058,9,Kuril Bissho Road,kuril bissho road,PLC0203,Kuril Bishwa Road,SRC_BUS_GITHUB
SVC0059,1,Chiriyakhana,chiriyakhana,,,SRC_BUS_GITHUB
SVC0059,2,Mirpur 1,mirpur 1,PLC0239,Mirpur-1,SRC_BUS_GITHUB
SVC0059,3,Ansar Camp,ansar camp,PLC0008,Ansar Camp,SRC_BUS_GITHUB
SVC0059,4,Technical,technical,PLC0362,Technical,SRC_BUS_GITHUB
SVC0059,5,Kallyanpur,kalyanpur,PLC0163,Kalyanpur,SRC_BUS_GITHUB
SVC0059,6,Shyamoli,shyamoli,PLC0346,Shyamoli,SRC_BUS_GITHUB
SVC0059,7,Shishu Mela,shishu mela,PLC0343,Shishumela,SRC_BUS_GITHUB
SVC0059,8,College Gate,college gate,PLC0078,College Gate,SRC_BUS_GITHUB
SVC0059,9,Asad Gate,asad gate,PLC0012,Asad Gate,SRC_BUS_GITHUB
SVC0059,10,Khamar Bari,khamar bari,PLC0184,Khamarbari,SRC_BUS_GITHUB
SVC0059,11,Farmgate,farmgate,PLC0112,Farmgate,SRC_BUS_GITHUB
SVC0059,12,Kawran Bazar,kawran bazar,PLC0178,Kawran Bazar,SRC_BUS_GITHUB
SVC0059,13,Bangla Motor,bangla motor,PLC0037,Bangla Motor,SRC_BUS_GITHUB
SVC0059,14,Shahbag,shahbag,PLC0331,Shahbag,SRC_BUS_GITHUB
SVC0059,15,Matsya Bhaban,matsya bhaban,PLC0222,Matsya Bhaban,SRC_BUS_GITHUB
SVC0059,16,High Court,high court,PLC0133,High Court,SRC_BUS_GITHUB
SVC0059,17,Press Club,press club,PLC0298,Press Club,SRC_BUS_GITHUB
SVC0059,18,Paltan,paltan,PLC0291,Paltan,SRC_BUS_GITHUB
SVC0059,19,GPO,gpo,PLC0124,GPO,SRC_BUS_GITHUB
SVC0059,20,Golap Shah Mazar,golap shah mazar,PLC0123,Golapshah Mazar (Fulbaria),SRC_BUS_GITHUB
SVC0059,21,Naya Bazar,naya bazar,PLC0277,Nayabazar (No. 2 Buriganga Bridge),SRC_BUS_GITHUB
SVC0059,22,Babubazar,babubazar,PLC0020,Babu Bazar,SRC_BUS_GITHUB
SVC0059,23,Keraniganj,keraniganj,PLC0182,Keraniganj (New Jail),SRC_BUS_GITHUB
SVC0060,1,Golap Shah Mazar,golap shah mazar,PLC0123,Golapshah Mazar (Fulbaria),SRC_BUS_GITHUB
SVC0060,2,Shahbag,shahbag,PLC0331,Shahbag,SRC_BUS_GITHUB
SVC0060,3,Bangla Motor,bangla motor,PLC0037,Bangla Motor,SRC_BUS_GITHUB
SVC0060,4,Farmgate,farmgate,PLC0112,Farmgate,SRC_BUS_GITHUB
SVC0060,5,Agargaon,agargaon,PLC0004,Agargaon,SRC_BUS_GITHUB
SVC0060,6,Shewrapara,shewrapara,PLC0340,Shewrapara,SRC_BUS_GITHUB
SVC0060,7,Kazipara,kazipara,PLC0179,Kazipara,SRC_BUS_GITHUB
SVC0060,8,Mirpur 10,mirpur 10,PLC0240,Mirpur-10,SRC_BUS_GITHUB
SVC0060,9,Pallabi,pallabi,PLC0290,Pallabi (Mirpur-12),SRC_BUS_GITHUB
SVC0060,10,Mirpur 12,mirpur 12,PLC0243,Mirpur-12,SRC_BUS_GITHUB
SVC0061,1,Golap Shah Mazar,golap shah mazar,PLC0123,Golapshah Mazar (Fulbaria),SRC_BUS_GITHUB
SVC0061,2,GPO,gpo,PLC0124,GPO,SRC_BUS_GITHUB
SVC0061,3,Paltan,paltan,PLC0291,Paltan,SRC_BUS_GITHUB
SVC0061,4,Press Club,press club,PLC0298,Press Club,SRC_BUS_GITHUB
SVC0061,5,High Court,high court,PLC0133,High Court,SRC_BUS_GITHUB
SVC0061,6,Matsya Bhaban,matsya bhaban,PLC0222,Matsya Bhaban,SRC_BUS_GITHUB
SVC0061,7,Shahbag,shahbag,PLC0331,Shahbag,SRC_BUS_GITHUB
SVC0061,8,Bangla Motor,bangla motor,PLC0037,Bangla Motor,SRC_BUS_GITHUB
SVC0061,9,Kawran Bazar,kawran bazar,PLC0178,Kawran Bazar,SRC_BUS_GITHUB
SVC0061,10,Farmgate,farmgate,PLC0112,Farmgate,SRC_BUS_GITHUB
SVC0061,11,Khamar Bari,khamar bari,PLC0184,Khamarbari,SRC_BUS_GITHUB
SVC0061,12,Agargaon,agargaon,PLC0004,Agargaon,SRC_BUS_GITHUB
SVC0061,13,Taltola,taltola,,,SRC_BUS_GITHUB
SVC0061,14,Shewrapara,shewrapara,PLC0340,Shewrapara,SRC_BUS_GITHUB
SVC0061,15,Kazipara,kazipara,PLC0179,Kazipara,SRC_BUS_GITHUB
SVC0061,16,Mirpur 10,mirpur 10,PLC0240,Mirpur-10,SRC_BUS_GITHUB
SVC0061,17,Mirpur 11,mirpur 11,PLC0241,Mirpur-11,SRC_BUS_GITHUB
SVC0061,18,Purobi,purobi,PLC0302,Purbi,SRC_BUS_GITHUB
SVC0061,19,Pallabi,pallabi,PLC0290,Pallabi (Mirpur-12),SRC_BUS_GITHUB
SVC0061,20,Mirpur 12,mirpur 12,PLC0243,Mirpur-12,SRC_BUS_GITHUB
SVC0062,1,Rupnagar Abashik,rupnagar abashik,,,SRC_BUS_GITHUB
SVC0062,2,Mirpur 2,mirpur 2,PLC0245,Mirpur-2,SRC_BUS_GITHUB
SVC0062,3,Mirpur 1,mirpur 1,PLC0239,Mirpur-1,SRC_BUS_GITHUB
SVC0062,4,Khamar Bari Farmgate,khamar bari farmgate,,,SRC_BUS_GITHUB
SVC0062,5,Gulistan,gulistan,PLC0128,Gulistan Morh,SRC_BUS_GITHUB
SVC0062,6,Keraniganj,keraniganj,PLC0182,Keraniganj (New Jail),SRC_BUS_GITHUB
SVC0063,1,Vashantek,vashantek,,,SRC_BUS_GITHUB
SVC0063,2,Mirpur 14,mirpur 14,PLC0244,Mirpur-14,SRC_BUS_GITHUB
SVC0063,3,Mirpur 10,mirpur 10,PLC0240,Mirpur-10,SRC_BUS_GITHUB
SVC0063,4,Mirpur 2,mirpur 2,PLC0245,Mirpur-2,SRC_BUS_GITHUB
SVC0063,5,Sony Cenema Hall,sony cinema hall,PLC0352,Soni Cinema Hall,SRC_BUS_GITHUB
SVC0063,6,Mirpur 1,mirpur 1,PLC0239,Mirpur-1,SRC_BUS_GITHUB
SVC0063,7,Ansar Camp,ansar camp,PLC0008,Ansar Camp,SRC_BUS_GITHUB
SVC0063,8,Technical,technical,PLC0362,Technical,SRC_BUS_GITHUB
SVC0063,9,Gabtoli,gabtoli,PLC0114,Gabtoli,SRC_BUS_GITHUB
SVC0064,1,Mohammadpur,mohammadpur,PLC0256,Mohammadpur (Japan Garden City),SRC_BUS_GITHUB
SVC0064,2,Shankar,shankar,PLC0333,Shankar,SRC_BUS_GITHUB
SVC0064,3,Star Kabab,star kabab,,,SRC_BUS_GITHUB
SVC0064,4,Jigatola,jigatola,PLC0144,Jigatola,SRC_BUS_GITHUB
SVC0064,5,City College,city college,PLC0077,City College,SRC_BUS_GITHUB
SVC0064,6,Science Lab,science lab,PLC0329,Science Lab,SRC_BUS_GITHUB
SVC0064,7,Bata Signal,bata signal,,,SRC_BUS_GITHUB
SVC0064,8,Shahbag,shahbag,PLC0331,Shahbag,SRC_BUS_GITHUB
SVC0064,9,Matsya Bhaban,matsya bhaban,PLC0222,Matsya Bhaban,SRC_BUS_GITHUB
SVC0064,10,High Court,high court,PLC0133,High Court,SRC_BUS_GITHUB
SVC0064,11,Press Club,press club,PLC0298,Press Club,SRC_BUS_GITHUB
SVC0064,12,Paltan,paltan,PLC0291,Paltan,SRC_BUS_GITHUB
SVC0064,13,GPO,gpo,PLC0124,GPO,SRC_BUS_GITHUB
SVC0064,14,Gulistan,gulistan,PLC0128,Gulistan Morh,SRC_BUS_GITHUB
SVC0064,15,Sayedabad,sayedabad,PLC0327,Sayedabad,SRC_BUS_GITHUB
SVC0064,16,Janapath Moor,janapath,,,SRC_BUS_GITHUB
SVC0064,17,Jatrabari,jatrabari,PLC0143,Jatrabari,SRC_BUS_GITHUB
SVC0064,18,Shonir Akhra,shonir akhra,PLC0332,Shanir Akhra,SRC_BUS_GITHUB
SVC0064,19,Rayerbag,rayerbag,PLC0316,Rayerbag,SRC_BUS_GITHUB
SVC0064,20,Matuail,matuail,,,SRC_BUS_GITHUB
SVC0064,21,Sign Board,sign board,PLC0348,Signboard,SRC_BUS_GITHUB
SVC0064,22,Chittagong Road,chittagong road,,,SRC_BUS_GITHUB
SVC0065,1,Mohammadpur,mohammadpur,PLC0256,Mohammadpur (Japan Garden City),SRC_BUS_GITHUB
SVC0065,2,Shankar,shankar,PLC0333,Shankar,SRC_BUS_GITHUB
SVC0065,3,Dhanmondi 15,dhanmondi 15,PLC0092,Dhanmondi-15,SRC_BUS_GITHUB
SVC0065,4,Jigatola,jigatola,PLC0144,Jigatola,SRC_BUS_GITHUB
SVC0065,5,City College,city college,PLC0077,City College,SRC_BUS_GITHUB
SVC0065,6,Science Lab,science lab,PLC0329,Science Lab,SRC_BUS_GITHUB
SVC0065,7,Shahbag,shahbag,PLC0331,Shahbag,SRC_BUS_GITHUB
SVC0065,8,Matsya Bhaban,matsya bhaban,PLC0222,Matsya Bhaban,SRC_BUS_GITHUB
SVC0065,9,Paltan,paltan,PLC0291,Paltan,SRC_BUS_GITHUB
SVC0065,10,Gulistan,gulistan,PLC0128,Gulistan Morh,SRC_BUS_GITHUB
SVC0065,11,Motijheel,motijheel,PLC0263,Motijheel (Shapla Chattar),SRC_BUS_GITHUB
SVC0065,12,Arambagh,arambagh,PLC0010,Arambagh,SRC_BUS_GITHUB
SVC0066,1,Motijheel,motijheel,PLC0263,Motijheel (Shapla Chattar),SRC_BUS_GITHUB
SVC0066,2,Paltan,paltan,PLC0291,Paltan,SRC_BUS_GITHUB
SVC0066,3,Kakrail,kakrail,PLC0155,Kakrail,SRC_BUS_GITHUB
SVC0066,4,Shantinagar,shantinagar,,,SRC_BUS_GITHUB
SVC0066,5,Malibagh Moor,malibagh,PLC0212,Malibagh,SRC_BUS_GITHUB
SVC0066,6,Mouchak,mouchak,PLC0265,Mouchak (Flyover),SRC_BUS_GITHUB
SVC0066,7,Mogbazar,mogbazar,PLC0210,Magbazar,SRC_BUS_GITHUB
SVC0066,8,Nabisco,nabisco,PLC0268,Nabisco,SRC_BUS_GITHUB
SVC0066,9,Mohakhali,mohakhali,PLC0250,Mohakhali,SRC_BUS_GITHUB
SVC0066,10,Chairman Bari,chairman bari,,,SRC_BUS_GITHUB
SVC0066,11,Sainik Club,sainik club,PLC0324,Sainik Club,SRC_BUS_GITHUB
SVC0066,12,Kakali,kakali,,,SRC_BUS_GITHUB
SVC0066,13,Banani,banani,PLC0032,Banani,SRC_BUS_GITHUB
SVC0066,14,Staff Road,staff road,PLC0356,Staff Road,SRC_BUS_GITHUB
SVC0066,15,MES,mes,,,SRC_BUS_GITHUB
SVC0066,16,Shewra,shewra,,,SRC_BUS_GITHUB
SVC0066,17,Kuril Bishwa Road,kuril bishwa road,PLC0203,Kuril Bishwa Road,SRC_BUS_GITHUB
SVC0066,18,Khilkhet,khilkhet,PLC0193,Khilkhet,SRC_BUS_GITHUB
SVC0066,19,Airport,airport,PLC0005,Airport,SRC_BUS_GITHUB
SVC0066,20,Jashimuddin (Uttara),jashimuddin,PLC0142,Jasimuddin,SRC_BUS_GITHUB
SVC0066,21,Rajlakshmi,rajlakshmi,,,SRC_BUS_GITHUB
SVC0066,22,Azampur,azampur,PLC0017,Azampur,SRC_BUS_GITHUB
SVC0066,23,House Building,house building,PLC0135,House Building,SRC_BUS_GITHUB
SVC0066,24,Abdullahpur,abdullahpur,PLC0002,Abdullahpur (Jail),SRC_BUS_GITHUB
SVC0066,25,Tongi,tongi,PLC0368,Tongi (Bastuhara),SRC_BUS_GITHUB
SVC0066,26,Station Road,road,,,SRC_BUS_GITHUB
SVC0066,27,Mill Gate,mill gate,,,SRC_BUS_GITHUB
SVC0066,28,Board Bazar,board bazar,PLC0061,Board Bazar,SRC_BUS_GITHUB
SVC0066,29,Gazipur Chourasta,gazipur chourasta,,,SRC_BUS_GITHUB
SVC0066,30,Shib Bari,shib bari,,,SRC_BUS_GITHUB
SVC0067,1,Mirpur 14,mirpur 14,PLC0244,Mirpur-14,SRC_BUS_GITHUB
SVC0067,2,Mirpur 10,mirpur 10,PLC0240,Mirpur-10,SRC_BUS_GITHUB
SVC0067,3,Mirpur 2,mirpur 2,PLC0245,Mirpur-2,SRC_BUS_GITHUB
SVC0067,4,Sony Cinema Hall,sony cinema hall,PLC0352,Soni Cinema Hall,SRC_BUS_GITHUB
SVC0067,5,Mirpur 1,mirpur 1,PLC0239,Mirpur-1,SRC_BUS_GITHUB
SVC0067,6,Ansar Camp,ansar camp,PLC0008,Ansar Camp,SRC_BUS_GITHUB
SVC0067,7,Technical,technical,PLC0362,Technical,SRC_BUS_GITHUB
SVC0067,8,Gabtoli,gabtoli,PLC0114,Gabtoli,SRC_BUS_GITHUB
SVC0068,1,Chashara,chashara,,,SRC_BUS_GITHUB
SVC0068,2,Shibu Market,shibu market,,,SRC_BUS_GITHUB
SVC0068,3,Jalkuri,jalkuri,,,SRC_BUS_GITHUB
SVC0068,4,Sign Board,sign board,PLC0348,Signboard,SRC_BUS_GITHUB
SVC0068,5,Matuail,matuail,,,SRC_BUS_GITHUB
SVC0068,6,Rayerbag,rayerbag,PLC0316,Rayerbag,SRC_BUS_GITHUB
SVC0068,7,Shonir Akhra,shonir akhra,PLC0332,Shanir Akhra,SRC_BUS_GITHUB
SVC0068,8,Jatrabari,jatrabari,PLC0143,Jatrabari,SRC_BUS_GITHUB
SVC0068,9,Sayedabad,sayedabad,PLC0327,Sayedabad,SRC_BUS_GITHUB
SVC0068,10,Mugdapara,mugdapara,,,SRC_BUS_GITHUB
SVC0068,11,Bashabo,bashabo,PLC0044,Basabo,SRC_BUS_GITHUB
SVC0068,12,Khilgaon,khilgaon,,,SRC_BUS_GITHUB
SVC0068,13,Malibagh Railgate,malibagh railgate,,,SRC_BUS_GITHUB
SVC0068,14,Hazipara,hazipara,PLC0179,Kazipara,SRC_BUS_GITHUB
SVC0068,15,Rampura Bazar,rampura bazar,,,SRC_BUS_GITHUB
SVC0068,16,Rampura Bridge,rampura bridge,PLC0314,Rampura Bridge,SRC_BUS_GITHUB
SVC0068,17,Merul,merul,,,SRC_BUS_GITHUB
SVC0068,18,Badda,badda,PLC0023,Badda,SRC_BUS_GITHUB
SVC0068,19,Uttar Badda,uttar badda,PLC0376,Uttar Badda,SRC_BUS_GITHUB
SVC0068,20,Shahjadpur,shahjadpur,,,SRC_BUS_GITHUB
SVC0068,21,Bashtola,bashtola,,,SRC_BUS_GITHUB
SVC0068,22,Notun Bazar,notun bazar,PLC0284,Notun Bazar,SRC_BUS_GITHUB
SVC0068,23,Nadda,nadda,,,SRC_BUS_GITHUB
SVC0068,24,Bashundhara,bashundhara,PLC0045,Bashundhara,SRC_BUS_GITHUB
SVC0068,25,Jamuna Future Park,jamuna future park,PLC0139,Jamuna Future Park,SRC_BUS_GITHUB
SVC0068,26,Kuril Bishwa Road,kuril bishwa road,PLC0203,Kuril Bishwa Road,SRC_BUS_GITHUB
SVC0068,27,Khilkhet,khilkhet,PLC0193,Khilkhet,SRC_BUS_GITHUB
SVC0068,28,Airport,airport,PLC0005,Airport,SRC_BUS_GITHUB
SVC0068,29,Jashimuddin (Uttara),jashimuddin,PLC0142,Jasimuddin,SRC_BUS_GITHUB
SVC0068,30,Rajlakshmi,rajlakshmi,,,SRC_BUS_GITHUB
SVC0068,31,Azampur,azampur,PLC0017,Azampur,SRC_BUS_GITHUB
SVC0068,32,House Building,house building,PLC0135,House Building,SRC_BUS_GITHUB
SVC0068,33,Abdullahpur,abdullahpur,PLC0002,Abdullahpur (Jail),SRC_BUS_GITHUB
SVC0068,34,Tongi,tongi,PLC0368,Tongi (Bastuhara),SRC_BUS_GITHUB
SVC0068,35,Station Road,road,,,SRC_BUS_GITHUB
SVC0068,36,Mill Gate,mill gate,,,SRC_BUS_GITHUB
SVC0068,37,Board Bazar,board bazar,PLC0061,Board Bazar,SRC_BUS_GITHUB
SVC0068,38,Gazipur Bypass,gazipur bypass,,,SRC_BUS_GITHUB
SVC0068,39,Gazipur Chourasta,gazipur chourasta,,,SRC_BUS_GITHUB
SVC0069,1,Motijheel,motijheel,PLC0263,Motijheel (Shapla Chattar),SRC_BUS_GITHUB
SVC0069,2,Gulistan,gulistan,PLC0128,Gulistan Morh,SRC_BUS_GITHUB
SVC0069,3,GPO,gpo,PLC0124,GPO,SRC_BUS_GITHUB
SVC0069,4,Paltan,paltan,PLC0291,Paltan,SRC_BUS_GITHUB
SVC0069,5,Kakrail,kakrail,PLC0155,Kakrail,SRC_BUS_GITHUB
SVC0069,6,Shantinagar,shantinagar,,,SRC_BUS_GITHUB
SVC0069,7,Malibagh Moor,malibagh,PLC0212,Malibagh,SRC_BUS_GITHUB
SVC0069,8,Mouchak,mouchak,PLC0265,Mouchak (Flyover),SRC_BUS_GITHUB
SVC0069,9,Malibagh Railgate,malibagh railgate,,,SRC_BUS_GITHUB
SVC0069,10,Hazipara,hazipara,PLC0179,Kazipara,SRC_BUS_GITHUB
SVC0069,11,Rampura Bazar,rampura bazar,,,SRC_BUS_GITHUB
SVC0069,12,Rampura Bridge,rampura bridge,PLC0314,Rampura Bridge,SRC_BUS_GITHUB
SVC0069,13,Merul,merul,,,SRC_BUS_GITHUB
SVC0069,14,Badda,badda,PLC0023,Badda,SRC_BUS_GITHUB
SVC0069,15,Uttar Badda,uttar badda,PLC0376,Uttar Badda,SRC_BUS_GITHUB
SVC0069,16,Shahjadpur,shahjadpur,,,SRC_BUS_GITHUB
SVC0069,17,Bashtola,bashtola,,,SRC_BUS_GITHUB
SVC0069,18,Notun Bazar,notun bazar,PLC0284,Notun Bazar,SRC_BUS_GITHUB
SVC0069,19,Nadda,nadda,,,SRC_BUS_GITHUB
SVC0069,20,Bashundhara,bashundhara,PLC0045,Bashundhara,SRC_BUS_GITHUB
SVC0069,21,Jamuna Future Park,jamuna future park,PLC0139,Jamuna Future Park,SRC_BUS_GITHUB
SVC0069,22,Kuril Bishwa Road,kuril bishwa road,PLC0203,Kuril Bishwa Road,SRC_BUS_GITHUB
SVC0069,23,Khilkhet,khilkhet,PLC0193,Khilkhet,SRC_BUS_GITHUB
SVC0069,24,Airport,airport,PLC0005,Airport,SRC_BUS_GITHUB
SVC0069,25,Jashimuddin (Uttara),jashimuddin,PLC0142,Jasimuddin,SRC_BUS_GITHUB
SVC0069,26,Rajlakshmi,rajlakshmi,,,SRC_BUS_GITHUB
SVC0069,27,Azampur,azampur,PLC0017,Azampur,SRC_BUS_GITHUB
SVC0069,28,House Building,house building,PLC0135,House Building,SRC_BUS_GITHUB
SVC0069,29,Abdullahpur,abdullahpur,PLC0002,Abdullahpur (Jail),SRC_BUS_GITHUB
SVC0070,1,Banani,banani,PLC0032,Banani,SRC_BUS_GITHUB
SVC0070,2,Gulshan 2,gulshan 2,PLC0130,Gulshan-2,SRC_BUS_GITHUB
SVC0070,3,Notun Bazar,notun bazar,PLC0284,Notun Bazar,SRC_BUS_GITHUB
SVC0071,1,Mirpur 12,mirpur 12,PLC0243,Mirpur-12,SRC_BUS_GITHUB
SVC0071,2,Pallabi,pallabi,PLC0290,Pallabi (Mirpur-12),SRC_BUS_GITHUB
SVC0071,3,Purobi,purobi,PLC0302,Purbi,SRC_BUS_GITHUB
SVC0071,4,Mirpur 10,mirpur 10,PLC0240,Mirpur-10,SRC_BUS_GITHUB
SVC0071,5,Kazipara,kazipara,PLC0179,Kazipara,SRC_BUS_GITHUB
SVC0071,6,Shewrapara,shewrapara,PLC0340,Shewrapara,SRC_BUS_GITHUB
SVC0071,7,Agargaon,agargaon,PLC0004,Agargaon,SRC_BUS_GITHUB
SVC0071,8,Bijoy Sarani,bijoy sarani,PLC0057,Bijay Smarani,SRC_BUS_GITHUB
SVC0071,9,Farmgate,farmgate,PLC0112,Farmgate,SRC_BUS_GITHUB
SVC0071,10,Kawran Bazar,kawran bazar,PLC0178,Kawran Bazar,SRC_BUS_GITHUB
SVC0071,11,Bangla Motor,bangla motor,PLC0037,Bangla Motor,SRC_BUS_GITHUB
SVC0071,12,Shahbag,shahbag,PLC0331,Shahbag,SRC_BUS_GITHUB
SVC0071,13,Matsya Bhaban,matsya bhaban,PLC0222,Matsya Bhaban,SRC_BUS_GITHUB
SVC0071,14,High Court,high court,PLC0133,High Court,SRC_BUS_GITHUB
SVC0071,15,Press Club,press club,PLC0298,Press Club,SRC_BUS_GITHUB
SVC0071,16,Paltan,paltan,PLC0291,Paltan,SRC_BUS_GITHUB
SVC0071,17,GPO,gpo,PLC0124,GPO,SRC_BUS_GITHUB
SVC0071,18,Gulistan,gulistan,PLC0128,Gulistan Morh,SRC_BUS_GITHUB
SVC0071,19,Motijheel,motijheel,PLC0263,Motijheel (Shapla Chattar),SRC_BUS_GITHUB
SVC0072,1,Mirpur Sony Cinema Hall,mirpur sony cinema hall,,,SRC_BUS_GITHUB
SVC0072,2,Mirpur 10,mirpur 10,PLC0240,Mirpur-10,SRC_BUS_GITHUB
SVC0072,3,Kazipara,kazipara,PLC0179,Kazipara,SRC_BUS_GITHUB
SVC0072,4,Shewrapara,shewrapara,PLC0340,Shewrapara,SRC_BUS_GITHUB
SVC0072,5,Mohakhali,mohakhali,PLC0250,Mohakhali,SRC_BUS_GITHUB
SVC0072,6,Gulshan 1,gulshan 1,PLC0129,Gulshan-1,SRC_BUS_GITHUB
SVC0072,7,Badda,badda,PLC0023,Badda,SRC_BUS_GITHUB
SVC0072,8,Rampura Bridge,rampura bridge,PLC0314,Rampura Bridge,SRC_BUS_GITHUB
SVC0072,9,Rampura Bazar,rampura bazar,,,SRC_BUS_GITHUB
SVC0072,10,Khilgaon Khidma Hospital,khilgaon khidma hospital,PLC0190,Khilgaon Khidma Hospital,SRC_BUS_GITHUB
SVC0073,1,Metro Hall,metro hall,,,SRC_BUS_GITHUB
SVC0073,2,Chashara,chashara,,,SRC_BUS_GITHUB
SVC0073,3,Shibu Market,shibu market,,,SRC_BUS_GITHUB
SVC0073,4,Jalkuri,jalkuri,,,SRC_BUS_GITHUB
SVC0073,5,Sign Board,sign board,PLC0348,Signboard,SRC_BUS_GITHUB
SVC0073,6,Matuail,matuail,,,SRC_BUS_GITHUB
SVC0073,7,Rayerbag,rayerbag,PLC0316,Rayerbag,SRC_BUS_GITHUB
SVC0073,8,Shonir Akhra,shonir akhra,PLC0332,Shanir Akhra,SRC_BUS_GITHUB
SVC0073,9,Jatrabari,jatrabari,PLC0143,Jatrabari,SRC_BUS_GITHUB
SVC0073,10,Janapath Moor,janapath,,,SRC_BUS_GITHUB
SVC0073,11,Gulistan,gulistan,PLC0128,Gulistan Morh,SRC_BUS_GITHUB
SVC0073,12,GPO,gpo,PLC0124,GPO,SRC_BUS_GITHUB
SVC0073,13,Paltan,paltan,PLC0291,Paltan,SRC_BUS_GITHUB
SVC0073,14,Press Club,press club,PLC0298,Press Club,SRC_BUS_GITHUB
SVC0073,15,High Court,high court,PLC0133,High Court,SRC_BUS_GITHUB
SVC0073,16,Matsya Bhaban,matsya bhaban,PLC0222,Matsya Bhaban,SRC_BUS_GITHUB
SVC0073,17,Shahbag,shahbag,PLC0331,Shahbag,SRC_BUS_GITHUB
SVC0073,18,Bangla Motor,bangla motor,PLC0037,Bangla Motor,SRC_BUS_GITHUB
SVC0073,19,Kawran Bazar,kawran bazar,PLC0178,Kawran Bazar,SRC_BUS_GITHUB
SVC0073,20,Farmgate Bijoy Sarani,farmgate bijoy sarani,,,SRC_BUS_GITHUB
SVC0073,21,Agargaon,agargaon,PLC0004,Agargaon,SRC_BUS_GITHUB
SVC0073,22,Taltola,taltola,,,SRC_BUS_GITHUB
SVC0073,23,Shewrapara,shewrapara,PLC0340,Shewrapara,SRC_BUS_GITHUB
SVC0073,24,Kazipara,kazipara,PLC0179,Kazipara,SRC_BUS_GITHUB
SVC0073,25,Mirpur 10,mirpur 10,PLC0240,Mirpur-10,SRC_BUS_GITHUB
SVC0073,26,Mirpur 11,mirpur 11,PLC0241,Mirpur-11,SRC_BUS_GITHUB
SVC0073,27,Purobi Pallabi,purobi pallabi,,,SRC_BUS_GITHUB
SVC0073,28,Mirpur 12,mirpur 12,PLC0243,Mirpur-12,SRC_BUS_GITHUB
SVC0074,1,Madanpur,madanpur,PLC0209,Madanpur,SRC_BUS_GITHUB
SVC0074,2,Jatrabari,jatrabari,PLC0143,Jatrabari,SRC_BUS_GITHUB
SVC0074,3,Bangladesh Bank,bangladesh bank,PLC0038,Bangladesh Bank,SRC_BUS_GITHUB
SVC0074,4,Mogbazar Mohakhali,mogbazar mohakhali,,,SRC_BUS_GITHUB
SVC0074,5,Tongi,tongi,PLC0368,Tongi (Bastuhara),SRC_BUS_GITHUB
SVC0075,1,Mirpur 14,mirpur 14,PLC0244,Mirpur-14,SRC_BUS_GITHUB
SVC0075,2,Mirpur 10,mirpur 10,PLC0240,Mirpur-10,SRC_BUS_GITHUB
SVC0075,3,Mirpur 2,mirpur 2,PLC0245,Mirpur-2,SRC_BUS_GITHUB
SVC0075,4,Sony Cinema Hall Mirpur 1,sony cinema hall mirpur 1,,,SRC_BUS_GITHUB
SVC0075,5,Ansar Camp,ansar camp,PLC0008,Ansar Camp,SRC_BUS_GITHUB
SVC0075,6,Technical,technical,PLC0362,Technical,SRC_BUS_GITHUB
SVC0075,7,Gabtoli,gabtoli,PLC0114,Gabtoli,SRC_BUS_GITHUB
SVC0075,8,Amin Bazar,amin bazar,PLC0006,Amin Bazar,SRC_BUS_GITHUB
SVC0075,9,Hemayetpur,hemayetpur,PLC0132,Hemayetpur,SRC_BUS_GITHUB
SVC0075,10,Savar,savar,PLC0326,Savar,SRC_BUS_GITHUB
SVC0075,11,Nobinagar Baipayl,nobinagar baipail,,,SRC_BUS_GITHUB
SVC0075,12,Zirani Bazar,zirani bazar,PLC0147,Jirani Bazar,SRC_BUS_GITHUB
SVC0075,13,Nandan Park,nandan park,PLC0269,Nandan Park,SRC_BUS_GITHUB
SVC0075,14,Chandra,chandra,PLC0070,Chandra,SRC_BUS_GITHUB
SVC0076,1,Agargaon,agargaon,PLC0004,Agargaon,SRC_BUS_GITHUB
SVC0076,2,Taltola,taltola,,,SRC_BUS_GITHUB
SVC0076,3,Shewrapara,shewrapara,PLC0340,Shewrapara,SRC_BUS_GITHUB
SVC0076,4,Kazipara,kazipara,PLC0179,Kazipara,SRC_BUS_GITHUB
SVC0076,5,Mirpur 10,mirpur 10,PLC0240,Mirpur-10,SRC_BUS_GITHUB
SVC0076,6,Mirpur 11,mirpur 11,PLC0241,Mirpur-11,SRC_BUS_GITHUB
SVC0076,7,Purobi,purobi,PLC0302,Purbi,SRC_BUS_GITHUB
SVC0076,8,Pallabi,pallabi,PLC0290,Pallabi (Mirpur-12),SRC_BUS_GITHUB
SVC0076,9,Kalshi,kalshi,PLC0161,Kalshi Morh,SRC_BUS_GITHUB
SVC0076,10,Kuril Bishwa Road,kuril bishwa road,PLC0203,Kuril Bishwa Road,SRC_BUS_GITHUB
SVC0076,11,Airport,airport,PLC0005,Airport,SRC_BUS_GITHUB
SVC0076,12,Jashimuddin (Uttara),jashimuddin,PLC0142,Jasimuddin,SRC_BUS_GITHUB
SVC0076,13,Rajlakshmi House Building,rajlakshmi house building,,,SRC_BUS_GITHUB
SVC0076,14,Abdullahpur,abdullahpur,PLC0002,Abdullahpur (Jail),SRC_BUS_GITHUB
SVC0077,1,Gabtoli,gabtoli,PLC0114,Gabtoli,SRC_BUS_GITHUB
SVC0077,2,Mirpur 1,mirpur 1,PLC0239,Mirpur-1,SRC_BUS_GITHUB
SVC0077,3,Mirpur 10,mirpur 10,PLC0240,Mirpur-10,SRC_BUS_GITHUB
SVC0077,4,Kalshi,kalshi,PLC0161,Kalshi Morh,SRC_BUS_GITHUB
SVC0077,5,Kuril Flyover,kuril flyover,PLC0205,Kuril Flyover,SRC_BUS_GITHUB
SVC0077,6,Notun Bazar,notun bazar,PLC0284,Notun Bazar,SRC_BUS_GITHUB
SVC0078,1,Chittagong Road,chittagong road,,,SRC_BUS_GITHUB
SVC0078,2,Sign Board,sign board,PLC0348,Signboard,SRC_BUS_GITHUB
SVC0078,3,Matuail,matuail,,,SRC_BUS_GITHUB
SVC0078,4,Rayerbag,rayerbag,PLC0316,Rayerbag,SRC_BUS_GITHUB
SVC0078,5,Shonir Akhra,shonir akhra,PLC0332,Shanir Akhra,SRC_BUS_GITHUB
SVC0078,6,Jatrabari,jatrabari,PLC0143,Jatrabari,SRC_BUS_GITHUB
SVC0078,7,Sayedabad,sayedabad,PLC0327,Sayedabad,SRC_BUS_GITHUB
SVC0078,8,Gulistan,gulistan,PLC0128,Gulistan Morh,SRC_BUS_GITHUB
SVC0078,9,Chankhar Pul,chankhar pul,PLC0071,Chankharpul,SRC_BUS_GITHUB
SVC0078,10,Bakshi Bazar,bakshi bazar,PLC0030,Bakshibazar,SRC_BUS_GITHUB
SVC0078,11,Azimpur,azimpur,PLC0019,Azimpur (Dhakeswari),SRC_BUS_GITHUB
SVC0078,12,Nilkhet,nilkhet,PLC0280,Nilkhet,SRC_BUS_GITHUB
SVC0078,13,New Market,new market,PLC0279,New Market,SRC_BUS_GITHUB
SVC0078,14,Science Lab,science lab,PLC0329,Science Lab,SRC_BUS_GITHUB
SVC0078,15,City College,city college,PLC0077,City College,SRC_BUS_GITHUB
SVC0078,16,Jigatola,jigatola,PLC0144,Jigatola,SRC_BUS_GITHUB
SVC0078,17,Dhanmondi 15,dhanmondi 15,PLC0092,Dhanmondi-15,SRC_BUS_GITHUB
SVC0078,18,Star Kabab,star kabab,,,SRC_BUS_GITHUB
SVC0078,19,Shankar,shankar,PLC0333,Shankar,SRC_BUS_GITHUB
SVC0078,20,Mohammadpur,mohammadpur,PLC0256,Mohammadpur (Japan Garden City),SRC_BUS_GITHUB
SVC0078,21,Ghatar Char,ghatar char,PLC0119,Ghatarchar,SRC_BUS_GITHUB
SVC0079,1,Mirpur 1,mirpur 1,PLC0239,Mirpur-1,SRC_BUS_GITHUB
SVC0079,2,Sony Cinema Hall,sony cinema hall,PLC0352,Soni Cinema Hall,SRC_BUS_GITHUB
SVC0079,3,Mirpur 2,mirpur 2,PLC0245,Mirpur-2,SRC_BUS_GITHUB
SVC0079,4,Mirpur 10,mirpur 10,PLC0240,Mirpur-10,SRC_BUS_GITHUB
SVC0079,5,Mirpur 11,mirpur 11,PLC0241,Mirpur-11,SRC_BUS_GITHUB
SVC0079,6,Purobi,purobi,PLC0302,Purbi,SRC_BUS_GITHUB
SVC0079,7,Kalshi,kalshi,PLC0161,Kalshi Morh,SRC_BUS_GITHUB
SVC0079,8,ECB Square,ecb square,,,SRC_BUS_GITHUB
SVC0079,9,MES,mes,,,SRC_BUS_GITHUB
SVC0079,10,Shewra,shewra,,,SRC_BUS_GITHUB
SVC0079,11,Kuril Bishwa Road,kuril bishwa road,PLC0203,Kuril Bishwa Road,SRC_BUS_GITHUB
SVC0079,12,Khilkhet,khilkhet,PLC0193,Khilkhet,SRC_BUS_GITHUB
SVC0079,13,Airport Jashimuddin (Uttara),airport jashimuddin,,,SRC_BUS_GITHUB
SVC0079,14,Rajlakshmi,rajlakshmi,,,SRC_BUS_GITHUB
SVC0079,15,Azampur,azampur,PLC0017,Azampur,SRC_BUS_GITHUB
SVC0079,16,House Building,house building,PLC0135,House Building,SRC_BUS_GITHUB
SVC0079,17,Abdulla,abdulla,,,SRC_BUS_GITHUB
SVC0080,1,Jatrabari,jatrabari,PLC0143,Jatrabari,SRC_BUS_GITHUB
SVC0080,2,Sayedabad,sayedabad,PLC0327,Sayedabad,SRC_BUS_GITHUB
SVC0080,3,Gulistan,gulistan,PLC0128,Gulistan Morh,SRC_BUS_GITHUB
SVC0080,4,GPO,gpo,PLC0124,GPO,SRC_BUS_GITHUB
SVC0080,5,Paltan,paltan,PLC0291,Paltan,SRC_BUS_GITHUB
SVC0080,6,Press Club,press club,PLC0298,Press Club,SRC_BUS_GITHUB
SVC0080,7,High Court,high court,PLC0133,High Court,SRC_BUS_GITHUB
SVC0080,8,Matsya Bhaban,matsya bhaban,PLC0222,Matsya Bhaban,SRC_BUS_GITHUB
SVC0080,9,Shahbag,shahbag,PLC0331,Shahbag,SRC_BUS_GITHUB
SVC0080,10,Bangla Motor,bangla motor,PLC0037,Bangla Motor,SRC_BUS_GITHUB
SVC0080,11,Kawran Bazar,kawran bazar,PLC0178,Kawran Bazar,SRC_BUS_GITHUB
SVC0080,12,Farmgate,farmgate,PLC0112,Farmgate,SRC_BUS_GITHUB
SVC0080,13,Khamar Bari,khamar bari,PLC0184,Khamarbari,SRC_BUS_GITHUB
SVC0080,14,Agargaon,agargaon,PLC0004,Agargaon,SRC_BUS_GITHUB
SVC0080,15,Taltola,taltola,,,SRC_BUS_GITHUB
SVC0080,16,Shewrapara,shewrapara,PLC0340,Shewrapara,SRC_BUS_GITHUB
SVC0080,17,Kazipara,kazipara,PLC0179,Kazipara,SRC_BUS_GITHUB
SVC0080,18,Mirpur 10,mirpur 10,PLC0240,Mirpur-10,SRC_BUS_GITHUB
SVC0080,19,Mirpur 11,mirpur 11,PLC0241,Mirpur-11,SRC_BUS_GITHUB
SVC0080,20,Purobi,purobi,PLC0302,Purbi,SRC_BUS_GITHUB
SVC0080,21,Pallabi,pallabi,PLC0290,Pallabi (Mirpur-12),SRC_BUS_GITHUB
SVC0080,22,Mirpur 12,mirpur 12,PLC0243,Mirpur-12,SRC_BUS_GITHUB
SVC0081,1,Chiriyakhana,chiriyakhana,,,SRC_BUS_GITHUB
SVC0081,2,Mirpur 1,mirpur 1,PLC0239,Mirpur-1,SRC_BUS_GITHUB
SVC0081,3,Sony Cinema Hall,sony cinema hall,PLC0352,Soni Cinema Hall,SRC_BUS_GITHUB
SVC0081,4,Rupnagar,rupnagar,,,SRC_BUS_GITHUB
SVC0081,5,Birulia,birulia,,,SRC_BUS_GITHUB
SVC0081,6,Ashulia,ashulia,PLC0015,Ashulia (Fantasy Kingdom),SRC_BUS_GITHUB
SVC0081,7,Zirabo,zirabo,PLC0385,Zirab,SRC_BUS_GITHUB
SVC0081,8,Narshinghapur,narshinghapur,PLC0273,Narsinghpur,SRC_BUS_GITHUB
SVC0081,9,Sura Bari,sura bari,,,SRC_BUS_GITHUB
SVC0081,10,Kashimpur,kashimpur,,,SRC_BUS_GITHUB
SVC0081,11,Jarun,jarun,,,SRC_BUS_GITHUB
SVC0081,12,Konabari,konabari,PLC0197,Konabari,SRC_BUS_GITHUB
SVC0082,1,Savar,savar,PLC0326,Savar,SRC_BUS_GITHUB
SVC0082,2,Hemayetpur,hemayetpur,PLC0132,Hemayetpur,SRC_BUS_GITHUB
SVC0082,3,Amin Bazar,amin bazar,PLC0006,Amin Bazar,SRC_BUS_GITHUB
SVC0082,4,Gabtoli,gabtoli,PLC0114,Gabtoli,SRC_BUS_GITHUB
SVC0082,5,Technical,technical,PLC0362,Technical,SRC_BUS_GITHUB
SVC0082,6,Kallyanpur,kalyanpur,PLC0163,Kalyanpur,SRC_BUS_GITHUB
SVC0082,7,Shyamoli,shyamoli,PLC0346,Shyamoli,SRC_BUS_GITHUB
SVC0082,8,Shishu Mela,shishu mela,PLC0343,Shishumela,SRC_BUS_GITHUB
SVC0082,9,College Gate,college gate,PLC0078,College Gate,SRC_BUS_GITHUB
SVC0082,10,Asad Gate,asad gate,PLC0012,Asad Gate,SRC_BUS_GITHUB
SVC0082,11,Khamar Bari,khamar bari,PLC0184,Khamarbari,SRC_BUS_GITHUB
SVC0082,12,Farmgate,farmgate,PLC0112,Farmgate,SRC_BUS_GITHUB
SVC0082,13,Kawran Bazar,kawran bazar,PLC0178,Kawran Bazar,SRC_BUS_GITHUB
SVC0082,14,Bangla Motor,bangla motor,PLC0037,Bangla Motor,SRC_BUS_GITHUB
SVC0082,15,Mogbazar,mogbazar,PLC0210,Magbazar,SRC_BUS_GITHUB
SVC0082,16,Mouchak,mouchak,PLC0265,Mouchak (Flyover),SRC_BUS_GITHUB
SVC0082,17,Malibagh Moor,malibagh,PLC0212,Malibagh,SRC_BUS_GITHUB
SVC0082,18,Rajarbag,rajarbag,PLC0305,Rajarbagh,SRC_BUS_GITHUB
SVC0082,19,Khilgaon Flyover,khilgaon flyover,PLC0189,Khilgaon Flyover,SRC_BUS_GITHUB
SVC0082,20,Bashabo,bashabo,PLC0044,Basabo,SRC_BUS_GITHUB
SVC0082,21,Mugdapara,mugdapara,,,SRC_BUS_GITHUB
SVC0082,22,Manik Nagar,manik nagar,PLC0220,Maniknagar,SRC_BUS_GITHUB
SVC0082,23,Golapbag Chourasta,golapbag chourasta,,,SRC_BUS_GITHUB
SVC0082,24,Sayedabad,sayedabad,PLC0327,Sayedabad,SRC_BUS_GITHUB
SVC0082,25,Janapath Moor,janapath,,,SRC_BUS_GITHUB
SVC0082,26,Jatrabari,jatrabari,PLC0143,Jatrabari,SRC_BUS_GITHUB
SVC0082,27,Kazla,kazla,,,SRC_BUS_GITHUB
SVC0082,28,Shonir Akhra,shonir akhra,PLC0332,Shanir Akhra,SRC_BUS_GITHUB
SVC0082,29,Rayerbag,rayerbag,PLC0316,Rayerbag,SRC_BUS_GITHUB
SVC0082,30,Matuail,matuail,,,SRC_BUS_GITHUB
SVC0082,31,Sign Board,sign board,PLC0348,Signboard,SRC_BUS_GITHUB
SVC0083,1,Nandan Park,nandan park,PLC0269,Nandan Park,SRC_BUS_GITHUB
SVC0083,2,Zirani Bazar,zirani bazar,PLC0147,Jirani Bazar,SRC_BUS_GITHUB
SVC0083,3,Baipayl,baipail,PLC0029,Baipail,SRC_BUS_GITHUB
SVC0083,4,Nobinagar,nobinagar,PLC0281,Nobinagar (Savar),SRC_BUS_GITHUB
SVC0083,5,Savar,savar,PLC0326,Savar,SRC_BUS_GITHUB
SVC0083,6,Hemayetpur,hemayetpur,PLC0132,Hemayetpur,SRC_BUS_GITHUB
SVC0083,7,Amin Bazar,amin bazar,PLC0006,Amin Bazar,SRC_BUS_GITHUB
SVC0083,8,Gabtoli,gabtoli,PLC0114,Gabtoli,SRC_BUS_GITHUB
SVC0083,9,Technical,technical,PLC0362,Technical,SRC_BUS_GITHUB
SVC0083,10,Kallyanpur,kalyanpur,PLC0163,Kalyanpur,SRC_BUS_GITHUB
SVC0083,11,Shyamoli,shyamoli,PLC0346,Shyamoli,SRC_BUS_GITHUB
SVC0083,12,Shishu Mela,shishu mela,PLC0343,Shishumela,SRC_BUS_GITHUB
SVC0083,13,College Gate,college gate,PLC0078,College Gate,SRC_BUS_GITHUB
SVC0083,14,Asad Gate,asad gate,PLC0012,Asad Gate,SRC_BUS_GITHUB
SVC0083,15,Khamar Bari,khamar bari,PLC0184,Khamarbari,SRC_BUS_GITHUB
SVC0083,16,Farmgate,farmgate,PLC0112,Farmgate,SRC_BUS_GITHUB
SVC0083,17,Kawran Bazar,kawran bazar,PLC0178,Kawran Bazar,SRC_BUS_GITHUB
SVC0083,18,Bangla Motor,bangla motor,PLC0037,Bangla Motor,SRC_BUS_GITHUB
SVC0083,19,Shahbag,shahbag,PLC0331,Shahbag,SRC_BUS_GITHUB
SVC0083,20,High Court,high court,PLC0133,High Court,SRC_BUS_GITHUB
SVC0083,21,Press Club,press club,PLC0298,Press Club,SRC_BUS_GITHUB
SVC0083,22,Paltan,paltan,PLC0291,Paltan,SRC_BUS_GITHUB
SVC0083,23,GPO,gpo,PLC0124,GPO,SRC_BUS_GITHUB
SVC0083,24,Gulistan,gulistan,PLC0128,Gulistan Morh,SRC_BUS_GITHUB
SVC0083,25,Motijheel,motijheel,PLC0263,Motijheel (Shapla Chattar),SRC_BUS_GITHUB
SVC0084,1,Mirpur 12,mirpur 12,PLC0243,Mirpur-12,SRC_BUS_GITHUB
SVC0084,2,Pallabi,pallabi,PLC0290,Pallabi (Mirpur-12),SRC_BUS_GITHUB
SVC0084,3,Purobi,purobi,PLC0302,Purbi,SRC_BUS_GITHUB
SVC0084,4,Mirpur 11,mirpur 11,PLC0241,Mirpur-11,SRC_BUS_GITHUB
SVC0084,5,Mirpur 1,mirpur 1,PLC0239,Mirpur-1,SRC_BUS_GITHUB
SVC0084,6,Kazipara,kazipara,PLC0179,Kazipara,SRC_BUS_GITHUB
SVC0084,7,Shewrapara,shewrapara,PLC0340,Shewrapara,SRC_BUS_GITHUB
SVC0084,8,Taltola,taltola,,,SRC_BUS_GITHUB
SVC0084,9,Agargaon,agargaon,PLC0004,Agargaon,SRC_BUS_GITHUB
SVC0084,10,Bijoy Sarani,bijoy sarani,PLC0057,Bijay Smarani,SRC_BUS_GITHUB
SVC0084,11,Farmgate,farmgate,PLC0112,Farmgate,SRC_BUS_GITHUB
SVC0084,12,Kawran Bazar,kawran bazar,PLC0178,Kawran Bazar,SRC_BUS_GITHUB
SVC0084,13,Bangla Motor,bangla motor,PLC0037,Bangla Motor,SRC_BUS_GITHUB
SVC0084,14,Shahbag,shahbag,PLC0331,Shahbag,SRC_BUS_GITHUB
SVC0084,15,Matsya Bhaban,matsya bhaban,PLC0222,Matsya Bhaban,SRC_BUS_GITHUB
SVC0084,16,High Court,high court,PLC0133,High Court,SRC_BUS_GITHUB
SVC0084,17,Press Club,press club,PLC0298,Press Club,SRC_BUS_GITHUB
SVC0084,18,Paltan,paltan,PLC0291,Paltan,SRC_BUS_GITHUB
SVC0084,19,Dainik Bangla Moor,dainik bangla,,,SRC_BUS_GITHUB
SVC0084,20,Motijheel,motijheel,PLC0263,Motijheel (Shapla Chattar),SRC_BUS_GITHUB
SVC0085,1,Mohammadpur,mohammadpur,PLC0256,Mohammadpur (Japan Garden City),SRC_BUS_GITHUB
SVC0085,2,Shankar,shankar,PLC0333,Shankar,SRC_BUS_GITHUB
SVC0085,3,Star Kabab,star kabab,,,SRC_BUS_GITHUB
SVC0085,4,Dhanmondi 15,dhanmondi 15,PLC0092,Dhanmondi-15,SRC_BUS_GITHUB
SVC0085,5,Jigatola,jigatola,PLC0144,Jigatola,SRC_BUS_GITHUB
SVC0085,6,City College,city college,PLC0077,City College,SRC_BUS_GITHUB
SVC0085,7,Science Lab,science lab,PLC0329,Science Lab,SRC_BUS_GITHUB
SVC0085,8,Bata Signal,bata signal,,,SRC_BUS_GITHUB
SVC0085,9,Shahbag,shahbag,PLC0331,Shahbag,SRC_BUS_GITHUB
SVC0085,10,Matsya Bhaban,matsya bhaban,PLC0222,Matsya Bhaban,SRC_BUS_GITHUB
SVC0085,11,High Court,high court,PLC0133,High Court,SRC_BUS_GITHUB
SVC0085,12,Press Club,press club,PLC0298,Press Club,SRC_BUS_GITHUB
SVC0085,13,Paltan,paltan,PLC0291,Paltan,SRC_BUS_GITHUB
SVC0085,14,GPO,gpo,PLC0124,GPO,SRC_BUS_GITHUB
SVC0085,15,Gulistan,gulistan,PLC0128,Gulistan Morh,SRC_BUS_GITHUB
SVC0085,16,Dayaganj,dayaganj,,,SRC_BUS_GITHUB
SVC0085,17,Dhupkhola,dhupkhola,PLC0097,Dhupkhola,SRC_BUS_GITHUB
SVC0086,1,Chittagong Road,chittagong road,,,SRC_BUS_GITHUB
SVC0086,2,Sign Board,sign board,PLC0348,Signboard,SRC_BUS_GITHUB
SVC0086,3,Matuail,matuail,,,SRC_BUS_GITHUB
SVC0086,4,Rayerbag,rayerbag,PLC0316,Rayerbag,SRC_BUS_GITHUB
SVC0086,5,Shonir Akhra,shonir akhra,PLC0332,Shanir Akhra,SRC_BUS_GITHUB
SVC0086,6,Jatrabari,jatrabari,PLC0143,Jatrabari,SRC_BUS_GITHUB
SVC0086,7,Sayedabad,sayedabad,PLC0327,Sayedabad,SRC_BUS_GITHUB
SVC0086,8,Gulistan,gulistan,PLC0128,Gulistan Morh,SRC_BUS_GITHUB
SVC0086,9,GPO,gpo,PLC0124,GPO,SRC_BUS_GITHUB
SVC0086,10,Paltan,paltan,PLC0291,Paltan,SRC_BUS_GITHUB
SVC0086,11,Kakrail,kakrail,PLC0155,Kakrail,SRC_BUS_GITHUB
SVC0086,12,Malibagh Moor,malibagh,PLC0212,Malibagh,SRC_BUS_GITHUB
SVC0086,13,Mouchak,mouchak,PLC0265,Mouchak (Flyover),SRC_BUS_GITHUB
SVC0086,14,Mogbazar,mogbazar,PLC0210,Magbazar,SRC_BUS_GITHUB
SVC0086,15,Satrasta,satrasta,PLC0325,Satrasta,SRC_BUS_GITHUB
SVC0086,16,Nabisco,nabisco,PLC0268,Nabisco,SRC_BUS_GITHUB
SVC0086,17,Mohakhali,mohakhali,PLC0250,Mohakhali,SRC_BUS_GITHUB
SVC0086,18,Chairman Bari,chairman bari,,,SRC_BUS_GITHUB
SVC0086,19,Banani,banani,PLC0032,Banani,SRC_BUS_GITHUB
SVC0086,20,Kakali,kakali,,,SRC_BUS_GITHUB
SVC0086,21,Staff Road,staff road,PLC0356,Staff Road,SRC_BUS_GITHUB
SVC0086,22,MES,mes,,,SRC_BUS_GITHUB
SVC0086,23,Shewra,shewra,,,SRC_BUS_GITHUB
SVC0086,24,Kuril Bishwa Road,kuril bishwa road,PLC0203,Kuril Bishwa Road,SRC_BUS_GITHUB
SVC0086,25,Khilkhet,khilkhet,PLC0193,Khilkhet,SRC_BUS_GITHUB
SVC0086,26,Airport,airport,PLC0005,Airport,SRC_BUS_GITHUB
SVC0086,27,Jashimuddin (Uttara),jashimuddin,PLC0142,Jasimuddin,SRC_BUS_GITHUB
SVC0086,28,Rajlakshmi,rajlakshmi,,,SRC_BUS_GITHUB
SVC0086,29,Azampur,azampur,PLC0017,Azampur,SRC_BUS_GITHUB
SVC0086,30,House Building,house building,PLC0135,House Building,SRC_BUS_GITHUB
SVC0086,31,Abdullahpur,abdullahpur,PLC0002,Abdullahpur (Jail),SRC_BUS_GITHUB
SVC0087,1,Kalabagan,kalabagan,PLC0156,Kalabagan,SRC_BUS_GITHUB
SVC0087,2,Science Lab,science lab,PLC0329,Science Lab,SRC_BUS_GITHUB
SVC0087,3,Katabon,katabon,PLC0177,Katabon,SRC_BUS_GITHUB
SVC0087,4,Bata Signal,bata signal,,,SRC_BUS_GITHUB
SVC0087,5,Shahbag,shahbag,PLC0331,Shahbag,SRC_BUS_GITHUB
SVC0087,6,Matsya Bhaban,matsya bhaban,PLC0222,Matsya Bhaban,SRC_BUS_GITHUB
SVC0087,7,High Court,high court,PLC0133,High Court,SRC_BUS_GITHUB
SVC0087,8,Press Club,press club,PLC0298,Press Club,SRC_BUS_GITHUB
SVC0087,9,Paltan,paltan,PLC0291,Paltan,SRC_BUS_GITHUB
SVC0087,10,GPO,gpo,PLC0124,GPO,SRC_BUS_GITHUB
SVC0087,11,Gulistan,gulistan,PLC0128,Gulistan Morh,SRC_BUS_GITHUB
SVC0087,12,Sayedabad,sayedabad,PLC0327,Sayedabad,SRC_BUS_GITHUB
SVC0087,13,Jatrabari,jatrabari,PLC0143,Jatrabari,SRC_BUS_GITHUB
SVC0087,14,Shonir Akhra,shonir akhra,PLC0332,Shanir Akhra,SRC_BUS_GITHUB
SVC0087,15,Sign Board,sign board,PLC0348,Signboard,SRC_BUS_GITHUB
SVC0087,16,Kanchpur,kanchpur,PLC0171,Kanchpur,SRC_BUS_GITHUB
SVC0087,17,Vulta,vulta,,,SRC_BUS_GITHUB
SVC0088,1,Mohammadpur,mohammadpur,PLC0256,Mohammadpur (Japan Garden City),SRC_BUS_GITHUB
SVC0088,2,Asad Gate,asad gate,PLC0012,Asad Gate,SRC_BUS_GITHUB
SVC0088,3,Khamar Bari,khamar bari,PLC0184,Khamarbari,SRC_BUS_GITHUB
SVC0088,4,Farmgate,farmgate,PLC0112,Farmgate,SRC_BUS_GITHUB
SVC0088,5,Bangla Motor,bangla motor,PLC0037,Bangla Motor,SRC_BUS_GITHUB
SVC0088,6,Shahbag,shahbag,PLC0331,Shahbag,SRC_BUS_GITHUB
SVC0088,7,Matsya Bhaban,matsya bhaban,PLC0222,Matsya Bhaban,SRC_BUS_GITHUB
SVC0088,8,Paltan,paltan,PLC0291,Paltan,SRC_BUS_GITHUB
SVC0088,9,Dainik Bangla Moor,dainik bangla,,,SRC_BUS_GITHUB
SVC0088,10,Motijheel,motijheel,PLC0263,Motijheel (Shapla Chattar),SRC_BUS_GITHUB
SVC0088,11,Ittefaq Moor Sayedabad,ittefaq sayedabad,,,SRC_BUS_GITHUB
SVC0088,12,Jatrabari,jatrabari,PLC0143,Jatrabari,SRC_BUS_GITHUB
SVC0088,13,Shanir Akhra,shanir akhra,PLC0332,Shanir Akhra,SRC_BUS_GITHUB
SVC0088,14,Rayerbag,rayerbag,PLC0316,Rayerbag,SRC_BUS_GITHUB
SVC0088,15,Matuail,matuail,,,SRC_BUS_GITHUB
SVC0088,16,Sign Board,sign board,PLC0348,Signboard,SRC_BUS_GITHUB
SVC0088,17,Chittagong Road,chittagong road,,,SRC_BUS_GITHUB
SVC0089,1,Mohammadpur,mohammadpur,PLC0256,Mohammadpur (Japan Garden City),SRC_BUS_GITHUB
SVC0089,2,Shankar,shankar,PLC0333,Shankar,SRC_BUS_GITHUB
SVC0089,3,Star Kabab,star kabab,,,SRC_BUS_GITHUB
SVC0089,4,Dhanmondi 15,dhanmondi 15,PLC0092,Dhanmondi-15,SRC_BUS_GITHUB
SVC0089,5,Jigatola,jigatola,PLC0144,Jigatola,SRC_BUS_GITHUB
SVC0089,6,City College,city college,PLC0077,City College,SRC_BUS_GITHUB
SVC0089,7,Science Lab,science lab,PLC0329,Science Lab,SRC_BUS_GITHUB
SVC0089,8,Bata Signal,bata signal,,,SRC_BUS_GITHUB
SVC0089,9,Shahbag,shahbag,PLC0331,Shahbag,SRC_BUS_GITHUB
SVC0089,10,Matsya Bhaban,matsya bhaban,PLC0222,Matsya Bhaban,SRC_BUS_GITHUB
SVC0089,11,High Court,high court,PLC0133,High Court,SRC_BUS_GITHUB
SVC0089,12,Press Club,press club,PLC0298,Press Club,SRC_BUS_GITHUB
SVC0089,13,Paltan,paltan,PLC0291,Paltan,SRC_BUS_GITHUB
SVC0089,14,Gulistan,gulistan,PLC0128,Gulistan Morh,SRC_BUS_GITHUB
SVC0089,15,Motijheel,motijheel,PLC0263,Motijheel (Shapla Chattar),SRC_BUS_GITHUB
SVC0089,16,Arambagh,arambagh,PLC0010,Arambagh,SRC_BUS_GITHUB
SVC0089,17,Kamalapur,kamalapur,PLC0166,Kamalapur Station,SRC_BUS_GITHUB
SVC0089,18,Bashabo,bashabo,PLC0044,Basabo,SRC_BUS_GITHUB
SVC0089,19,Khilgaon,khilgaon,,,SRC_BUS_GITHUB
SVC0090,1,Azimpur,azimpur,PLC0019,Azimpur (Dhakeswari),SRC_BUS_GITHUB
SVC0090,2,Nilkhet,nilkhet,PLC0280,Nilkhet,SRC_BUS_GITHUB
SVC0090,3,New Market,new market,PLC0279,New Market,SRC_BUS_GITHUB
SVC0090,4,Science Lab,science lab,PLC0329,Science Lab,SRC_BUS_GITHUB
SVC0090,5,City College,city college,PLC0077,City College,SRC_BUS_GITHUB
SVC0090,6,Kalabagan,kalabagan,PLC0156,Kalabagan,SRC_BUS_GITHUB
SVC0090,7,Dhanmondi 32,dhanmondi 32,,,SRC_BUS_GITHUB
SVC0090,8,Dhanmondi 27,dhanmondi 27,,,SRC_BUS_GITHUB
SVC0090,9,Asad Gate,asad gate,PLC0012,Asad Gate,SRC_BUS_GITHUB
SVC0090,10,College Gate,college gate,PLC0078,College Gate,SRC_BUS_GITHUB
SVC0090,11,Shishu Mela,shishu mela,PLC0343,Shishumela,SRC_BUS_GITHUB
SVC0090,12,Shyamoli,shyamoli,PLC0346,Shyamoli,SRC_BUS_GITHUB
SVC0090,13,Kallyanpur,kalyanpur,PLC0163,Kalyanpur,SRC_BUS_GITHUB
SVC0090,14,Darussalam,darussalam,PLC0080,Darussalam,SRC_BUS_GITHUB
SVC0090,15,Technical,technical,PLC0362,Technical,SRC_BUS_GITHUB
SVC0090,16,Bangla College,bangla college,PLC0036,Bangla College,SRC_BUS_GITHUB
SVC0090,17,Tolarbag,tolarbag,,,SRC_BUS_GITHUB
SVC0090,18,Ansar Camp,ansar camp,PLC0008,Ansar Camp,SRC_BUS_GITHUB
SVC0090,19,Mirpur 1,mirpur 1,PLC0239,Mirpur-1,SRC_BUS_GITHUB
SVC0091,1,ECB Square,ecb square,,,SRC_BUS_GITHUB
SVC0091,2,Purobi,purobi,PLC0302,Purbi,SRC_BUS_GITHUB
SVC0091,3,Mirpur 11,mirpur 11,PLC0241,Mirpur-11,SRC_BUS_GITHUB
SVC0091,4,Mirpur 10,mirpur 10,PLC0240,Mirpur-10,SRC_BUS_GITHUB
SVC0091,5,Kazipara Shewrapara,kazipara shewrapara,,,SRC_BUS_GITHUB
SVC0091,6,Agargaon,agargaon,PLC0004,Agargaon,SRC_BUS_GITHUB
SVC0091,7,Khamar Bari,khamar bari,PLC0184,Khamarbari,SRC_BUS_GITHUB
SVC0091,8,Dhanmondi 27,dhanmondi 27,,,SRC_BUS_GITHUB
SVC0091,9,Dhanmondi 32,dhanmondi 32,,,SRC_BUS_GITHUB
SVC0091,10,City College,city college,PLC0077,City College,SRC_BUS_GITHUB
SVC0091,11,New Market Nilkhet,new market nilkhet,,,SRC_BUS_GITHUB
SVC0091,12,Azimpur,azimpur,PLC0019,Azimpur (Dhakeswari),SRC_BUS_GITHUB
SVC0092,1,Chiriyakhana,chiriyakhana,,,SRC_BUS_GITHUB
SVC0092,2,Mirpur 1,mirpur 1,PLC0239,Mirpur-1,SRC_BUS_GITHUB
SVC0092,3,Khamar Bari,khamar bari,PLC0184,Khamarbari,SRC_BUS_GITHUB
SVC0092,4,Farmgate,farmgate,PLC0112,Farmgate,SRC_BUS_GITHUB
SVC0092,5,Press Club,press club,PLC0298,Press Club,SRC_BUS_GITHUB
SVC0092,6,Motijheel,motijheel,PLC0263,Motijheel (Shapla Chattar),SRC_BUS_GITHUB
SVC0093,1,Sadarghat,sadarghat,PLC0321,Sadarghat,SRC_BUS_GITHUB
SVC0093,2,- Ray Saheb Bazar,ray saheb bazar,PLC0317,Raysaheb Bazar,SRC_BUS_GITHUB
SVC0093,3,Naya Bazar,naya bazar,PLC0277,Nayabazar (No. 2 Buriganga Bridge),SRC_BUS_GITHUB
SVC0093,4,Golap Shah Mazar,golap shah mazar,PLC0123,Golapshah Mazar (Fulbaria),SRC_BUS_GITHUB
SVC0093,5,GPO,gpo,PLC0124,GPO,SRC_BUS_GITHUB
SVC0093,6,Paltan,paltan,PLC0291,Paltan,SRC_BUS_GITHUB
SVC0093,7,Press Club,press club,PLC0298,Press Club,SRC_BUS_GITHUB
SVC0093,8,High Court,high court,PLC0133,High Court,SRC_BUS_GITHUB
SVC0093,9,Matsya Bhaban,matsya bhaban,PLC0222,Matsya Bhaban,SRC_BUS_GITHUB
SVC0093,10,Shahbag,shahbag,PLC0331,Shahbag,SRC_BUS_GITHUB
SVC0093,11,Bangla Motor,bangla motor,PLC0037,Bangla Motor,SRC_BUS_GITHUB
SVC0093,12,Kawran Bazar,kawran bazar,PLC0178,Kawran Bazar,SRC_BUS_GITHUB
SVC0093,13,Farmgate,farmgate,PLC0112,Farmgate,SRC_BUS_GITHUB
SVC0093,14,Khamar Bari,khamar bari,PLC0184,Khamarbari,SRC_BUS_GITHUB
SVC0093,15,Agargaon,agargaon,PLC0004,Agargaon,SRC_BUS_GITHUB
SVC0093,16,Taltola,taltola,,,SRC_BUS_GITHUB
SVC0093,17,Shewrapara,shewrapara,PLC0340,Shewrapara,SRC_BUS_GITHUB
SVC0093,18,Kazipara,kazipara,PLC0179,Kazipara,SRC_BUS_GITHUB
SVC0093,19,Mirpur 10,mirpur 10,PLC0240,Mirpur-10,SRC_BUS_GITHUB
SVC0093,20,Mirpur 11,mirpur 11,PLC0241,Mirpur-11,SRC_BUS_GITHUB
SVC0093,21,Purobi,purobi,PLC0302,Purbi,SRC_BUS_GITHUB
SVC0093,22,Pallabi,pallabi,PLC0290,Pallabi (Mirpur-12),SRC_BUS_GITHUB
SVC0093,23,Mirpur 12,mirpur 12,PLC0243,Mirpur-12,SRC_BUS_GITHUB
SVC0094,1,Savar,savar,PLC0326,Savar,SRC_BUS_GITHUB
SVC0094,2,Hemayetpur,hemayetpur,PLC0132,Hemayetpur,SRC_BUS_GITHUB
SVC0094,3,Amin Bazar,amin bazar,PLC0006,Amin Bazar,SRC_BUS_GITHUB
SVC0094,4,Gabtoli,gabtoli,PLC0114,Gabtoli,SRC_BUS_GITHUB
SVC0094,5,Technical -,technical,PLC0362,Technical,SRC_BUS_GITHUB
SVC0094,6,Kallyanpur,kalyanpur,PLC0163,Kalyanpur,SRC_BUS_GITHUB
SVC0094,7,Shyamoli,shyamoli,PLC0346,Shyamoli,SRC_BUS_GITHUB
SVC0094,8,Shishu Mela,shishu mela,PLC0343,Shishumela,SRC_BUS_GITHUB
SVC0094,9,College Gate,college gate,PLC0078,College Gate,SRC_BUS_GITHUB
SVC0094,10,Asad Gate,asad gate,PLC0012,Asad Gate,SRC_BUS_GITHUB
SVC0094,11,Khamar Bari,khamar bari,PLC0184,Khamarbari,SRC_BUS_GITHUB
SVC0094,12,Farmgate,farmgate,PLC0112,Farmgate,SRC_BUS_GITHUB
SVC0094,13,Kawran Bazar,kawran bazar,PLC0178,Kawran Bazar,SRC_BUS_GITHUB
SVC0094,14,Bangla Motor,bangla motor,PLC0037,Bangla Motor,SRC_BUS_GITHUB
SVC0094,15,Mogbazar,mogbazar,PLC0210,Magbazar,SRC_BUS_GITHUB
SVC0094,16,Mouchak,mouchak,PLC0265,Mouchak (Flyover),SRC_BUS_GITHUB
SVC0094,17,Malibagh Moor,malibagh,PLC0212,Malibagh,SRC_BUS_GITHUB
SVC0094,18,Rajarbag,rajarbag,PLC0305,Rajarbagh,SRC_BUS_GITHUB
SVC0094,19,Khilgaon Flyover,khilgaon flyover,PLC0189,Khilgaon Flyover,SRC_BUS_GITHUB
SVC0094,20,Bashabo,bashabo,PLC0044,Basabo,SRC_BUS_GITHUB
SVC0094,21,Mugdapara,mugdapara,,,SRC_BUS_GITHUB
SVC0094,22,Manik Nagar,manik nagar,PLC0220,Maniknagar,SRC_BUS_GITHUB
SVC0094,23,Golapbag Chourasta,golapbag chourasta,,,SRC_BUS_GITHUB
SVC0094,24,Sayedabad,sayedabad,PLC0327,Sayedabad,SRC_BUS_GITHUB
SVC0094,25,Janapath Moor,janapath,,,SRC_BUS_GITHUB
SVC0094,26,Jatrabari,jatrabari,PLC0143,Jatrabari,SRC_BUS_GITHUB
SVC0094,27,Kazla,kazla,,,SRC_BUS_GITHUB
SVC0094,28,Shonir Akhra,shonir akhra,PLC0332,Shanir Akhra,SRC_BUS_GITHUB
SVC0094,29,Rayerbag,rayerbag,PLC0316,Rayerbag,SRC_BUS_GITHUB
SVC0094,30,Matuail,matuail,,,SRC_BUS_GITHUB
SVC0094,31,Sign Board,sign board,PLC0348,Signboard,SRC_BUS_GITHUB
SVC0095,1,Chiriyakhana,chiriyakhana,,,SRC_BUS_GITHUB
SVC0095,2,Sony Cinema Hall,sony cinema hall,PLC0352,Soni Cinema Hall,SRC_BUS_GITHUB
SVC0095,3,Mirpur 2,mirpur 2,PLC0245,Mirpur-2,SRC_BUS_GITHUB
SVC0095,4,Mirpur 1,mirpur 1,PLC0239,Mirpur-1,SRC_BUS_GITHUB
SVC0095,5,Ansar Camp,ansar camp,PLC0008,Ansar Camp,SRC_BUS_GITHUB
SVC0095,6,Technical,technical,PLC0362,Technical,SRC_BUS_GITHUB
SVC0095,7,Kallyanpur,kalyanpur,PLC0163,Kalyanpur,SRC_BUS_GITHUB
SVC0095,8,Shyamoli,shyamoli,PLC0346,Shyamoli,SRC_BUS_GITHUB
SVC0095,9,Shishu Mela,shishu mela,PLC0343,Shishumela,SRC_BUS_GITHUB
SVC0095,10,Agargaon,agargaon,PLC0004,Agargaon,SRC_BUS_GITHUB
SVC0095,11,Bijoy Sarani,bijoy sarani,PLC0057,Bijay Smarani,SRC_BUS_GITHUB
SVC0095,12,Jahangir Gate,jahangir gate,,,SRC_BUS_GITHUB
SVC0095,13,Mohakhali,mohakhali,PLC0250,Mohakhali,SRC_BUS_GITHUB
SVC0095,14,Wireless,wireless,,,SRC_BUS_GITHUB
SVC0095,15,Gulshan 1,gulshan 1,PLC0129,Gulshan-1,SRC_BUS_GITHUB
SVC0095,16,Badda Link Road,badda link road,PLC0024,Badda Link Road,SRC_BUS_GITHUB
SVC0095,17,Merul,merul,,,SRC_BUS_GITHUB
SVC0095,18,Rampura Bridge,rampura bridge,PLC0314,Rampura Bridge,SRC_BUS_GITHUB
SVC0095,19,Banasree,banasree,,,SRC_BUS_GITHUB
SVC0095,20,Demra Staff Quarter,demra staff quarter,PLC0084,Demra Staff Quarter,SRC_BUS_GITHUB
SVC0096,1,Mirpur 14,mirpur 14,PLC0244,Mirpur-14,SRC_BUS_GITHUB
SVC0096,2,Mirpur 10,mirpur 10,PLC0240,Mirpur-10,SRC_BUS_GITHUB
SVC0096,3,Mirpur 2,mirpur 2,PLC0245,Mirpur-2,SRC_BUS_GITHUB
SVC0096,4,Sony Cinema Hall,sony cinema hall,PLC0352,Soni Cinema Hall,SRC_BUS_GITHUB
SVC0096,5,Mirpur 1,mirpur 1,PLC0239,Mirpur-1,SRC_BUS_GITHUB
SVC0096,6,Mazar Road,mazar road,PLC0226,Mazar Road,SRC_BUS_GITHUB
SVC0096,7,Konabari,konabari,PLC0197,Konabari,SRC_BUS_GITHUB
SVC0096,8,Rupnagar,rupnagar,,,SRC_BUS_GITHUB
SVC0096,9,Beribadh,beribadh,PLC0050,Beribadh,SRC_BUS_GITHUB
SVC0096,10,Birulia,birulia,,,SRC_BUS_GITHUB
SVC0096,11,Ashulia,ashulia,PLC0015,Ashulia (Fantasy Kingdom),SRC_BUS_GITHUB
SVC0096,12,Zirabo,zirabo,PLC0385,Zirab,SRC_BUS_GITHUB
SVC0096,13,Fantasy Kingdom,fantasy kingdom,PLC0111,Fantasy Kingdom,SRC_BUS_GITHUB
SVC0097,1,Mohammadpur,mohammadpur,PLC0256,Mohammadpur (Japan Garden City),SRC_BUS_GITHUB
SVC0097,2,Shankar,shankar,PLC0333,Shankar,SRC_BUS_GITHUB
SVC0097,3,Star Kabab,star kabab,,,SRC_BUS_GITHUB
SVC0097,4,Dhanmondi 15,dhanmondi 15,PLC0092,Dhanmondi-15,SRC_BUS_GITHUB
SVC0097,5,Jigatola,jigatola,PLC0144,Jigatola,SRC_BUS_GITHUB
SVC0097,6,City College,city college,PLC0077,City College,SRC_BUS_GITHUB
SVC0097,7,Science Lab,science lab,PLC0329,Science Lab,SRC_BUS_GITHUB
SVC0097,8,Bata Signal,bata signal,,,SRC_BUS_GITHUB
SVC0097,9,Shahbag,shahbag,PLC0331,Shahbag,SRC_BUS_GITHUB
SVC0097,10,Matsya Bhaban,matsya bhaban,PLC0222,Matsya Bhaban,SRC_BUS_GITHUB
SVC0097,11,High Court,high court,PLC0133,High Court,SRC_BUS_GITHUB
SVC0097,12,Press Club,press club,PLC0298,Press Club,SRC_BUS_GITHUB
SVC0097,13,Paltan,paltan,PLC0291,Paltan,SRC_BUS_GITHUB
SVC0097,14,GPO,gpo,PLC0124,GPO,SRC_BUS_GITHUB
SVC0097,15,Gulistan,gulistan,PLC0128,Gulistan Morh,SRC_BUS_GITHUB
SVC0097,16,Motijheel,motijheel,PLC0263,Motijheel (Shapla Chattar),SRC_BUS_GITHUB
SVC0097,17,Arambagh,arambagh,PLC0010,Arambagh,SRC_BUS_GITHUB
SVC0098,1,Chashara,chashara,,,SRC_BUS_GITHUB
SVC0098,2,Shibu Market,shibu market,,,SRC_BUS_GITHUB
SVC0098,3,Jalkuri,jalkuri,,,SRC_BUS_GITHUB
SVC0098,4,Sign Board,sign board,PLC0348,Signboard,SRC_BUS_GITHUB
SVC0098,5,Matuail,matuail,,,SRC_BUS_GITHUB
SVC0098,6,Rayerbag,rayerbag,PLC0316,Rayerbag,SRC_BUS_GITHUB
SVC0098,7,Shonir Akhra,shonir akhra,PLC0332,Shanir Akhra,SRC_BUS_GITHUB
SVC0098,8,Jatrabari,jatrabari,PLC0143,Jatrabari,SRC_BUS_GITHUB
SVC0098,9,Sayedabad,sayedabad,PLC0327,Sayedabad,SRC_BUS_GITHUB
SVC0098,10,Gulistan,gulistan,PLC0128,Gulistan Morh,SRC_BUS_GITHUB
SVC0098,11,Chankhar Pul,chankhar pul,PLC0071,Chankharpul,SRC_BUS_GITHUB
SVC0098,12,Bakshi Bazar,bakshi bazar,PLC0030,Bakshibazar,SRC_BUS_GITHUB
SVC0098,13,Azimpur,azimpur,PLC0019,Azimpur (Dhakeswari),SRC_BUS_GITHUB
SVC0098,14,Nilkhet,nilkhet,PLC0280,Nilkhet,SRC_BUS_GITHUB
SVC0098,15,New Market,new market,PLC0279,New Market,SRC_BUS_GITHUB
SVC0098,16,City College,city college,PLC0077,City College,SRC_BUS_GITHUB
SVC0098,17,Kalabagan,kalabagan,PLC0156,Kalabagan,SRC_BUS_GITHUB
SVC0098,18,Dhanmondi 32,dhanmondi 32,,,SRC_BUS_GITHUB
SVC0098,19,Dhanmondi 27,dhanmondi 27,,,SRC_BUS_GITHUB
SVC0098,20,Asad Gate,asad gate,PLC0012,Asad Gate,SRC_BUS_GITHUB
SVC0098,21,College Gate,college gate,PLC0078,College Gate,SRC_BUS_GITHUB
SVC0098,22,Shishu Mela,shishu mela,PLC0343,Shishumela,SRC_BUS_GITHUB
SVC0098,23,Shyamoli,shyamoli,PLC0346,Shyamoli,SRC_BUS_GITHUB
SVC0098,24,Kallyanpur,kalyanpur,PLC0163,Kalyanpur,SRC_BUS_GITHUB
SVC0098,25,Darussalam,darussalam,PLC0080,Darussalam,SRC_BUS_GITHUB
SVC0098,26,Technical,technical,PLC0362,Technical,SRC_BUS_GITHUB
SVC0098,27,Gabtoli,gabtoli,PLC0114,Gabtoli,SRC_BUS_GITHUB
SVC0098,28,Amin Bazar,amin bazar,PLC0006,Amin Bazar,SRC_BUS_GITHUB
SVC0098,29,Hemayetpur,hemayetpur,PLC0132,Hemayetpur,SRC_BUS_GITHUB
SVC0098,30,Savar,savar,PLC0326,Savar,SRC_BUS_GITHUB
SVC0098,31,Baipayl,baipail,PLC0029,Baipail,SRC_BUS_GITHUB
SVC0098,32,Zirani Bazar,zirani bazar,PLC0147,Jirani Bazar,SRC_BUS_GITHUB
SVC0098,33,Nandan Park,nandan park,PLC0269,Nandan Park,SRC_BUS_GITHUB
SVC0098,34,Chandra,chandra,PLC0070,Chandra,SRC_BUS_GITHUB
SVC0099,1,Mohammadpur,mohammadpur,PLC0256,Mohammadpur (Japan Garden City),SRC_BUS_GITHUB
SVC0099,2,Asad Gate,asad gate,PLC0012,Asad Gate,SRC_BUS_GITHUB
SVC0099,3,Dhanmondi 27,dhanmondi 27,,,SRC_BUS_GITHUB
SVC0099,4,Dhanmondi 32,dhanmondi 32,,,SRC_BUS_GITHUB
SVC0099,5,Shukrabad,shukrabad,PLC0344,Shukrabad,SRC_BUS_GITHUB
SVC0099,6,Kalabagan,kalabagan,PLC0156,Kalabagan,SRC_BUS_GITHUB
SVC0099,7,City College,city college,PLC0077,City College,SRC_BUS_GITHUB
SVC0099,8,Science Lab,science lab,PLC0329,Science Lab,SRC_BUS_GITHUB
SVC0099,9,Bata Signal,bata signal,,,SRC_BUS_GITHUB
SVC0099,10,Shahbag,shahbag,PLC0331,Shahbag,SRC_BUS_GITHUB
SVC0099,11,Matsya Bhaban,matsya bhaban,PLC0222,Matsya Bhaban,SRC_BUS_GITHUB
SVC0099,12,High Court,high court,PLC0133,High Court,SRC_BUS_GITHUB
SVC0099,13,Press Club,press club,PLC0298,Press Club,SRC_BUS_GITHUB
SVC0099,14,Paltan,paltan,PLC0291,Paltan,SRC_BUS_GITHUB
SVC0099,15,GPO,gpo,PLC0124,GPO,SRC_BUS_GITHUB
SVC0099,16,Gulistan,gulistan,PLC0128,Gulistan Morh,SRC_BUS_GITHUB
SVC0099,17,Motijheel,motijheel,PLC0263,Motijheel (Shapla Chattar),SRC_BUS_GITHUB
SVC0099,18,Arambagh Kingdom,arambagh kingdom,,,SRC_BUS_GITHUB
SVC0100,1,Chiriyakhana,chiriyakhana,,,SRC_BUS_GITHUB
SVC0100,2,Sony Cinema Hall,sony cinema hall,PLC0352,Soni Cinema Hall,SRC_BUS_GITHUB
SVC0100,3,Mirpur 2,mirpur 2,PLC0245,Mirpur-2,SRC_BUS_GITHUB
SVC0100,4,Mirpur 10,mirpur 10,PLC0240,Mirpur-10,SRC_BUS_GITHUB
SVC0100,5,Mirpur 11,mirpur 11,PLC0241,Mirpur-11,SRC_BUS_GITHUB
SVC0100,6,Purobi,purobi,PLC0302,Purbi,SRC_BUS_GITHUB
SVC0100,7,Kalshi,kalshi,PLC0161,Kalshi Morh,SRC_BUS_GITHUB
SVC0100,8,ECB Square,ecb square,,,SRC_BUS_GITHUB
SVC0100,9,MES,mes,,,SRC_BUS_GITHUB
SVC0100,10,Shewra,shewra,,,SRC_BUS_GITHUB
SVC0100,11,Kuril Bishwa Road,kuril bishwa road,PLC0203,Kuril Bishwa Road,SRC_BUS_GITHUB
SVC0100,12,Jamuna Future Park,jamuna future park,PLC0139,Jamuna Future Park,SRC_BUS_GITHUB
SVC0100,13,Bashundhara,bashundhara,PLC0045,Bashundhara,SRC_BUS_GITHUB
SVC0100,14,Nadda,nadda,,,SRC_BUS_GITHUB
SVC0100,15,Notun Bazar,notun bazar,PLC0284,Notun Bazar,SRC_BUS_GITHUB
SVC0100,16,Bashtola,bashtola,,,SRC_BUS_GITHUB
SVC0100,17,Shahjadpur,shahjadpur,,,SRC_BUS_GITHUB
SVC0100,18,Uttar Badda,uttar badda,PLC0376,Uttar Badda,SRC_BUS_GITHUB
SVC0100,19,Badda,badda,PLC0023,Badda,SRC_BUS_GITHUB
SVC0100,20,Madhya Badda,madhya badda,,,SRC_BUS_GITHUB
SVC0100,21,Merul,merul,,,SRC_BUS_GITHUB
SVC0100,22,Rampura Bridge,rampura bridge,PLC0314,Rampura Bridge,SRC_BUS_GITHUB
SVC0100,23,Rampura Bazar,rampura bazar,,,SRC_BUS_GITHUB
SVC0100,24,Hazipara,hazipara,PLC0179,Kazipara,SRC_BUS_GITHUB
SVC0100,25,Malibagh Railgate,malibagh railgate,,,SRC_BUS_GITHUB
SVC0101,1,Chiriyakhana,chiriyakhana,,,SRC_BUS_GITHUB
SVC0101,2,Mirpur 1,mirpur 1,PLC0239,Mirpur-1,SRC_BUS_GITHUB
SVC0101,3,Ansar Camp,ansar camp,PLC0008,Ansar Camp,SRC_BUS_GITHUB
SVC0101,4,Technical,technical,PLC0362,Technical,SRC_BUS_GITHUB
SVC0101,5,Kallyanpur,kalyanpur,PLC0163,Kalyanpur,SRC_BUS_GITHUB
SVC0101,6,Shyamoli,shyamoli,PLC0346,Shyamoli,SRC_BUS_GITHUB
SVC0101,7,Shishu Mela,shishu mela,PLC0343,Shishumela,SRC_BUS_GITHUB
SVC0101,8,College Gate,college gate,PLC0078,College Gate,SRC_BUS_GITHUB
SVC0101,9,Asad Gate,asad gate,PLC0012,Asad Gate,SRC_BUS_GITHUB
SVC0101,10,Khamar Bari,khamar bari,PLC0184,Khamarbari,SRC_BUS_GITHUB
SVC0101,11,Farmgate,farmgate,PLC0112,Farmgate,SRC_BUS_GITHUB
SVC0101,12,Kawran Bazar,kawran bazar,PLC0178,Kawran Bazar,SRC_BUS_GITHUB
SVC0101,13,Bangla Motor,bangla motor,PLC0037,Bangla Motor,SRC_BUS_GITHUB
SVC0101,14,Shahbag,shahbag,PLC0331,Shahbag,SRC_BUS_GITHUB
SVC0101,15,High Court,high court,PLC0133,High Court,SRC_BUS_GITHUB
SVC0101,16,Press Club,press club,PLC0298,Press Club,SRC_BUS_GITHUB
SVC0101,17,Paltan,paltan,PLC0291,Paltan,SRC_BUS_GITHUB
SVC0101,18,Dainik Bangla Moor,dainik bangla,,,SRC_BUS_GITHUB
SVC0101,19,Motijheel,motijheel,PLC0263,Motijheel (Shapla Chattar),SRC_BUS_GITHUB
SVC0102,1,Chittagong Road,chittagong road,,,SRC_BUS_GITHUB
SVC0102,2,Sign Board,sign board,PLC0348,Signboard,SRC_BUS_GITHUB
SVC0102,3,Matuail,matuail,,,SRC_BUS_GITHUB
SVC0102,4,Rayerbag,rayerbag,PLC0316,Rayerbag,SRC_BUS_GITHUB
SVC0102,5,Shonir Akhra,shonir akhra,PLC0332,Shanir Akhra,SRC_BUS_GITHUB
SVC0102,6,Jatrabari,jatrabari,PLC0143,Jatrabari,SRC_BUS_GITHUB
SVC0102,7,Sayedabad,sayedabad,PLC0327,Sayedabad,SRC_BUS_GITHUB
SVC0102,8,Gulistan,gulistan,PLC0128,Gulistan Morh,SRC_BUS_GITHUB
SVC0102,9,Chankhar Pul,chankhar pul,PLC0071,Chankharpul,SRC_BUS_GITHUB
SVC0102,10,Bakshi Bazar,bakshi bazar,PLC0030,Bakshibazar,SRC_BUS_GITHUB
SVC0102,11,Azimpur,azimpur,PLC0019,Azimpur (Dhakeswari),SRC_BUS_GITHUB
SVC0102,12,Nilkhet,nilkhet,PLC0280,Nilkhet,SRC_BUS_GITHUB
SVC0102,13,New Market,new market,PLC0279,New Market,SRC_BUS_GITHUB
SVC0102,14,City College,city college,PLC0077,City College,SRC_BUS_GITHUB
SVC0102,15,Kalabagan,kalabagan,PLC0156,Kalabagan,SRC_BUS_GITHUB
SVC0102,16,Dhanmondi 32,dhanmondi 32,,,SRC_BUS_GITHUB
SVC0102,17,Dhanmondi 27,dhanmondi 27,,,SRC_BUS_GITHUB
SVC0102,18,Asad Gate,asad gate,PLC0012,Asad Gate,SRC_BUS_GITHUB
SVC0102,19,College Gate,college gate,PLC0078,College Gate,SRC_BUS_GITHUB
SVC0102,20,Shishu Mela,shishu mela,PLC0343,Shishumela,SRC_BUS_GITHUB
SVC0102,21,Shyamoli,shyamoli,PLC0346,Shyamoli,SRC_BUS_GITHUB
SVC0102,22,Kallyanpur,kalyanpur,PLC0163,Kalyanpur,SRC_BUS_GITHUB
SVC0102,23,Darussalam,darussalam,PLC0080,Darussalam,SRC_BUS_GITHUB
SVC0102,24,Technical,technical,PLC0362,Technical,SRC_BUS_GITHUB
SVC0102,25,Gabtoli,gabtoli,PLC0114,Gabtoli,SRC_BUS_GITHUB
SVC0102,26,Amin Bazar,amin bazar,PLC0006,Amin Bazar,SRC_BUS_GITHUB
SVC0102,27,Hemayetpur,hemayetpur,PLC0132,Hemayetpur,SRC_BUS_GITHUB
SVC0102,28,Savar,savar,PLC0326,Savar,SRC_BUS_GITHUB
SVC0102,29,Nobinagar,nobinagar,PLC0281,Nobinagar (Savar),SRC_BUS_GITHUB
SVC0102,30,Manikganj,manikganj,PLC0218,Manikganj,SRC_BUS_GITHUB
SVC0102,31,Paturia,paturia,PLC0293,Paturia,SRC_BUS_GITHUB
SVC0103,1,Motijheel,motijheel,PLC0263,Motijheel (Shapla Chattar),SRC_BUS_GITHUB
SVC0103,2,Dainik Bangla Moor,dainik bangla,,,SRC_BUS_GITHUB
SVC0103,3,Paltan,paltan,PLC0291,Paltan,SRC_BUS_GITHUB
SVC0103,4,Press Club,press club,PLC0298,Press Club,SRC_BUS_GITHUB
SVC0103,5,Matsya Bhaban,matsya bhaban,PLC0222,Matsya Bhaban,SRC_BUS_GITHUB
SVC0103,6,High Court,high court,PLC0133,High Court,SRC_BUS_GITHUB
SVC0103,7,Shahbag,shahbag,PLC0331,Shahbag,SRC_BUS_GITHUB
SVC0103,8,Bangla Motor,bangla motor,PLC0037,Bangla Motor,SRC_BUS_GITHUB
SVC0103,9,Kawran Bazar,kawran bazar,PLC0178,Kawran Bazar,SRC_BUS_GITHUB
SVC0103,10,Farmgate,farmgate,PLC0112,Farmgate,SRC_BUS_GITHUB
SVC0103,11,Jahangir Gate,jahangir gate,,,SRC_BUS_GITHUB
SVC0103,12,Mohakhali,mohakhali,PLC0250,Mohakhali,SRC_BUS_GITHUB
SVC0103,13,Chairman Bari,chairman bari,,,SRC_BUS_GITHUB
SVC0103,14,Sainik Club,sainik club,PLC0324,Sainik Club,SRC_BUS_GITHUB
SVC0103,15,Banani,banani,PLC0032,Banani,SRC_BUS_GITHUB
SVC0103,16,Kakali,kakali,,,SRC_BUS_GITHUB
SVC0103,17,Staff Road,staff road,PLC0356,Staff Road,SRC_BUS_GITHUB
SVC0103,18,MES,mes,,,SRC_BUS_GITHUB
SVC0103,19,Shewra,shewra,,,SRC_BUS_GITHUB
SVC0103,20,Kuril Bishwa Road,kuril bishwa road,PLC0203,Kuril Bishwa Road,SRC_BUS_GITHUB
SVC0103,21,Khilkhet,khilkhet,PLC0193,Khilkhet,SRC_BUS_GITHUB
SVC0103,22,Airport,airport,PLC0005,Airport,SRC_BUS_GITHUB
SVC0104,1,Gabtoli,gabtoli,PLC0114,Gabtoli,SRC_BUS_GITHUB
SVC0104,2,Technical,technical,PLC0362,Technical,SRC_BUS_GITHUB
SVC0104,3,Ansar Camp,ansar camp,PLC0008,Ansar Camp,SRC_BUS_GITHUB
SVC0104,4,Mirpur 1,mirpur 1,PLC0239,Mirpur-1,SRC_BUS_GITHUB
SVC0104,5,Sony Cinema Hall,sony cinema hall,PLC0352,Soni Cinema Hall,SRC_BUS_GITHUB
SVC0104,6,Mirpur 2,mirpur 2,PLC0245,Mirpur-2,SRC_BUS_GITHUB
SVC0104,7,Mirpur 10,mirpur 10,PLC0240,Mirpur-10,SRC_BUS_GITHUB
SVC0104,8,Mirpur 11,mirpur 11,PLC0241,Mirpur-11,SRC_BUS_GITHUB
SVC0104,9,Purobi,purobi,PLC0302,Purbi,SRC_BUS_GITHUB
SVC0104,10,Kalshi,kalshi,PLC0161,Kalshi Morh,SRC_BUS_GITHUB
SVC0104,11,ECB Square,ecb square,,,SRC_BUS_GITHUB
SVC0104,12,MES,mes,,,SRC_BUS_GITHUB
SVC0104,13,Shewra,shewra,,,SRC_BUS_GITHUB
SVC0104,14,Kuril Bishwa Road,kuril bishwa road,PLC0203,Kuril Bishwa Road,SRC_BUS_GITHUB
SVC0104,15,Khilkhet,khilkhet,PLC0193,Khilkhet,SRC_BUS_GITHUB
SVC0104,16,Airport,airport,PLC0005,Airport,SRC_BUS_GITHUB
SVC0104,17,Jashimuddin (Uttara),jashimuddin,PLC0142,Jasimuddin,SRC_BUS_GITHUB
SVC0104,18,Rajlakshmi,rajlakshmi,,,SRC_BUS_GITHUB
SVC0104,19,Azampur,azampur,PLC0017,Azampur,SRC_BUS_GITHUB
SVC0104,20,House Building,house building,PLC0135,House Building,SRC_BUS_GITHUB
SVC0104,21,Abdullahpur,abdullahpur,PLC0002,Abdullahpur (Jail),SRC_BUS_GITHUB
SVC0104,22,Kamarpara,kamarpara,PLC0169,Kamarpara,SRC_BUS_GITHUB
SVC0105,1,Bosila,basila,PLC0046,Basila,SRC_BUS_GITHUB
SVC0105,2,Mohammadpur,mohammadpur,PLC0256,Mohammadpur (Japan Garden City),SRC_BUS_GITHUB
SVC0105,3,Asad Gate,asad gate,PLC0012,Asad Gate,SRC_BUS_GITHUB
SVC0105,4,College Gate,college gate,PLC0078,College Gate,SRC_BUS_GITHUB
SVC0105,5,Shyamoli,shyamoli,PLC0346,Shyamoli,SRC_BUS_GITHUB
SVC0105,6,Kallyanpur,kalyanpur,PLC0163,Kalyanpur,SRC_BUS_GITHUB
SVC0105,7,Darussalam,darussalam,PLC0080,Darussalam,SRC_BUS_GITHUB
SVC0105,8,Technical,technical,PLC0362,Technical,SRC_BUS_GITHUB
SVC0105,9,Bangla College,bangla college,PLC0036,Bangla College,SRC_BUS_GITHUB
SVC0105,10,Tolarbag,tolarbag,,,SRC_BUS_GITHUB
SVC0105,11,Ansar Camp,ansar camp,PLC0008,Ansar Camp,SRC_BUS_GITHUB
SVC0105,12,Mirpur 1,mirpur 1,PLC0239,Mirpur-1,SRC_BUS_GITHUB
SVC0105,13,Mirpur 2,mirpur 2,PLC0245,Mirpur-2,SRC_BUS_GITHUB
SVC0105,14,Mirpur 10,mirpur 10,PLC0240,Mirpur-10,SRC_BUS_GITHUB
SVC0105,15,Mirpur 11,mirpur 11,PLC0241,Mirpur-11,SRC_BUS_GITHUB
SVC0105,16,Purobi,purobi,PLC0302,Purbi,SRC_BUS_GITHUB
SVC0105,17,Kalshi,kalshi,PLC0161,Kalshi Morh,SRC_BUS_GITHUB
SVC0105,18,ECB Square,ecb square,,,SRC_BUS_GITHUB
SVC0105,19,MES,mes,,,SRC_BUS_GITHUB
SVC0105,20,Shewra,shewra,,,SRC_BUS_GITHUB
SVC0105,21,Kuril Bishwa Road,kuril bishwa road,PLC0203,Kuril Bishwa Road,SRC_BUS_GITHUB
SVC0105,22,Khilkhet,khilkhet,PLC0193,Khilkhet,SRC_BUS_GITHUB
SVC0105,23,Airport,airport,PLC0005,Airport,SRC_BUS_GITHUB
SVC0105,24,Jashimuddin (Uttara),jashimuddin,PLC0142,Jasimuddin,SRC_BUS_GITHUB
SVC0105,25,Rajlakshmi,rajlakshmi,,,SRC_BUS_GITHUB
SVC0105,26,House Building,house building,PLC0135,House Building,SRC_BUS_GITHUB
SVC0105,27,Abdullahpur,abdullahpur,PLC0002,Abdullahpur (Jail),SRC_BUS_GITHUB
SVC0106,1,Gabtoli,gabtoli,PLC0114,Gabtoli,SRC_BUS_GITHUB
SVC0106,2,Beribadh Tin Rastar Moor,beribadh tin rastar,,,SRC_BUS_GITHUB
SVC0106,3,Rayer Bazar,rayer bazar,,,SRC_BUS_GITHUB
SVC0106,4,Sikder Medical College,sikder medical college,,,SRC_BUS_GITHUB
SVC0106,5,Hazaribag,hazaribag,,,SRC_BUS_GITHUB
SVC0106,6,Nawabganj,nawabganj,PLC0275,Nawabganj,SRC_BUS_GITHUB
SVC0106,7,Kamrangirchar,kamrangirchar,PLC0170,Kamrangirchar (Beribadh),SRC_BUS_GITHUB
SVC0106,8,Showari Ghat,showari ghat,,,SRC_BUS_GITHUB
SVC0106,9,Mitford Ghat,mitford ghat,,,SRC_BUS_GITHUB
SVC0106,10,Babubazar,babubazar,PLC0020,Babu Bazar,SRC_BUS_GITHUB
SVC0107,1,Maowa,maowa,,,SRC_BUS_GITHUB
SVC0107,2,Keraniganj,keraniganj,PLC0182,Keraniganj (New Jail),SRC_BUS_GITHUB
SVC0107,3,Babubazar,babubazar,PLC0020,Babu Bazar,SRC_BUS_GITHUB
SVC0107,4,Naya Bazar,naya bazar,PLC0277,Nayabazar (No. 2 Buriganga Bridge),SRC_BUS_GITHUB
SVC0107,5,Golap Shah Mazar,golap shah mazar,PLC0123,Golapshah Mazar (Fulbaria),SRC_BUS_GITHUB
SVC0107,6,GPO,gpo,PLC0124,GPO,SRC_BUS_GITHUB
SVC0107,7,Paltan,paltan,PLC0291,Paltan,SRC_BUS_GITHUB
SVC0107,8,Kakrail,kakrail,PLC0155,Kakrail,SRC_BUS_GITHUB
SVC0107,9,Shantinagar,shantinagar,,,SRC_BUS_GITHUB
SVC0107,10,Malibagh Moor,malibagh,PLC0212,Malibagh,SRC_BUS_GITHUB
SVC0107,11,Mouchak,mouchak,PLC0265,Mouchak (Flyover),SRC_BUS_GITHUB
SVC0107,12,Malibagh Railgate,malibagh railgate,,,SRC_BUS_GITHUB
SVC0107,13,Hazipara,hazipara,PLC0179,Kazipara,SRC_BUS_GITHUB
SVC0107,14,Rampura Bazar,rampura bazar,,,SRC_BUS_GITHUB
SVC0107,15,Rampura Bridge,rampura bridge,PLC0314,Rampura Bridge,SRC_BUS_GITHUB
SVC0107,16,Merul,merul,,,SRC_BUS_GITHUB
SVC0107,17,Badda,badda,PLC0023,Badda,SRC_BUS_GITHUB
SVC0107,18,Uttar Badda,uttar badda,PLC0376,Uttar Badda,SRC_BUS_GITHUB
SVC0107,19,Shahjadpur,shahjadpur,,,SRC_BUS_GITHUB
SVC0107,20,Bashtola,bashtola,,,SRC_BUS_GITHUB
SVC0107,21,Notun Bazar,notun bazar,PLC0284,Notun Bazar,SRC_BUS_GITHUB
SVC0107,22,Nadda,nadda,,,SRC_BUS_GITHUB
SVC0107,23,Bashundhara,bashundhara,PLC0045,Bashundhara,SRC_BUS_GITHUB
SVC0107,24,Jamuna Future Park,jamuna future park,PLC0139,Jamuna Future Park,SRC_BUS_GITHUB
SVC0107,25,Kuril Bishwa Road,kuril bishwa road,PLC0203,Kuril Bishwa Road,SRC_BUS_GITHUB
SVC0107,26,Khilkhet,khilkhet,PLC0193,Khilkhet,SRC_BUS_GITHUB
SVC0107,27,Airport,airport,PLC0005,Airport,SRC_BUS_GITHUB
SVC0107,28,Jashimuddin (Uttara),jashimuddin,PLC0142,Jasimuddin,SRC_BUS_GITHUB
SVC0107,29,Rajlakshmi,rajlakshmi,,,SRC_BUS_GITHUB
SVC0107,30,Azampur,azampur,PLC0017,Azampur,SRC_BUS_GITHUB
SVC0107,31,House Building,house building,PLC0135,House Building,SRC_BUS_GITHUB
SVC0107,32,Abdullahpur,abdullahpur,PLC0002,Abdullahpur (Jail),SRC_BUS_GITHUB
SVC0108,1,Bosila,basila,PLC0046,Basila,SRC_BUS_GITHUB
SVC0108,2,Mohammadpur,mohammadpur,PLC0256,Mohammadpur (Japan Garden City),SRC_BUS_GITHUB
SVC0108,3,Asad Gate,asad gate,PLC0012,Asad Gate,SRC_BUS_GITHUB
SVC0108,4,College Gate,college gate,PLC0078,College Gate,SRC_BUS_GITHUB
SVC0108,5,Shyamoli,shyamoli,PLC0346,Shyamoli,SRC_BUS_GITHUB
SVC0108,6,Kallyanpur,kalyanpur,PLC0163,Kalyanpur,SRC_BUS_GITHUB
SVC0108,7,Darussalam,darussalam,PLC0080,Darussalam,SRC_BUS_GITHUB
SVC0108,8,Technical,technical,PLC0362,Technical,SRC_BUS_GITHUB
SVC0108,9,Bangla College,bangla college,PLC0036,Bangla College,SRC_BUS_GITHUB
SVC0108,10,Ansar Camp,ansar camp,PLC0008,Ansar Camp,SRC_BUS_GITHUB
SVC0108,11,Mirpur 1,mirpur 1,PLC0239,Mirpur-1,SRC_BUS_GITHUB
SVC0108,12,Mirpur 2 Mirpur 10,mirpur 2 mirpur 10,,,SRC_BUS_GITHUB
SVC0108,13,Mirpur 11,mirpur 11,PLC0241,Mirpur-11,SRC_BUS_GITHUB
SVC0108,14,Purobi,purobi,PLC0302,Purbi,SRC_BUS_GITHUB
SVC0108,15,Kalshi,kalshi,PLC0161,Kalshi Morh,SRC_BUS_GITHUB
SVC0108,16,ECB Square,ecb square,,,SRC_BUS_GITHUB
SVC0108,17,MES,mes,,,SRC_BUS_GITHUB
SVC0108,18,Shewra,shewra,,,SRC_BUS_GITHUB
SVC0108,19,Kuril  Bishwa Road,kuril bishwa road,PLC0203,Kuril Bishwa Road,SRC_BUS_GITHUB
SVC0108,20,Khilkhet,khilkhet,PLC0193,Khilkhet,SRC_BUS_GITHUB
SVC0108,21,Airport,airport,PLC0005,Airport,SRC_BUS_GITHUB
SVC0108,22,Jashimuddin (Uttara),jashimuddin,PLC0142,Jasimuddin,SRC_BUS_GITHUB
SVC0108,23,Rajlakshmi,rajlakshmi,,,SRC_BUS_GITHUB
SVC0108,24,House Building,house building,PLC0135,House Building,SRC_BUS_GITHUB
SVC0108,25,Abdullahpur,abdullahpur,PLC0002,Abdullahpur (Jail),SRC_BUS_GITHUB
SVC0108,26,Kamarpara,kamarpara,PLC0169,Kamarpara,SRC_BUS_GITHUB
SVC0109,1,Fulbaria,fulbaria,PLC0113,Fulbaria,SRC_BUS_GITHUB
SVC0109,2,Golap Shah Mazar,golap shah mazar,PLC0123,Golapshah Mazar (Fulbaria),SRC_BUS_GITHUB
SVC0109,3,GPO,gpo,PLC0124,GPO,SRC_BUS_GITHUB
SVC0109,4,Paltan,paltan,PLC0291,Paltan,SRC_BUS_GITHUB
SVC0109,5,Kakrail,kakrail,PLC0155,Kakrail,SRC_BUS_GITHUB
SVC0109,6,Shantinagar,shantinagar,,,SRC_BUS_GITHUB
SVC0109,7,Malibagh Moor,malibagh,PLC0212,Malibagh,SRC_BUS_GITHUB
SVC0109,8,Mogbazar,mogbazar,PLC0210,Magbazar,SRC_BUS_GITHUB
SVC0109,9,Satrasta,satrasta,PLC0325,Satrasta,SRC_BUS_GITHUB
SVC0109,10,Nabisco,nabisco,PLC0268,Nabisco,SRC_BUS_GITHUB
SVC0109,11,Mohakhali,mohakhali,PLC0250,Mohakhali,SRC_BUS_GITHUB
SVC0109,12,Chairman Bari,chairman bari,,,SRC_BUS_GITHUB
SVC0109,13,Banani,banani,PLC0032,Banani,SRC_BUS_GITHUB
SVC0109,14,Kakali,kakali,,,SRC_BUS_GITHUB
SVC0109,15,Staff Road,staff road,PLC0356,Staff Road,SRC_BUS_GITHUB
SVC0109,16,MES,mes,,,SRC_BUS_GITHUB
SVC0109,17,Shewra,shewra,,,SRC_BUS_GITHUB
SVC0109,18,Kuril Bishwa Road,kuril bishwa road,PLC0203,Kuril Bishwa Road,SRC_BUS_GITHUB
SVC0109,19,Khilkhet,khilkhet,PLC0193,Khilkhet,SRC_BUS_GITHUB
SVC0109,20,Airport,airport,PLC0005,Airport,SRC_BUS_GITHUB
SVC0109,21,Jashimuddin (Uttara),jashimuddin,PLC0142,Jasimuddin,SRC_BUS_GITHUB
SVC0109,22,Rajlakshmi,rajlakshmi,,,SRC_BUS_GITHUB
SVC0109,23,Azampur,azampur,PLC0017,Azampur,SRC_BUS_GITHUB
SVC0109,24,House Building,house building,PLC0135,House Building,SRC_BUS_GITHUB
SVC0109,25,Abdullahpur,abdullahpur,PLC0002,Abdullahpur (Jail),SRC_BUS_GITHUB
SVC0109,26,Tongi,tongi,PLC0368,Tongi (Bastuhara),SRC_BUS_GITHUB
SVC0109,27,Station Road,road,,,SRC_BUS_GITHUB
SVC0109,28,Mill Gate,mill gate,,,SRC_BUS_GITHUB
SVC0109,29,Board Bazar,board bazar,PLC0061,Board Bazar,SRC_BUS_GITHUB
SVC0109,30,Gazipur Chourasta,gazipur chourasta,,,SRC_BUS_GITHUB
SVC0109,31,Joydebpur,joydebpur,,,SRC_BUS_GITHUB
SVC0109,32,Sreepur,sreepur,PLC0353,Sreepur,SRC_BUS_GITHUB
SVC0109,33,Baromi,baromi,,,SRC_BUS_GITHUB
SVC0110,1,Vashantek,vashantek,,,SRC_BUS_GITHUB
SVC0110,2,Mirpur 14,mirpur 14,PLC0244,Mirpur-14,SRC_BUS_GITHUB
SVC0110,3,Mirpur 10,mirpur 10,PLC0240,Mirpur-10,SRC_BUS_GITHUB
SVC0110,4,Mirpur 2,mirpur 2,PLC0245,Mirpur-2,SRC_BUS_GITHUB
SVC0110,5,Sony Cinema Hall,sony cinema hall,PLC0352,Soni Cinema Hall,SRC_BUS_GITHUB
SVC0110,6,Mirpur 1,mirpur 1,PLC0239,Mirpur-1,SRC_BUS_GITHUB
SVC0110,7,Ansar Camp,ansar camp,PLC0008,Ansar Camp,SRC_BUS_GITHUB
SVC0110,8,Technical,technical,PLC0362,Technical,SRC_BUS_GITHUB
SVC0110,9,Gabtoli,gabtoli,PLC0114,Gabtoli,SRC_BUS_GITHUB
SVC0110,10,Amin Bazar,amin bazar,PLC0006,Amin Bazar,SRC_BUS_GITHUB
SVC0110,11,Hemayetpur,hemayetpur,PLC0132,Hemayetpur,SRC_BUS_GITHUB
SVC0110,12,Savar,savar,PLC0326,Savar,SRC_BUS_GITHUB
SVC0110,13,Baipayl,baipail,PLC0029,Baipail,SRC_BUS_GITHUB
SVC0110,14,Zirani Bazar,zirani bazar,PLC0147,Jirani Bazar,SRC_BUS_GITHUB
SVC0110,15,Nandan Park,nandan park,PLC0269,Nandan Park,SRC_BUS_GITHUB
SVC0110,16,Chandra,chandra,PLC0070,Chandra,SRC_BUS_GITHUB
SVC0111,1,Postagola,postagola,PLC0295,Postgola,SRC_BUS_GITHUB
SVC0111,2,Dholairpar,dholairpar,,,SRC_BUS_GITHUB
SVC0111,3,Jatrabari,jatrabari,PLC0143,Jatrabari,SRC_BUS_GITHUB
SVC0111,4,Janapath Moor,janapath,,,SRC_BUS_GITHUB
SVC0111,5,Sayedabad,sayedabad,PLC0327,Sayedabad,SRC_BUS_GITHUB
SVC0111,6,Mugdapara,mugdapara,,,SRC_BUS_GITHUB
SVC0111,7,Bashabo,bashabo,PLC0044,Basabo,SRC_BUS_GITHUB
SVC0111,8,Khilgaon,khilgaon,,,SRC_BUS_GITHUB
SVC0111,9,Malibagh Railgate,malibagh railgate,,,SRC_BUS_GITHUB
SVC0111,10,Rampura Bazar,rampura bazar,,,SRC_BUS_GITHUB
SVC0111,11,Rampura Bridge,rampura bridge,PLC0314,Rampura Bridge,SRC_BUS_GITHUB
SVC0111,12,Merul,merul,,,SRC_BUS_GITHUB
SVC0111,13,Badda,badda,PLC0023,Badda,SRC_BUS_GITHUB
SVC0111,14,Uttar Badda,uttar badda,PLC0376,Uttar Badda,SRC_BUS_GITHUB
SVC0111,15,Bashtola,bashtola,,,SRC_BUS_GITHUB
SVC0111,16,Notun Bazar,notun bazar,PLC0284,Notun Bazar,SRC_BUS_GITHUB
SVC0111,17,Nadda,nadda,,,SRC_BUS_GITHUB
SVC0111,18,Bashundhara,bashundhara,PLC0045,Bashundhara,SRC_BUS_GITHUB
SVC0111,19,Jamuna Future Park,jamuna future park,PLC0139,Jamuna Future Park,SRC_BUS_GITHUB
SVC0111,20,Kuril Chourasta,kuril chourasta,,,SRC_BUS_GITHUB
SVC0111,21,Kuril Bishwa Road,kuril bishwa road,PLC0203,Kuril Bishwa Road,SRC_BUS_GITHUB
SVC0111,22,Khilkhet,khilkhet,PLC0193,Khilkhet,SRC_BUS_GITHUB
SVC0111,23,Airport,airport,PLC0005,Airport,SRC_BUS_GITHUB
SVC0111,24,Jashimuddin (Uttara),jashimuddin,PLC0142,Jasimuddin,SRC_BUS_GITHUB
SVC0111,25,Rajlakshmi,rajlakshmi,,,SRC_BUS_GITHUB
SVC0111,26,Azampur,azampur,PLC0017,Azampur,SRC_BUS_GITHUB
SVC0111,27,House Building,house building,PLC0135,House Building,SRC_BUS_GITHUB
SVC0111,28,Dia Bari,dia bari,PLC0101,Diabari Morh,SRC_BUS_GITHUB
SVC0112,1,Postagola,postagola,PLC0295,Postgola,SRC_BUS_GITHUB
SVC0112,2,Jurain,jurain,PLC0150,Jurain,SRC_BUS_GITHUB
SVC0112,3,Dayaganj,dayaganj,,,SRC_BUS_GITHUB
SVC0112,4,Gulistan,gulistan,PLC0128,Gulistan Morh,SRC_BUS_GITHUB
SVC0112,5,GPO,gpo,PLC0124,GPO,SRC_BUS_GITHUB
SVC0112,6,Paltan,paltan,PLC0291,Paltan,SRC_BUS_GITHUB
SVC0112,7,Press Club,press club,PLC0298,Press Club,SRC_BUS_GITHUB
SVC0112,8,High Court,high court,PLC0133,High Court,SRC_BUS_GITHUB
SVC0112,9,Shahbag,shahbag,PLC0331,Shahbag,SRC_BUS_GITHUB
SVC0112,10,Bata Signal,bata signal,,,SRC_BUS_GITHUB
SVC0112,11,Science Lab,science lab,PLC0329,Science Lab,SRC_BUS_GITHUB
SVC0112,12,City College,city college,PLC0077,City College,SRC_BUS_GITHUB
SVC0112,13,Jigatola,jigatola,PLC0144,Jigatola,SRC_BUS_GITHUB
SVC0112,14,Dhanmondi 15,dhanmondi 15,PLC0092,Dhanmondi-15,SRC_BUS_GITHUB
SVC0112,15,Star Kabab,star kabab,,,SRC_BUS_GITHUB
SVC0112,16,Shankar,shankar,PLC0333,Shankar,SRC_BUS_GITHUB
SVC0112,17,Mohammadpur,mohammadpur,PLC0256,Mohammadpur (Japan Garden City),SRC_BUS_GITHUB
SVC0112,18,Bosila,basila,PLC0046,Basila,SRC_BUS_GITHUB
SVC0112,19,Ghatar Char,ghatar char,PLC0119,Ghatarchar,SRC_BUS_GITHUB
SVC0113,1,Chittagong Road,chittagong road,,,SRC_BUS_GITHUB
SVC0113,2,Sign Board,sign board,PLC0348,Signboard,SRC_BUS_GITHUB
SVC0113,3,Matuail,matuail,,,SRC_BUS_GITHUB
SVC0113,4,Rayerbag,rayerbag,PLC0316,Rayerbag,SRC_BUS_GITHUB
SVC0113,5,Shonir Akhra,shonir akhra,PLC0332,Shanir Akhra,SRC_BUS_GITHUB
SVC0113,6,Jatrabari -,jatrabari,PLC0143,Jatrabari,SRC_BUS_GITHUB
SVC0113,7,Sayedabad,sayedabad,PLC0327,Sayedabad,SRC_BUS_GITHUB
SVC0113,8,Gulistan,gulistan,PLC0128,Gulistan Morh,SRC_BUS_GITHUB
SVC0113,9,GPO,gpo,PLC0124,GPO,SRC_BUS_GITHUB
SVC0113,10,Paltan,paltan,PLC0291,Paltan,SRC_BUS_GITHUB
SVC0113,11,Press Club,press club,PLC0298,Press Club,SRC_BUS_GITHUB
SVC0113,12,High Court,high court,PLC0133,High Court,SRC_BUS_GITHUB
SVC0113,13,Shahbag,shahbag,PLC0331,Shahbag,SRC_BUS_GITHUB
SVC0113,14,Bata Signal,bata signal,,,SRC_BUS_GITHUB
SVC0113,15,Science Lab,science lab,PLC0329,Science Lab,SRC_BUS_GITHUB
SVC0113,16,Jigatola,jigatola,PLC0144,Jigatola,SRC_BUS_GITHUB
SVC0113,17,Dhanmondi 15,dhanmondi 15,PLC0092,Dhanmondi-15,SRC_BUS_GITHUB
SVC0113,18,Star Kabab,star kabab,,,SRC_BUS_GITHUB
SVC0113,19,Shankar,shankar,PLC0333,Shankar,SRC_BUS_GITHUB
SVC0113,20,Mohammadpur,mohammadpur,PLC0256,Mohammadpur (Japan Garden City),SRC_BUS_GITHUB
SVC0114,1,Hemayetpur,hemayetpur,PLC0132,Hemayetpur,SRC_BUS_GITHUB
SVC0114,2,Gabtoli,gabtoli,PLC0114,Gabtoli,SRC_BUS_GITHUB
SVC0114,3,Technical,technical,PLC0362,Technical,SRC_BUS_GITHUB
SVC0114,4,Ansar Camp,ansar camp,PLC0008,Ansar Camp,SRC_BUS_GITHUB
SVC0114,5,Mirpur 1,mirpur 1,PLC0239,Mirpur-1,SRC_BUS_GITHUB
SVC0114,6,Sony Cinema Hall,sony cinema hall,PLC0352,Soni Cinema Hall,SRC_BUS_GITHUB
SVC0114,7,Mirpur 2,mirpur 2,PLC0245,Mirpur-2,SRC_BUS_GITHUB
SVC0114,8,Mirpur 10,mirpur 10,PLC0240,Mirpur-10,SRC_BUS_GITHUB
SVC0114,9,Mirpur 11,mirpur 11,PLC0241,Mirpur-11,SRC_BUS_GITHUB
SVC0114,10,Purobi,purobi,PLC0302,Purbi,SRC_BUS_GITHUB
SVC0114,11,Kalshi,kalshi,PLC0161,Kalshi Morh,SRC_BUS_GITHUB
SVC0114,12,ECB Square,ecb square,,,SRC_BUS_GITHUB
SVC0114,13,MES,mes,,,SRC_BUS_GITHUB
SVC0114,14,Shewra,shewra,,,SRC_BUS_GITHUB
SVC0114,15,Kuril Bishwa Road,kuril bishwa road,PLC0203,Kuril Bishwa Road,SRC_BUS_GITHUB
SVC0114,16,Jamuna Future Park,jamuna future park,PLC0139,Jamuna Future Park,SRC_BUS_GITHUB
SVC0114,17,Bashundhara,bashundhara,PLC0045,Bashundhara,SRC_BUS_GITHUB
SVC0114,18,Nadda,nadda,,,SRC_BUS_GITHUB
SVC0114,19,Notun Bazar,notun bazar,PLC0284,Notun Bazar,SRC_BUS_GITHUB
SVC0114,20,Bashtola,bashtola,,,SRC_BUS_GITHUB
SVC0114,21,Shahjadpur,shahjadpur,,,SRC_BUS_GITHUB
SVC0114,22,Uttar Badda,uttar badda,PLC0376,Uttar Badda,SRC_BUS_GITHUB
SVC0114,23,Badda,badda,PLC0023,Badda,SRC_BUS_GITHUB
SVC0114,24,Madhya Badda,madhya badda,,,SRC_BUS_GITHUB
SVC0114,25,Merul,merul,,,SRC_BUS_GITHUB
SVC0114,26,Rampura Bridge,rampura bridge,PLC0314,Rampura Bridge,SRC_BUS_GITHUB
SVC0114,27,Banasree,banasree,,,SRC_BUS_GITHUB
SVC0114,28,Demra Staff Quarter,demra staff quarter,PLC0084,Demra Staff Quarter,SRC_BUS_GITHUB
SVC0115,1,Gabtoli,gabtoli,PLC0114,Gabtoli,SRC_BUS_GITHUB
SVC0115,2,Technical,technical,PLC0362,Technical,SRC_BUS_GITHUB
SVC0115,3,Kallyanpur,kalyanpur,PLC0163,Kalyanpur,SRC_BUS_GITHUB
SVC0115,4,Shyamoli,shyamoli,PLC0346,Shyamoli,SRC_BUS_GITHUB
SVC0115,5,Shishu Mela,shishu mela,PLC0343,Shishumela,SRC_BUS_GITHUB
SVC0115,6,College Gate,college gate,PLC0078,College Gate,SRC_BUS_GITHUB
SVC0115,7,Asad Gate,asad gate,PLC0012,Asad Gate,SRC_BUS_GITHUB
SVC0115,8,Mohammadpur,mohammadpur,PLC0256,Mohammadpur (Japan Garden City),SRC_BUS_GITHUB
SVC0115,9,Shankar,shankar,PLC0333,Shankar,SRC_BUS_GITHUB
SVC0115,10,Star Kabab,star kabab,,,SRC_BUS_GITHUB
SVC0115,11,Dhanmondi 15,dhanmondi 15,PLC0092,Dhanmondi-15,SRC_BUS_GITHUB
SVC0115,12,Jigatola,jigatola,PLC0144,Jigatola,SRC_BUS_GITHUB
SVC0115,13,City College,city college,PLC0077,City College,SRC_BUS_GITHUB
SVC0115,14,Science Lab,science lab,PLC0329,Science Lab,SRC_BUS_GITHUB
SVC0115,15,Bata Signal,bata signal,,,SRC_BUS_GITHUB
SVC0115,16,Shahbag,shahbag,PLC0331,Shahbag,SRC_BUS_GITHUB
SVC0115,17,Matsya Bhaban,matsya bhaban,PLC0222,Matsya Bhaban,SRC_BUS_GITHUB
SVC0115,18,Kakrail,kakrail,PLC0155,Kakrail,SRC_BUS_GITHUB
SVC0115,19,Shantinagar,shantinagar,,,SRC_BUS_GITHUB
SVC0115,20,Malibagh Moor,malibagh,PLC0212,Malibagh,SRC_BUS_GITHUB
SVC0115,21,Mouchak,mouchak,PLC0265,Mouchak (Flyover),SRC_BUS_GITHUB
SVC0115,22,Malibagh Railgate,malibagh railgate,,,SRC_BUS_GITHUB
SVC0115,23,Hazipara,hazipara,PLC0179,Kazipara,SRC_BUS_GITHUB
SVC0115,24,Rampura Bazar,rampura bazar,,,SRC_BUS_GITHUB
SVC0115,25,Rampura Bridge,rampura bridge,PLC0314,Rampura Bridge,SRC_BUS_GITHUB
SVC0115,26,Banasree,banasree,,,SRC_BUS_GITHUB
SVC0115,27,Demra Staff Quarter,demra staff quarter,PLC0084,Demra Staff Quarter,SRC_BUS_GITHUB
SVC0116,1,Gabtoli,gabtoli,PLC0114,Gabtoli,SRC_BUS_GITHUB
SVC0116,2,Technical,technical,PLC0362,Technical,SRC_BUS_GITHUB
SVC0116,3,Ansar Camp,ansar camp,PLC0008,Ansar Camp,SRC_BUS_GITHUB
SVC0116,4,Mirpur 1,mirpur 1,PLC0239,Mirpur-1,SRC_BUS_GITHUB
SVC0116,5,Mirpur 2,mirpur 2,PLC0245,Mirpur-2,SRC_BUS_GITHUB
SVC0116,6,Mirpur 10,mirpur 10,PLC0240,Mirpur-10,SRC_BUS_GITHUB
SVC0116,7,Purobi,purobi,PLC0302,Purbi,SRC_BUS_GITHUB
SVC0116,8,Kalshi,kalshi,PLC0161,Kalshi Morh,SRC_BUS_GITHUB
SVC0116,9,ECB Square,ecb square,,,SRC_BUS_GITHUB
SVC0116,10,MES,mes,,,SRC_BUS_GITHUB
SVC0116,11,Banani,banani,PLC0032,Banani,SRC_BUS_GITHUB
SVC0116,12,Kakali,kakali,,,SRC_BUS_GITHUB
SVC0116,13,Gulshan 2,gulshan 2,PLC0130,Gulshan-2,SRC_BUS_GITHUB
SVC0116,14,Gulshan 1,gulshan 1,PLC0129,Gulshan-1,SRC_BUS_GITHUB
SVC0116,15,Badda Link Road,badda link road,PLC0024,Badda Link Road,SRC_BUS_GITHUB
SVC0116,16,Merul,merul,,,SRC_BUS_GITHUB
SVC0116,17,Rampura Bridge,rampura bridge,PLC0314,Rampura Bridge,SRC_BUS_GITHUB
SVC0116,18,Banasree,banasree,,,SRC_BUS_GITHUB
SVC0117,1,Gabtoli,gabtoli,PLC0114,Gabtoli,SRC_BUS_GITHUB
SVC0117,2,Technical,technical,PLC0362,Technical,SRC_BUS_GITHUB
SVC0117,3,Ansar Camp,ansar camp,PLC0008,Ansar Camp,SRC_BUS_GITHUB
SVC0117,4,Mirpur 1,mirpur 1,PLC0239,Mirpur-1,SRC_BUS_GITHUB
SVC0117,5,Sony CInema Hall,sony cinema hall,PLC0352,Soni Cinema Hall,SRC_BUS_GITHUB
SVC0117,6,Mirpur 2,mirpur 2,PLC0245,Mirpur-2,SRC_BUS_GITHUB
SVC0117,7,Mirpur 10,mirpur 10,PLC0240,Mirpur-10,SRC_BUS_GITHUB
SVC0117,8,Mirpur 14,mirpur 14,PLC0244,Mirpur-14,SRC_BUS_GITHUB
SVC0117,9,Vashantek,vashantek,,,SRC_BUS_GITHUB
SVC0118,1,Mirpur 12,mirpur 12,PLC0243,Mirpur-12,SRC_BUS_GITHUB
SVC0118,2,Pallabi,pallabi,PLC0290,Pallabi (Mirpur-12),SRC_BUS_GITHUB
SVC0118,3,Purobi,purobi,PLC0302,Purbi,SRC_BUS_GITHUB
SVC0118,4,Mirpur 11,mirpur 11,PLC0241,Mirpur-11,SRC_BUS_GITHUB
SVC0118,5,Mirpur 10,mirpur 10,PLC0240,Mirpur-10,SRC_BUS_GITHUB
SVC0118,6,Kazipara,kazipara,PLC0179,Kazipara,SRC_BUS_GITHUB
SVC0118,7,Shewrapara,shewrapara,PLC0340,Shewrapara,SRC_BUS_GITHUB
SVC0118,8,Taltola,taltola,,,SRC_BUS_GITHUB
SVC0118,9,Agargaon,agargaon,PLC0004,Agargaon,SRC_BUS_GITHUB
SVC0118,10,Khamar Bari,khamar bari,PLC0184,Khamarbari,SRC_BUS_GITHUB
SVC0118,11,Dhanmondi 27,dhanmondi 27,,,SRC_BUS_GITHUB
SVC0118,12,Dhanmondi 32,dhanmondi 32,,,SRC_BUS_GITHUB
SVC0118,13,Kalabagan,kalabagan,PLC0156,Kalabagan,SRC_BUS_GITHUB
SVC0118,14,City College,city college,PLC0077,City College,SRC_BUS_GITHUB
SVC0118,15,New Market,new market,PLC0279,New Market,SRC_BUS_GITHUB
SVC0118,16,Nilkhet,nilkhet,PLC0280,Nilkhet,SRC_BUS_GITHUB
SVC0118,17,Azimpur,azimpur,PLC0019,Azimpur (Dhakeswari),SRC_BUS_GITHUB
SVC0119,1,Chiriyakhana,chiriyakhana,,,SRC_BUS_GITHUB
SVC0119,2,Mirpur 1,mirpur 1,PLC0239,Mirpur-1,SRC_BUS_GITHUB
SVC0119,3,Sony Cinema Hall,sony cinema hall,PLC0352,Soni Cinema Hall,SRC_BUS_GITHUB
SVC0119,4,Mirpur 2,mirpur 2,PLC0245,Mirpur-2,SRC_BUS_GITHUB
SVC0119,5,Mirpur 10,mirpur 10,PLC0240,Mirpur-10,SRC_BUS_GITHUB
SVC0119,6,Kazipara,kazipara,PLC0179,Kazipara,SRC_BUS_GITHUB
SVC0119,7,Shewrapara,shewrapara,PLC0340,Shewrapara,SRC_BUS_GITHUB
SVC0119,8,Agargaon,agargaon,PLC0004,Agargaon,SRC_BUS_GITHUB
SVC0119,9,Bijoy Sarani,bijoy sarani,PLC0057,Bijay Smarani,SRC_BUS_GITHUB
SVC0119,10,Farmgate,farmgate,PLC0112,Farmgate,SRC_BUS_GITHUB
SVC0119,11,Bangla Motor,bangla motor,PLC0037,Bangla Motor,SRC_BUS_GITHUB
SVC0119,12,Mogbazar,mogbazar,PLC0210,Magbazar,SRC_BUS_GITHUB
SVC0119,13,Malibagh Moor,malibagh,PLC0212,Malibagh,SRC_BUS_GITHUB
SVC0119,14,Kamalapur,kamalapur,PLC0166,Kamalapur Station,SRC_BUS_GITHUB
SVC0120,1,Postagola,postagola,PLC0295,Postgola,SRC_BUS_GITHUB
SVC0120,2,Dholairpar,dholairpar,,,SRC_BUS_GITHUB
SVC0120,3,Jatrabari,jatrabari,PLC0143,Jatrabari,SRC_BUS_GITHUB
SVC0120,4,Sayedabad,sayedabad,PLC0327,Sayedabad,SRC_BUS_GITHUB
SVC0120,5,Mugdapara,mugdapara,,,SRC_BUS_GITHUB
SVC0120,6,Bashabo,bashabo,PLC0044,Basabo,SRC_BUS_GITHUB
SVC0120,7,Khilgaon,khilgaon,,,SRC_BUS_GITHUB
SVC0120,8,Malibagh Railgate,malibagh railgate,,,SRC_BUS_GITHUB
SVC0120,9,Rampura Bazar,rampura bazar,,,SRC_BUS_GITHUB
SVC0120,10,Rampura Bridge,rampura bridge,PLC0314,Rampura Bridge,SRC_BUS_GITHUB
SVC0120,11,Merul,merul,,,SRC_BUS_GITHUB
SVC0120,12,Badda,badda,PLC0023,Badda,SRC_BUS_GITHUB
SVC0120,13,Uttar Badda,uttar badda,PLC0376,Uttar Badda,SRC_BUS_GITHUB
SVC0120,14,Bashtola,bashtola,,,SRC_BUS_GITHUB
SVC0120,15,Notun Bazar,notun bazar,PLC0284,Notun Bazar,SRC_BUS_GITHUB
SVC0120,16,Nadda,nadda,,,SRC_BUS_GITHUB
SVC0120,17,Bashundhara,bashundhara,PLC0045,Bashundhara,SRC_BUS_GITHUB
SVC0120,18,Jamuna Future Park,jamuna future park,PLC0139,Jamuna Future Park,SRC_BUS_GITHUB
SVC0120,19,Kuril Chourasta,kuril chourasta,,,SRC_BUS_GITHUB
SVC0120,20,Kuril Bishwa Road,kuril bishwa road,PLC0203,Kuril Bishwa Road,SRC_BUS_GITHUB
SVC0120,21,Khilkhet,khilkhet,PLC0193,Khilkhet,SRC_BUS_GITHUB
SVC0120,22,Airport,airport,PLC0005,Airport,SRC_BUS_GITHUB
SVC0120,23,Jashimuddin (Uttara),jashimuddin,PLC0142,Jasimuddin,SRC_BUS_GITHUB
SVC0120,24,Rajlakshmi,rajlakshmi,,,SRC_BUS_GITHUB
SVC0120,25,Azampur,azampur,PLC0017,Azampur,SRC_BUS_GITHUB
SVC0120,26,House Building,house building,PLC0135,House Building,SRC_BUS_GITHUB
SVC0120,27,Abdullahpur,abdullahpur,PLC0002,Abdullahpur (Jail),SRC_BUS_GITHUB
SVC0120,28,Tongi,tongi,PLC0368,Tongi (Bastuhara),SRC_BUS_GITHUB
SVC0120,29,Station Road,road,,,SRC_BUS_GITHUB
SVC0120,30,Mill Gate,mill gate,,,SRC_BUS_GITHUB
SVC0120,31,Board Bazar,board bazar,PLC0061,Board Bazar,SRC_BUS_GITHUB
SVC0120,32,Gazipur Bypass,gazipur bypass,,,SRC_BUS_GITHUB
SVC0120,33,Gazipur Chourasta,gazipur chourasta,,,SRC_BUS_GITHUB
SVC0121,1,Sadarghat,sadarghat,PLC0321,Sadarghat,SRC_BUS_GITHUB
SVC0121,2,Golap Shah Mazar,golap shah mazar,PLC0123,Golapshah Mazar (Fulbaria),SRC_BUS_GITHUB
SVC0121,3,GPO,gpo,PLC0124,GPO,SRC_BUS_GITHUB
SVC0121,4,Paltan,paltan,PLC0291,Paltan,SRC_BUS_GITHUB
SVC0121,5,Press Club,press club,PLC0298,Press Club,SRC_BUS_GITHUB
SVC0121,6,High Court,high court,PLC0133,High Court,SRC_BUS_GITHUB
SVC0121,7,Matsya Bhaban,matsya bhaban,PLC0222,Matsya Bhaban,SRC_BUS_GITHUB
SVC0121,8,Shahbag,shahbag,PLC0331,Shahbag,SRC_BUS_GITHUB
SVC0121,9,Science Lab,science lab,PLC0329,Science Lab,SRC_BUS_GITHUB
SVC0121,10,Kalabagan,kalabagan,PLC0156,Kalabagan,SRC_BUS_GITHUB
SVC0121,11,Dhanmondi 32,dhanmondi 32,,,SRC_BUS_GITHUB
SVC0121,12,Dhanmondi 27,dhanmondi 27,,,SRC_BUS_GITHUB
SVC0121,13,Asad Gate,asad gate,PLC0012,Asad Gate,SRC_BUS_GITHUB
SVC0121,14,College Gate,college gate,PLC0078,College Gate,SRC_BUS_GITHUB
SVC0121,15,Shishu Mela,shishu mela,PLC0343,Shishumela,SRC_BUS_GITHUB
SVC0121,16,Shyamoli,shyamoli,PLC0346,Shyamoli,SRC_BUS_GITHUB
SVC0121,17,Kallyanpur,kalyanpur,PLC0163,Kalyanpur,SRC_BUS_GITHUB
SVC0121,18,Darussalam,darussalam,PLC0080,Darussalam,SRC_BUS_GITHUB
SVC0121,19,Technical,technical,PLC0362,Technical,SRC_BUS_GITHUB
SVC0121,20,Gabtoli,gabtoli,PLC0114,Gabtoli,SRC_BUS_GITHUB
SVC0121,21,Amin Bazar,amin bazar,PLC0006,Amin Bazar,SRC_BUS_GITHUB
SVC0121,22,Hemayetpur,hemayetpur,PLC0132,Hemayetpur,SRC_BUS_GITHUB
SVC0121,23,Savar,savar,PLC0326,Savar,SRC_BUS_GITHUB
SVC0121,24,Baipayl,baipail,PLC0029,Baipail,SRC_BUS_GITHUB
SVC0121,25,Zirani Bazar,zirani bazar,PLC0147,Jirani Bazar,SRC_BUS_GITHUB
SVC0121,26,Nandan Park,nandan park,PLC0269,Nandan Park,SRC_BUS_GITHUB
SVC0122,1,Bosila,basila,PLC0046,Basila,SRC_BUS_GITHUB
SVC0122,2,Mohammadpur,mohammadpur,PLC0256,Mohammadpur (Japan Garden City),SRC_BUS_GITHUB
SVC0122,3,Asad Gate,asad gate,PLC0012,Asad Gate,SRC_BUS_GITHUB
SVC0122,4,Khamar Bari,khamar bari,PLC0184,Khamarbari,SRC_BUS_GITHUB
SVC0122,5,Farmgate,farmgate,PLC0112,Farmgate,SRC_BUS_GITHUB
SVC0122,6,Kawran Bazar,kawran bazar,PLC0178,Kawran Bazar,SRC_BUS_GITHUB
SVC0122,7,Bangla Motor,bangla motor,PLC0037,Bangla Motor,SRC_BUS_GITHUB
SVC0122,8,Mogbazar,mogbazar,PLC0210,Magbazar,SRC_BUS_GITHUB
SVC0122,9,Mouchak,mouchak,PLC0265,Mouchak (Flyover),SRC_BUS_GITHUB
SVC0122,10,Malibagh Railgate,malibagh railgate,,,SRC_BUS_GITHUB
SVC0122,11,Hazipara,hazipara,PLC0179,Kazipara,SRC_BUS_GITHUB
SVC0122,12,Rampura Bazar,rampura bazar,,,SRC_BUS_GITHUB
SVC0122,13,Rampura Bridge,rampura bridge,PLC0314,Rampura Bridge,SRC_BUS_GITHUB
SVC0122,14,Banasree,banasree,,,SRC_BUS_GITHUB
SVC0122,15,Demra Staff Quarter,demra staff quarter,PLC0084,Demra Staff Quarter,SRC_BUS_GITHUB
SVC0123,1,Mirpur 12,mirpur 12,PLC0243,Mirpur-12,SRC_BUS_GITHUB
SVC0123,2,Pallabi,pallabi,PLC0290,Pallabi (Mirpur-12),SRC_BUS_GITHUB
SVC0123,3,Purobi,purobi,PLC0302,Purbi,SRC_BUS_GITHUB
SVC0123,4,Mirpur 11,mirpur 11,PLC0241,Mirpur-11,SRC_BUS_GITHUB
SVC0123,5,Mirpur 10,mirpur 10,PLC0240,Mirpur-10,SRC_BUS_GITHUB
SVC0123,6,Kazipara,kazipara,PLC0179,Kazipara,SRC_BUS_GITHUB
SVC0123,7,Shewrapara,shewrapara,PLC0340,Shewrapara,SRC_BUS_GITHUB
SVC0123,8,Taltola,taltola,,,SRC_BUS_GITHUB
SVC0123,9,Agargaon,agargaon,PLC0004,Agargaon,SRC_BUS_GITHUB
SVC0123,10,Khamar Bari,khamar bari,PLC0184,Khamarbari,SRC_BUS_GITHUB
SVC0123,11,Farmgate,farmgate,PLC0112,Farmgate,SRC_BUS_GITHUB
SVC0123,12,Kawran Bazar,kawran bazar,PLC0178,Kawran Bazar,SRC_BUS_GITHUB
SVC0123,13,Bangla Motor,bangla motor,PLC0037,Bangla Motor,SRC_BUS_GITHUB
SVC0123,14,Shahbag,shahbag,PLC0331,Shahbag,SRC_BUS_GITHUB
SVC0123,15,High Court,high court,PLC0133,High Court,SRC_BUS_GITHUB
SVC0123,16,Press Club,press club,PLC0298,Press Club,SRC_BUS_GITHUB
SVC0123,17,Paltan,paltan,PLC0291,Paltan,SRC_BUS_GITHUB
SVC0123,18,GPO,gpo,PLC0124,GPO,SRC_BUS_GITHUB
SVC0123,19,Golap Shah Mazar,golap shah mazar,PLC0123,Golapshah Mazar (Fulbaria),SRC_BUS_GITHUB
SVC0123,20,Naya Bazar,naya bazar,PLC0277,Nayabazar (No. 2 Buriganga Bridge),SRC_BUS_GITHUB
SVC0123,21,Babubazar,babubazar,PLC0020,Babu Bazar,SRC_BUS_GITHUB
SVC0123,22,Keraniganj,keraniganj,PLC0182,Keraniganj (New Jail),SRC_BUS_GITHUB
SVC0123,23,Kadamtali,kadamtali,PLC0151,Kadamtoli,SRC_BUS_GITHUB
SVC0123,24,Rajendrapur,rajendrapur,PLC0306,Rajendrapur,SRC_BUS_GITHUB
SVC0123,25,Maowa,maowa,,,SRC_BUS_GITHUB
SVC0124,1,Gabtoli,gabtoli,PLC0114,Gabtoli,SRC_BUS_GITHUB
SVC0124,2,Technical,technical,PLC0362,Technical,SRC_BUS_GITHUB
SVC0124,3,Kallyanpur,kalyanpur,PLC0163,Kalyanpur,SRC_BUS_GITHUB
SVC0124,4,Shyamoli,shyamoli,PLC0346,Shyamoli,SRC_BUS_GITHUB
SVC0124,5,Shishu Mela,shishu mela,PLC0343,Shishumela,SRC_BUS_GITHUB
SVC0124,6,College Gate,college gate,PLC0078,College Gate,SRC_BUS_GITHUB
SVC0124,7,Asad Gate,asad gate,PLC0012,Asad Gate,SRC_BUS_GITHUB
SVC0124,8,Dhanmondi 27,dhanmondi 27,,,SRC_BUS_GITHUB
SVC0124,9,Dhanmondi 32,dhanmondi 32,,,SRC_BUS_GITHUB
SVC0124,10,Shukrabad,shukrabad,PLC0344,Shukrabad,SRC_BUS_GITHUB
SVC0124,11,Kalabagan,kalabagan,PLC0156,Kalabagan,SRC_BUS_GITHUB
SVC0124,12,City College,city college,PLC0077,City College,SRC_BUS_GITHUB
SVC0124,13,Science Lab,science lab,PLC0329,Science Lab,SRC_BUS_GITHUB
SVC0124,14,Katabon,katabon,PLC0177,Katabon,SRC_BUS_GITHUB
SVC0124,15,Shahbag,shahbag,PLC0331,Shahbag,SRC_BUS_GITHUB
SVC0124,16,Matsya Bhaban,matsya bhaban,PLC0222,Matsya Bhaban,SRC_BUS_GITHUB
SVC0124,17,Kakrail,kakrail,PLC0155,Kakrail,SRC_BUS_GITHUB
SVC0124,18,Fakirapul,fakirapul,,,SRC_BUS_GITHUB
SVC0124,19,Arambagh,arambagh,PLC0010,Arambagh,SRC_BUS_GITHUB
SVC0124,20,Motijheel,motijheel,PLC0263,Motijheel (Shapla Chattar),SRC_BUS_GITHUB
SVC0124,21,Ittefaq Moor,ittefaq,,,SRC_BUS_GITHUB
SVC0124,22,Tikatuli,tikatuli,PLC0365,Tikatuli,SRC_BUS_GITHUB
SVC0124,23,Dayaganj,dayaganj,,,SRC_BUS_GITHUB
SVC0124,24,Gandaria,gandaria,,,SRC_BUS_GITHUB
SVC0124,25,Jurain,jurain,PLC0150,Jurain,SRC_BUS_GITHUB
SVC0124,26,Postagola,postagola,PLC0295,Postgola,SRC_BUS_GITHUB
SVC0125,1,Motijheel,motijheel,PLC0263,Motijheel (Shapla Chattar),SRC_BUS_GITHUB
SVC0125,2,Paltan,paltan,PLC0291,Paltan,SRC_BUS_GITHUB
SVC0125,3,Kakrail,kakrail,PLC0155,Kakrail,SRC_BUS_GITHUB
SVC0125,4,Malibagh Moor,malibagh,PLC0212,Malibagh,SRC_BUS_GITHUB
SVC0125,5,Mouchak,mouchak,PLC0265,Mouchak (Flyover),SRC_BUS_GITHUB
SVC0125,6,Mogbazar,mogbazar,PLC0210,Magbazar,SRC_BUS_GITHUB
SVC0125,7,Satrasta,satrasta,PLC0325,Satrasta,SRC_BUS_GITHUB
SVC0125,8,Nabisco,nabisco,PLC0268,Nabisco,SRC_BUS_GITHUB
SVC0125,9,Mohakhali,mohakhali,PLC0250,Mohakhali,SRC_BUS_GITHUB
SVC0125,10,Chairman Bari,chairman bari,,,SRC_BUS_GITHUB
SVC0125,11,Banani,banani,PLC0032,Banani,SRC_BUS_GITHUB
SVC0125,12,Kakali,kakali,,,SRC_BUS_GITHUB
SVC0125,13,Shewra,shewra,,,SRC_BUS_GITHUB
SVC0125,14,Kuril Bishwa Road,kuril bishwa road,PLC0203,Kuril Bishwa Road,SRC_BUS_GITHUB
SVC0125,15,Khilkhet,khilkhet,PLC0193,Khilkhet,SRC_BUS_GITHUB
SVC0125,16,Airport,airport,PLC0005,Airport,SRC_BUS_GITHUB
SVC0125,17,Jashimuddin (Uttara),jashimuddin,PLC0142,Jasimuddin,SRC_BUS_GITHUB
SVC0125,18,Rajlakshmi,rajlakshmi,,,SRC_BUS_GITHUB
SVC0125,19,Azampur,azampur,PLC0017,Azampur,SRC_BUS_GITHUB
SVC0125,20,House Building,house building,PLC0135,House Building,SRC_BUS_GITHUB
SVC0125,21,Abdullahpur,abdullahpur,PLC0002,Abdullahpur (Jail),SRC_BUS_GITHUB
SVC0125,22,Kamarpara,kamarpara,PLC0169,Kamarpara,SRC_BUS_GITHUB
SVC0126,1,Mirpur 12,mirpur 12,PLC0243,Mirpur-12,SRC_BUS_GITHUB
SVC0126,2,Pallabi,pallabi,PLC0290,Pallabi (Mirpur-12),SRC_BUS_GITHUB
SVC0126,3,Purobi,purobi,PLC0302,Purbi,SRC_BUS_GITHUB
SVC0126,4,Mirpur 11,mirpur 11,PLC0241,Mirpur-11,SRC_BUS_GITHUB
SVC0126,5,Mirpur 10,mirpur 10,PLC0240,Mirpur-10,SRC_BUS_GITHUB
SVC0126,6,Kazipara,kazipara,PLC0179,Kazipara,SRC_BUS_GITHUB
SVC0126,7,Shewrapara,shewrapara,PLC0340,Shewrapara,SRC_BUS_GITHUB
SVC0126,8,Taltola,taltola,,,SRC_BUS_GITHUB
SVC0126,9,Agargaon,agargaon,PLC0004,Agargaon,SRC_BUS_GITHUB
SVC0126,10,Bijoy Sarani,bijoy sarani,PLC0057,Bijay Smarani,SRC_BUS_GITHUB
SVC0126,11,Farmgate,farmgate,PLC0112,Farmgate,SRC_BUS_GITHUB
SVC0126,12,Kawran Bazar,kawran bazar,PLC0178,Kawran Bazar,SRC_BUS_GITHUB
SVC0126,13,Bangla Motor,bangla motor,PLC0037,Bangla Motor,SRC_BUS_GITHUB
SVC0126,14,Shahbag,shahbag,PLC0331,Shahbag,SRC_BUS_GITHUB
SVC0126,15,Matsya Bhaban,matsya bhaban,PLC0222,Matsya Bhaban,SRC_BUS_GITHUB
SVC0126,16,High Court,high court,PLC0133,High Court,SRC_BUS_GITHUB
SVC0126,17,Press Club,press club,PLC0298,Press Club,SRC_BUS_GITHUB
SVC0126,18,Paltan,paltan,PLC0291,Paltan,SRC_BUS_GITHUB
SVC0126,19,GPO,gpo,PLC0124,GPO,SRC_BUS_GITHUB
SVC0126,20,Gulistan,gulistan,PLC0128,Gulistan Morh,SRC_BUS_GITHUB
SVC0126,21,Janapath Moor,janapath,,,SRC_BUS_GITHUB
SVC0126,22,Jatrabari,jatrabari,PLC0143,Jatrabari,SRC_BUS_GITHUB
SVC0127,1,Jatrabari,jatrabari,PLC0143,Jatrabari,SRC_BUS_GITHUB
SVC0127,2,Sayedabad,sayedabad,PLC0327,Sayedabad,SRC_BUS_GITHUB
SVC0127,3,Gulistan,gulistan,PLC0128,Gulistan Morh,SRC_BUS_GITHUB
SVC0127,4,GPO,gpo,PLC0124,GPO,SRC_BUS_GITHUB
SVC0127,5,Paltan,paltan,PLC0291,Paltan,SRC_BUS_GITHUB
SVC0127,6,Press Club,press club,PLC0298,Press Club,SRC_BUS_GITHUB
SVC0127,7,High Court,high court,PLC0133,High Court,SRC_BUS_GITHUB
SVC0127,8,Matsya Bhaban,matsya bhaban,PLC0222,Matsya Bhaban,SRC_BUS_GITHUB
SVC0127,9,Shahbag,shahbag,PLC0331,Shahbag,SRC_BUS_GITHUB
SVC0127,10,Bangla Motor,bangla motor,PLC0037,Bangla Motor,SRC_BUS_GITHUB
SVC0127,11,Kawran Bazar,kawran bazar,PLC0178,Kawran Bazar,SRC_BUS_GITHUB
SVC0127,12,Farmgate,farmgate,PLC0112,Farmgate,SRC_BUS_GITHUB
SVC0127,13,Bijoy Sarani,bijoy sarani,PLC0057,Bijay Smarani,SRC_BUS_GITHUB
SVC0127,14,Agargaon,agargaon,PLC0004,Agargaon,SRC_BUS_GITHUB
SVC0127,15,IDB,idb,,,SRC_BUS_GITHUB
SVC0127,16,Taltola,taltola,,,SRC_BUS_GITHUB
SVC0127,17,Shewrapara,shewrapara,PLC0340,Shewrapara,SRC_BUS_GITHUB
SVC0127,18,Kazipara,kazipara,PLC0179,Kazipara,SRC_BUS_GITHUB
SVC0127,19,Mirpur 10,mirpur 10,PLC0240,Mirpur-10,SRC_BUS_GITHUB
SVC0127,20,Mirpur 11,mirpur 11,PLC0241,Mirpur-11,SRC_BUS_GITHUB
SVC0127,21,Pallabi,pallabi,PLC0290,Pallabi (Mirpur-12),SRC_BUS_GITHUB
SVC0127,22,Purobi,purobi,PLC0302,Purbi,SRC_BUS_GITHUB
SVC0127,23,Mirpur 12,mirpur 12,PLC0243,Mirpur-12,SRC_BUS_GITHUB
SVC0128,1,Chittagong Road,chittagong road,,,SRC_BUS_GITHUB
SVC0128,2,Sign Board,sign board,PLC0348,Signboard,SRC_BUS_GITHUB
SVC0128,3,Matuail,matuail,,,SRC_BUS_GITHUB
SVC0128,4,Rayerbag,rayerbag,PLC0316,Rayerbag,SRC_BUS_GITHUB
SVC0128,5,Shonir Akhra,shonir akhra,PLC0332,Shanir Akhra,SRC_BUS_GITHUB
SVC0128,6,Jatrabari,jatrabari,PLC0143,Jatrabari,SRC_BUS_GITHUB
SVC0128,7,Sayedabad,sayedabad,PLC0327,Sayedabad,SRC_BUS_GITHUB
SVC0128,8,Gulistan,gulistan,PLC0128,Gulistan Morh,SRC_BUS_GITHUB
SVC0128,9,Chankhar Pul,chankhar pul,PLC0071,Chankharpul,SRC_BUS_GITHUB
SVC0128,10,Bakshi Bazar,bakshi bazar,PLC0030,Bakshibazar,SRC_BUS_GITHUB
SVC0128,11,Dhakeshwari,dhakeshwari,,,SRC_BUS_GITHUB
SVC0128,12,Azimpur,azimpur,PLC0019,Azimpur (Dhakeswari),SRC_BUS_GITHUB
SVC0128,13,Nilkhet,nilkhet,PLC0280,Nilkhet,SRC_BUS_GITHUB
SVC0128,14,New Market,new market,PLC0279,New Market,SRC_BUS_GITHUB
SVC0128,15,City College,city college,PLC0077,City College,SRC_BUS_GITHUB
SVC0128,16,Kalabagan,kalabagan,PLC0156,Kalabagan,SRC_BUS_GITHUB
SVC0128,17,Dhanmondi 32,dhanmondi 32,,,SRC_BUS_GITHUB
SVC0128,18,Dhanmondi 27,dhanmondi 27,,,SRC_BUS_GITHUB
SVC0128,19,Asad Gate,asad gate,PLC0012,Asad Gate,SRC_BUS_GITHUB
SVC0128,20,College Gate,college gate,PLC0078,College Gate,SRC_BUS_GITHUB
SVC0128,21,Shishu Mela,shishu mela,PLC0343,Shishumela,SRC_BUS_GITHUB
SVC0128,22,Shyamoli,shyamoli,PLC0346,Shyamoli,SRC_BUS_GITHUB
SVC0128,23,Kallyanpur,kalyanpur,PLC0163,Kalyanpur,SRC_BUS_GITHUB
SVC0128,24,Darussalam,darussalam,PLC0080,Darussalam,SRC_BUS_GITHUB
SVC0128,25,Technical,technical,PLC0362,Technical,SRC_BUS_GITHUB
SVC0128,26,Gabtoli,gabtoli,PLC0114,Gabtoli,SRC_BUS_GITHUB
SVC0128,27,Amin Bazar,amin bazar,PLC0006,Amin Bazar,SRC_BUS_GITHUB
SVC0128,28,Hemayetpur,hemayetpur,PLC0132,Hemayetpur,SRC_BUS_GITHUB
SVC0128,29,Savar,savar,PLC0326,Savar,SRC_BUS_GITHUB
SVC0128,30,Nobinagar,nobinagar,PLC0281,Nobinagar (Savar),SRC_BUS_GITHUB
SVC0128,31,Baipayl,baipail,PLC0029,Baipail,SRC_BUS_GITHUB
SVC0128,32,Zirani Bazar,zirani bazar,PLC0147,Jirani Bazar,SRC_BUS_GITHUB
SVC0128,33,Nandan Park,nandan park,PLC0269,Nandan Park,SRC_BUS_GITHUB
SVC0128,34,Chandra,chandra,PLC0070,Chandra,SRC_BUS_GITHUB
SVC0129,1,Fulbaria,fulbaria,PLC0113,Fulbaria,SRC_BUS_GITHUB
SVC0129,2,Golap Shah Mazar,golap shah mazar,PLC0123,Golapshah Mazar (Fulbaria),SRC_BUS_GITHUB
SVC0129,3,GPO,gpo,PLC0124,GPO,SRC_BUS_GITHUB
SVC0129,4,Paltan,paltan,PLC0291,Paltan,SRC_BUS_GITHUB
SVC0129,5,Press Club,press club,PLC0298,Press Club,SRC_BUS_GITHUB
SVC0129,6,High Court,high court,PLC0133,High Court,SRC_BUS_GITHUB
SVC0129,7,Matsya Bhaban,matsya bhaban,PLC0222,Matsya Bhaban,SRC_BUS_GITHUB
SVC0129,8,Shahbag,shahbag,PLC0331,Shahbag,SRC_BUS_GITHUB
SVC0129,9,Bata Signal,bata signal,,,SRC_BUS_GITHUB
SVC0129,10,Science Lab,science lab,PLC0329,Science Lab,SRC_BUS_GITHUB
SVC0129,11,Kalabagan,kalabagan,PLC0156,Kalabagan,SRC_BUS_GITHUB
SVC0129,12,Dhanmondi 32,dhanmondi 32,,,SRC_BUS_GITHUB
SVC0129,13,Dhanmondi 27,dhanmondi 27,,,SRC_BUS_GITHUB
SVC0129,14,Asad Gate,asad gate,PLC0012,Asad Gate,SRC_BUS_GITHUB
SVC0129,15,College Gate,college gate,PLC0078,College Gate,SRC_BUS_GITHUB
SVC0129,16,Shishu Mela,shishu mela,PLC0343,Shishumela,SRC_BUS_GITHUB
SVC0129,17,Shyamoli,shyamoli,PLC0346,Shyamoli,SRC_BUS_GITHUB
SVC0129,18,Kallyanpur,kalyanpur,PLC0163,Kalyanpur,SRC_BUS_GITHUB
SVC0129,19,Darussalam,darussalam,PLC0080,Darussalam,SRC_BUS_GITHUB
SVC0129,20,Technical,technical,PLC0362,Technical,SRC_BUS_GITHUB
SVC0129,21,Gabtoli,gabtoli,PLC0114,Gabtoli,SRC_BUS_GITHUB
SVC0129,22,Amin Bazar,amin bazar,PLC0006,Amin Bazar,SRC_BUS_GITHUB
SVC0129,23,Hemayetpur,hemayetpur,PLC0132,Hemayetpur,SRC_BUS_GITHUB
SVC0129,24,Manikganj,manikganj,PLC0218,Manikganj,SRC_BUS_GITHUB
SVC0130,1,Banasree,banasree,,,SRC_BUS_GITHUB
SVC0130,2,Rampura Bridge,rampura bridge,PLC0314,Rampura Bridge,SRC_BUS_GITHUB
SVC0130,3,Merul,merul,,,SRC_BUS_GITHUB
SVC0130,4,Badda,badda,PLC0023,Badda,SRC_BUS_GITHUB
SVC0130,5,Shahjadpur,shahjadpur,,,SRC_BUS_GITHUB
SVC0130,6,Bashtola,bashtola,,,SRC_BUS_GITHUB
SVC0130,7,Notun Bazar,notun bazar,PLC0284,Notun Bazar,SRC_BUS_GITHUB
SVC0130,8,Nadda,nadda,,,SRC_BUS_GITHUB
SVC0130,9,Bashundhara,bashundhara,PLC0045,Bashundhara,SRC_BUS_GITHUB
SVC0130,10,Jamuna Future Park,jamuna future park,PLC0139,Jamuna Future Park,SRC_BUS_GITHUB
SVC0130,11,Kuril Bishwa Road,kuril bishwa road,PLC0203,Kuril Bishwa Road,SRC_BUS_GITHUB
SVC0130,12,Khilkhet,khilkhet,PLC0193,Khilkhet,SRC_BUS_GITHUB
SVC0130,13,Airport,airport,PLC0005,Airport,SRC_BUS_GITHUB
SVC0130,14,Jashimuddin (Uttara),jashimuddin,PLC0142,Jasimuddin,SRC_BUS_GITHUB
SVC0130,15,Rajlakshmi,rajlakshmi,,,SRC_BUS_GITHUB
SVC0130,16,Azampur,azampur,PLC0017,Azampur,SRC_BUS_GITHUB
SVC0130,17,House Building,house building,PLC0135,House Building,SRC_BUS_GITHUB
SVC0130,18,Abdullahpur,abdullahpur,PLC0002,Abdullahpur (Jail),SRC_BUS_GITHUB
SVC0130,19,Kamarpara,kamarpara,PLC0169,Kamarpara,SRC_BUS_GITHUB
SVC0130,20,Dhour,dhour,,,SRC_BUS_GITHUB
SVC0130,21,Beribadh,beribadh,PLC0050,Beribadh,SRC_BUS_GITHUB
SVC0130,22,Ashulia,ashulia,PLC0015,Ashulia (Fantasy Kingdom),SRC_BUS_GITHUB
SVC0130,23,Zirabo,zirabo,PLC0385,Zirab,SRC_BUS_GITHUB
SVC0130,24,Fantasy Kingdom,fantasy kingdom,PLC0111,Fantasy Kingdom,SRC_BUS_GITHUB
SVC0130,25,Jamgora,jamgora,,,SRC_BUS_GITHUB
SVC0130,26,Shimultola,shimultola,,,SRC_BUS_GITHUB
SVC0130,27,Baipayl,baipail,PLC0029,Baipail,SRC_BUS_GITHUB
SVC0130,28,Palli Bidyut,palli bidyut,,,SRC_BUS_GITHUB
SVC0130,29,Savar Cantonment,savar cantonment,,,SRC_BUS_GITHUB
SVC0130,30,Nobinagar,nobinagar,PLC0281,Nobinagar (Savar),SRC_BUS_GITHUB
SVC0131,1,Sadarghat,sadarghat,PLC0321,Sadarghat,SRC_BUS_GITHUB
SVC0131,2,Ray Saheb Bazar,ray saheb bazar,PLC0317,Raysaheb Bazar,SRC_BUS_GITHUB
SVC0131,3,Naya Bazar,naya bazar,PLC0277,Nayabazar (No. 2 Buriganga Bridge),SRC_BUS_GITHUB
SVC0131,4,Golap Shah Mazar,golap shah mazar,PLC0123,Golapshah Mazar (Fulbaria),SRC_BUS_GITHUB
SVC0131,5,GPO,gpo,PLC0124,GPO,SRC_BUS_GITHUB
SVC0131,6,Paltan,paltan,PLC0291,Paltan,SRC_BUS_GITHUB
SVC0131,7,Kakrail,kakrail,PLC0155,Kakrail,SRC_BUS_GITHUB
SVC0131,8,Shantinagar,shantinagar,,,SRC_BUS_GITHUB
SVC0131,9,Malibagh Moor,malibagh,PLC0212,Malibagh,SRC_BUS_GITHUB
SVC0131,10,Mouchak,mouchak,PLC0265,Mouchak (Flyover),SRC_BUS_GITHUB
SVC0131,11,Nabisco,nabisco,PLC0268,Nabisco,SRC_BUS_GITHUB
SVC0131,12,Mohakhali,mohakhali,PLC0250,Mohakhali,SRC_BUS_GITHUB
SVC0131,13,Chairman Bari,chairman bari,,,SRC_BUS_GITHUB
SVC0131,14,Sainik Club,sainik club,PLC0324,Sainik Club,SRC_BUS_GITHUB
SVC0131,15,Banani,banani,PLC0032,Banani,SRC_BUS_GITHUB
SVC0131,16,Kakali,kakali,,,SRC_BUS_GITHUB
SVC0131,17,Staff Road,staff road,PLC0356,Staff Road,SRC_BUS_GITHUB
SVC0131,18,MES,mes,,,SRC_BUS_GITHUB
SVC0131,19,Shewra,shewra,,,SRC_BUS_GITHUB
SVC0131,20,Kuril Bishwa Road,kuril bishwa road,PLC0203,Kuril Bishwa Road,SRC_BUS_GITHUB
SVC0131,21,Khilkhet,khilkhet,PLC0193,Khilkhet,SRC_BUS_GITHUB
SVC0131,22,Airport,airport,PLC0005,Airport,SRC_BUS_GITHUB
SVC0131,23,Jashimuddin (Uttara),jashimuddin,PLC0142,Jasimuddin,SRC_BUS_GITHUB
SVC0131,24,Rajlakshmi,rajlakshmi,,,SRC_BUS_GITHUB
SVC0131,25,Azampur,azampur,PLC0017,Azampur,SRC_BUS_GITHUB
SVC0131,26,House Building,house building,PLC0135,House Building,SRC_BUS_GITHUB
SVC0131,27,Abdullahpur,abdullahpur,PLC0002,Abdullahpur (Jail),SRC_BUS_GITHUB
SVC0131,28,Tongi,tongi,PLC0368,Tongi (Bastuhara),SRC_BUS_GITHUB
SVC0131,29,Station Road,road,,,SRC_BUS_GITHUB
SVC0131,30,Mill Gate,mill gate,,,SRC_BUS_GITHUB
SVC0131,31,Board Bazar,board bazar,PLC0061,Board Bazar,SRC_BUS_GITHUB
SVC0131,32,Gazipur Chourasta,gazipur chourasta,,,SRC_BUS_GITHUB
SVC0132,1,Gulistan,gulistan,PLC0128,Gulistan Morh,SRC_BUS_GITHUB
SVC0132,2,Shahbag,shahbag,PLC0331,Shahbag,SRC_BUS_GITHUB
SVC0132,3,Farmgate,farmgate,PLC0112,Farmgate,SRC_BUS_GITHUB
SVC0132,4,Shyamoli,shyamoli,PLC0346,Shyamoli,SRC_BUS_GITHUB
SVC0132,5,Gabtoli,gabtoli,PLC0114,Gabtoli,SRC_BUS_GITHUB
SVC0132,6,Savar,savar,PLC0326,Savar,SRC_BUS_GITHUB
SVC0132,7,Nobinagar,nobinagar,PLC0281,Nobinagar (Savar),SRC_BUS_GITHUB
SVC0133,1,Victoria Park,victoria park,PLC0380,Victoria Park,SRC_BUS_GITHUB
SVC0133,2,Sadarghat,sadarghat,PLC0321,Sadarghat,SRC_BUS_GITHUB
SVC0133,3,Ray Saheb Bazar,ray saheb bazar,PLC0317,Raysaheb Bazar,SRC_BUS_GITHUB
SVC0133,4,Golap Shah Mazar,golap shah mazar,PLC0123,Golapshah Mazar (Fulbaria),SRC_BUS_GITHUB
SVC0133,5,GPO,gpo,PLC0124,GPO,SRC_BUS_GITHUB
SVC0133,6,Paltan,paltan,PLC0291,Paltan,SRC_BUS_GITHUB
SVC0133,7,Kakrail,kakrail,PLC0155,Kakrail,SRC_BUS_GITHUB
SVC0133,8,Shantinagar,shantinagar,,,SRC_BUS_GITHUB
SVC0133,9,Malibagh Moor,malibagh,PLC0212,Malibagh,SRC_BUS_GITHUB
SVC0133,10,Mouchak,mouchak,PLC0265,Mouchak (Flyover),SRC_BUS_GITHUB
SVC0133,11,Malibagh Railgate,malibagh railgate,,,SRC_BUS_GITHUB
SVC0133,12,Hazipara,hazipara,PLC0179,Kazipara,SRC_BUS_GITHUB
SVC0133,13,Rampura Bazar,rampura bazar,,,SRC_BUS_GITHUB
SVC0133,14,Rampura Bridge,rampura bridge,PLC0314,Rampura Bridge,SRC_BUS_GITHUB
SVC0133,15,Merul,merul,,,SRC_BUS_GITHUB
SVC0133,16,Badda,badda,PLC0023,Badda,SRC_BUS_GITHUB
SVC0133,17,Shahjadpur,shahjadpur,,,SRC_BUS_GITHUB
SVC0133,18,Bashtola,bashtola,,,SRC_BUS_GITHUB
SVC0133,19,Notun Bazar,notun bazar,PLC0284,Notun Bazar,SRC_BUS_GITHUB
SVC0133,20,Nadda,nadda,,,SRC_BUS_GITHUB
SVC0133,21,Bashundhara,bashundhara,PLC0045,Bashundhara,SRC_BUS_GITHUB
SVC0133,22,Jamuna Future Park,jamuna future park,PLC0139,Jamuna Future Park,SRC_BUS_GITHUB
SVC0133,23,Kuril Bishwa Road,kuril bishwa road,PLC0203,Kuril Bishwa Road,SRC_BUS_GITHUB
SVC0133,24,Khilkhet,khilkhet,PLC0193,Khilkhet,SRC_BUS_GITHUB
SVC0133,25,Airport,airport,PLC0005,Airport,SRC_BUS_GITHUB
SVC0133,26,Jashimuddin (Uttara),jashimuddin,PLC0142,Jasimuddin,SRC_BUS_GITHUB
SVC0133,27,Rajlakshmi,rajlakshmi,,,SRC_BUS_GITHUB
SVC0133,28,Azampur,azampur,PLC0017,Azampur,SRC_BUS_GITHUB
SVC0133,29,House Building,house building,PLC0135,House Building,SRC_BUS_GITHUB
SVC0133,30,Abdullahpur,abdullahpur,PLC0002,Abdullahpur (Jail),SRC_BUS_GITHUB
SVC0133,31,Tongi,tongi,PLC0368,Tongi (Bastuhara),SRC_BUS_GITHUB
SVC0134,1,Savar,savar,PLC0326,Savar,SRC_BUS_GITHUB
SVC0134,2,Hemayetpur,hemayetpur,PLC0132,Hemayetpur,SRC_BUS_GITHUB
SVC0134,3,Amin Bazar,amin bazar,PLC0006,Amin Bazar,SRC_BUS_GITHUB
SVC0134,4,Gabtoli,gabtoli,PLC0114,Gabtoli,SRC_BUS_GITHUB
SVC0134,5,Technical,technical,PLC0362,Technical,SRC_BUS_GITHUB
SVC0134,6,Kallyanpur,kalyanpur,PLC0163,Kalyanpur,SRC_BUS_GITHUB
SVC0134,7,Shyamoli,shyamoli,PLC0346,Shyamoli,SRC_BUS_GITHUB
SVC0134,8,Shishu Mela,shishu mela,PLC0343,Shishumela,SRC_BUS_GITHUB
SVC0134,9,College Gate,college gate,PLC0078,College Gate,SRC_BUS_GITHUB
SVC0134,10,Asad Gate,asad gate,PLC0012,Asad Gate,SRC_BUS_GITHUB
SVC0134,11,Khamar Bari,khamar bari,PLC0184,Khamarbari,SRC_BUS_GITHUB
SVC0134,12,Farmgate,farmgate,PLC0112,Farmgate,SRC_BUS_GITHUB
SVC0134,13,Kawran Bazar,kawran bazar,PLC0178,Kawran Bazar,SRC_BUS_GITHUB
SVC0134,14,Bangla Motor,bangla motor,PLC0037,Bangla Motor,SRC_BUS_GITHUB
SVC0134,15,Shahbag,shahbag,PLC0331,Shahbag,SRC_BUS_GITHUB
SVC0134,16,High Court,high court,PLC0133,High Court,SRC_BUS_GITHUB
SVC0134,17,Press Club,press club,PLC0298,Press Club,SRC_BUS_GITHUB
SVC0134,18,Paltan,paltan,PLC0291,Paltan,SRC_BUS_GITHUB
SVC0134,19,GPO,gpo,PLC0124,GPO,SRC_BUS_GITHUB
SVC0134,20,Golap Shah Mazar,golap shah mazar,PLC0123,Golapshah Mazar (Fulbaria),SRC_BUS_GITHUB
SVC0134,21,Naya Bazar,naya bazar,PLC0277,Nayabazar (No. 2 Buriganga Bridge),SRC_BUS_GITHUB
SVC0134,22,Ray Saheb Bazar,ray saheb bazar,PLC0317,Raysaheb Bazar,SRC_BUS_GITHUB
SVC0134,23,Sadarghat,sadarghat,PLC0321,Sadarghat,SRC_BUS_GITHUB
SVC0135,1,Chiriyakhana,chiriyakhana,,,SRC_BUS_GITHUB
SVC0135,2,Mirpur 1,mirpur 1,PLC0239,Mirpur-1,SRC_BUS_GITHUB
SVC0135,3,Ansar Camp,ansar camp,PLC0008,Ansar Camp,SRC_BUS_GITHUB
SVC0135,4,Technical,technical,PLC0362,Technical,SRC_BUS_GITHUB
SVC0135,5,Kallyanpur,kalyanpur,PLC0163,Kalyanpur,SRC_BUS_GITHUB
SVC0135,6,Shyamoli,shyamoli,PLC0346,Shyamoli,SRC_BUS_GITHUB
SVC0135,7,Shishu Mela,shishu mela,PLC0343,Shishumela,SRC_BUS_GITHUB
SVC0135,8,College Gate,college gate,PLC0078,College Gate,SRC_BUS_GITHUB
SVC0135,9,Asad Gate,asad gate,PLC0012,Asad Gate,SRC_BUS_GITHUB
SVC0135,10,Khamar Bari,khamar bari,PLC0184,Khamarbari,SRC_BUS_GITHUB
SVC0135,11,Farmgate,farmgate,PLC0112,Farmgate,SRC_BUS_GITHUB
SVC0135,12,Kawran Bazar,kawran bazar,PLC0178,Kawran Bazar,SRC_BUS_GITHUB
SVC0135,13,Bangla Motor,bangla motor,PLC0037,Bangla Motor,SRC_BUS_GITHUB
SVC0135,14,Mogbazar,mogbazar,PLC0210,Magbazar,SRC_BUS_GITHUB
SVC0135,15,Mouchak,mouchak,PLC0265,Mouchak (Flyover),SRC_BUS_GITHUB
SVC0135,16,Malibagh Moor,malibagh,PLC0212,Malibagh,SRC_BUS_GITHUB
SVC0135,17,Rajarbag,rajarbag,PLC0305,Rajarbagh,SRC_BUS_GITHUB
SVC0135,18,Khilgaon Flyover,khilgaon flyover,PLC0189,Khilgaon Flyover,SRC_BUS_GITHUB
SVC0135,19,Bashabo,bashabo,PLC0044,Basabo,SRC_BUS_GITHUB
SVC0135,20,Mugdapara,mugdapara,,,SRC_BUS_GITHUB
SVC0135,21,Manik Nagar,manik nagar,PLC0220,Maniknagar,SRC_BUS_GITHUB
SVC0135,22,Golapbag Chourasta,golapbag chourasta,,,SRC_BUS_GITHUB
SVC0135,23,Sayedabad,sayedabad,PLC0327,Sayedabad,SRC_BUS_GITHUB
SVC0135,24,Janapath Moor,janapath,,,SRC_BUS_GITHUB
SVC0135,25,Jatrabari,jatrabari,PLC0143,Jatrabari,SRC_BUS_GITHUB
SVC0135,26,Kazla,kazla,,,SRC_BUS_GITHUB
SVC0135,27,Shonir Akhra,shonir akhra,PLC0332,Shanir Akhra,SRC_BUS_GITHUB
SVC0135,28,Rayerbag,rayerbag,PLC0316,Rayerbag,SRC_BUS_GITHUB
SVC0135,29,Matuail,matuail,,,SRC_BUS_GITHUB
SVC0135,30,Sign Board,sign board,PLC0348,Signboard,SRC_BUS_GITHUB
SVC0135,31,Sanarpar,sanarpar,,,SRC_BUS_GITHUB
SVC0135,32,Chittagong Road,chittagong road,,,SRC_BUS_GITHUB
SVC0136,1,Chiriyakhana,chiriyakhana,,,SRC_BUS_GITHUB
SVC0136,2,Mirpur 1,mirpur 1,PLC0239,Mirpur-1,SRC_BUS_GITHUB
SVC0136,3,Ansar Camp,ansar camp,PLC0008,Ansar Camp,SRC_BUS_GITHUB
SVC0136,4,Technical,technical,PLC0362,Technical,SRC_BUS_GITHUB
SVC0136,5,Kallyanpur,kalyanpur,PLC0163,Kalyanpur,SRC_BUS_GITHUB
SVC0136,6,Shyamoli,shyamoli,PLC0346,Shyamoli,SRC_BUS_GITHUB
SVC0136,7,Shishu Mela,shishu mela,PLC0343,Shishumela,SRC_BUS_GITHUB
SVC0136,8,College Gate,college gate,PLC0078,College Gate,SRC_BUS_GITHUB
SVC0136,9,Asad Gate,asad gate,PLC0012,Asad Gate,SRC_BUS_GITHUB
SVC0136,10,Khamar Bari,khamar bari,PLC0184,Khamarbari,SRC_BUS_GITHUB
SVC0136,11,Farmgate,farmgate,PLC0112,Farmgate,SRC_BUS_GITHUB
SVC0136,12,Kawran Bazar,kawran bazar,PLC0178,Kawran Bazar,SRC_BUS_GITHUB
SVC0136,13,Bangla Motor,bangla motor,PLC0037,Bangla Motor,SRC_BUS_GITHUB
SVC0136,14,Shahbag,shahbag,PLC0331,Shahbag,SRC_BUS_GITHUB
SVC0136,15,High Court,high court,PLC0133,High Court,SRC_BUS_GITHUB
SVC0136,16,Press Club,press club,PLC0298,Press Club,SRC_BUS_GITHUB
SVC0136,17,Paltan,paltan,PLC0291,Paltan,SRC_BUS_GITHUB
SVC0136,18,GPO,gpo,PLC0124,GPO,SRC_BUS_GITHUB
SVC0136,19,Golap Shah Mazar,golap shah mazar,PLC0123,Golapshah Mazar (Fulbaria),SRC_BUS_GITHUB
SVC0136,20,Naya Bazar,naya bazar,PLC0277,Nayabazar (No. 2 Buriganga Bridge),SRC_BUS_GITHUB
SVC0136,21,Ray Saheb Bazar,ray saheb bazar,PLC0317,Raysaheb Bazar,SRC_BUS_GITHUB
SVC0136,22,Sadarghat,sadarghat,PLC0321,Sadarghat,SRC_BUS_GITHUB
SVC0137,1,Mohammadpur Bus Stand,mohammadpur bus stand,PLC0257,Mohammadpur Bus Stand,SRC_BUS_GITHUB
SVC0137,2,Shankar,shankar,PLC0333,Shankar,SRC_BUS_GITHUB
SVC0137,3,Star Kabab,star kabab,,,SRC_BUS_GITHUB
SVC0137,4,Dhanmondi 15,dhanmondi 15,PLC0092,Dhanmondi-15,SRC_BUS_GITHUB
SVC0137,5,Jigatola,jigatola,PLC0144,Jigatola,SRC_BUS_GITHUB
SVC0137,6,City College,city college,PLC0077,City College,SRC_BUS_GITHUB
SVC0137,7,Science Lab,science lab,PLC0329,Science Lab,SRC_BUS_GITHUB
SVC0137,8,Bata Signal,bata signal,,,SRC_BUS_GITHUB
SVC0137,9,Shahbag,shahbag,PLC0331,Shahbag,SRC_BUS_GITHUB
SVC0137,10,Matsya Bhaban,matsya bhaban,PLC0222,Matsya Bhaban,SRC_BUS_GITHUB
SVC0137,11,Kakrail,kakrail,PLC0155,Kakrail,SRC_BUS_GITHUB
SVC0137,12,Shantinagar,shantinagar,,,SRC_BUS_GITHUB
SVC0137,13,Malibagh Moor,malibagh,PLC0212,Malibagh,SRC_BUS_GITHUB
SVC0137,14,Mouchak,mouchak,PLC0265,Mouchak (Flyover),SRC_BUS_GITHUB
SVC0137,15,Malibagh Railgate,malibagh railgate,,,SRC_BUS_GITHUB
SVC0137,16,Hazipara,hazipara,PLC0179,Kazipara,SRC_BUS_GITHUB
SVC0137,17,Rampura Bazar,rampura bazar,,,SRC_BUS_GITHUB
SVC0137,18,Rampura Bridge,rampura bridge,PLC0314,Rampura Bridge,SRC_BUS_GITHUB
SVC0137,19,Banasree,banasree,,,SRC_BUS_GITHUB
SVC0137,20,South Banasree,south banasree,,,SRC_BUS_GITHUB
SVC0138,1,Shia Mosque,shia mosque,,,SRC_BUS_GITHUB
SVC0138,2,Japan Garden City,japan garden city,PLC0140,Japan Garden City,SRC_BUS_GITHUB
SVC0138,3,Ring road,ring road,,,SRC_BUS_GITHUB
SVC0138,4,Adabor Shyamoli,adabor shyamoli,,,SRC_BUS_GITHUB
SVC0138,5,Shishu Mela,shishu mela,PLC0343,Shishumela,SRC_BUS_GITHUB
SVC0138,6,Agargaon,agargaon,PLC0004,Agargaon,SRC_BUS_GITHUB
SVC0138,7,Taltola,taltola,,,SRC_BUS_GITHUB
SVC0138,8,Shewrapara,shewrapara,PLC0340,Shewrapara,SRC_BUS_GITHUB
SVC0138,9,Kazipara,kazipara,PLC0179,Kazipara,SRC_BUS_GITHUB
SVC0138,10,Mirpur 10,mirpur 10,PLC0240,Mirpur-10,SRC_BUS_GITHUB
SVC0138,11,Mirpur 11,mirpur 11,PLC0241,Mirpur-11,SRC_BUS_GITHUB
SVC0138,12,Purobi,purobi,PLC0302,Purbi,SRC_BUS_GITHUB
SVC0138,13,Pallabi,pallabi,PLC0290,Pallabi (Mirpur-12),SRC_BUS_GITHUB
SVC0138,14,Kalshi,kalshi,PLC0161,Kalshi Morh,SRC_BUS_GITHUB
SVC0138,15,ECB Square,ecb square,,,SRC_BUS_GITHUB
SVC0138,16,MES,mes,,,SRC_BUS_GITHUB
SVC0138,17,Shewra,shewra,,,SRC_BUS_GITHUB
SVC0138,18,Kuril Bishwa Road,kuril bishwa road,PLC0203,Kuril Bishwa Road,SRC_BUS_GITHUB
SVC0138,19,Airport,airport,PLC0005,Airport,SRC_BUS_GITHUB
SVC0138,20,Jashimuddin (Uttara),jashimuddin,PLC0142,Jasimuddin,SRC_BUS_GITHUB
SVC0138,21,Rajlakshmi,rajlakshmi,,,SRC_BUS_GITHUB
SVC0138,22,House Building,house building,PLC0135,House Building,SRC_BUS_GITHUB
SVC0138,23,Abdullahpur,abdullahpur,PLC0002,Abdullahpur (Jail),SRC_BUS_GITHUB
SVC0139,1,Sign Board,sign board,PLC0348,Signboard,SRC_BUS_GITHUB
SVC0139,2,Matuail,matuail,,,SRC_BUS_GITHUB
SVC0139,3,Rayerbag,rayerbag,PLC0316,Rayerbag,SRC_BUS_GITHUB
SVC0139,4,Shonir Akhra,shonir akhra,PLC0332,Shanir Akhra,SRC_BUS_GITHUB
SVC0139,5,Jatrabari,jatrabari,PLC0143,Jatrabari,SRC_BUS_GITHUB
SVC0139,6,Sayedabad,sayedabad,PLC0327,Sayedabad,SRC_BUS_GITHUB
SVC0139,7,Gulistan,gulistan,PLC0128,Gulistan Morh,SRC_BUS_GITHUB
SVC0139,8,Chankhar Pul,chankhar pul,PLC0071,Chankharpul,SRC_BUS_GITHUB
SVC0139,9,Bakshi Bazar,bakshi bazar,PLC0030,Bakshibazar,SRC_BUS_GITHUB
SVC0139,10,Dhakeshwari,dhakeshwari,,,SRC_BUS_GITHUB
SVC0139,11,Azimpur,azimpur,PLC0019,Azimpur (Dhakeswari),SRC_BUS_GITHUB
SVC0139,12,Nilkhet,nilkhet,PLC0280,Nilkhet,SRC_BUS_GITHUB
SVC0139,13,New Market,new market,PLC0279,New Market,SRC_BUS_GITHUB
SVC0139,14,City College,city college,PLC0077,City College,SRC_BUS_GITHUB
SVC0139,15,Kalabagan,kalabagan,PLC0156,Kalabagan,SRC_BUS_GITHUB
SVC0139,16,Dhanmondi 32,dhanmondi 32,,,SRC_BUS_GITHUB
SVC0139,17,Dhanmondi 27,dhanmondi 27,,,SRC_BUS_GITHUB
SVC0139,18,Asad Gate,asad gate,PLC0012,Asad Gate,SRC_BUS_GITHUB
SVC0139,19,College Gate,college gate,PLC0078,College Gate,SRC_BUS_GITHUB
SVC0139,20,Shishu Mela,shishu mela,PLC0343,Shishumela,SRC_BUS_GITHUB
SVC0139,21,Shyamoli,shyamoli,PLC0346,Shyamoli,SRC_BUS_GITHUB
SVC0139,22,Kallyanpur,kalyanpur,PLC0163,Kalyanpur,SRC_BUS_GITHUB
SVC0139,23,Darussalam,darussalam,PLC0080,Darussalam,SRC_BUS_GITHUB
SVC0139,24,Technical,technical,PLC0362,Technical,SRC_BUS_GITHUB
SVC0139,25,Gabtoli,gabtoli,PLC0114,Gabtoli,SRC_BUS_GITHUB
SVC0139,26,Amin Bazar,amin bazar,PLC0006,Amin Bazar,SRC_BUS_GITHUB
SVC0139,27,Hemayetpur,hemayetpur,PLC0132,Hemayetpur,SRC_BUS_GITHUB
SVC0139,28,Savar,savar,PLC0326,Savar,SRC_BUS_GITHUB
SVC0139,29,Baipayl,baipail,PLC0029,Baipail,SRC_BUS_GITHUB
SVC0139,30,Zirani Bazar,zirani bazar,PLC0147,Jirani Bazar,SRC_BUS_GITHUB
SVC0139,31,Nandan Park,nandan park,PLC0269,Nandan Park,SRC_BUS_GITHUB
SVC0139,32,Chandra,chandra,PLC0070,Chandra,SRC_BUS_GITHUB
SVC0140,1,Shonbari Sreenagar,shonbari sreenagar,,,SRC_BUS_GITHUB
SVC0140,2,Nimtola,nimtola,,,SRC_BUS_GITHUB
SVC0140,3,Kuchimura,kuchimura,,,SRC_BUS_GITHUB
SVC0140,4,Rajendrapur,rajendrapur,PLC0306,Rajendrapur,SRC_BUS_GITHUB
SVC0140,5,Hasnabad,hasnabad,,,SRC_BUS_GITHUB
SVC0140,6,Postagola,postagola,PLC0295,Postgola,SRC_BUS_GITHUB
SVC0140,7,Jurain,jurain,PLC0150,Jurain,SRC_BUS_GITHUB
SVC0140,8,Dholairpar,dholairpar,,,SRC_BUS_GITHUB
SVC0140,9,Jatrabari,jatrabari,PLC0143,Jatrabari,SRC_BUS_GITHUB
SVC0140,10,Sayedabad,sayedabad,PLC0327,Sayedabad,SRC_BUS_GITHUB
SVC0140,11,Gulistan,gulistan,PLC0128,Gulistan Morh,SRC_BUS_GITHUB
SVC0140,12,Chankhar Pul,chankhar pul,PLC0071,Chankharpul,SRC_BUS_GITHUB
SVC0140,13,Bakshi Bazar,bakshi bazar,PLC0030,Bakshibazar,SRC_BUS_GITHUB
SVC0140,14,Azimpur,azimpur,PLC0019,Azimpur (Dhakeswari),SRC_BUS_GITHUB
SVC0140,15,Nilkhet,nilkhet,PLC0280,Nilkhet,SRC_BUS_GITHUB
SVC0140,16,New Market,new market,PLC0279,New Market,SRC_BUS_GITHUB
SVC0140,17,City College,city college,PLC0077,City College,SRC_BUS_GITHUB
SVC0140,18,Kalabagan,kalabagan,PLC0156,Kalabagan,SRC_BUS_GITHUB
SVC0140,19,Dhanmondi 32,dhanmondi 32,,,SRC_BUS_GITHUB
SVC0140,20,Dhanmondi 27,dhanmondi 27,,,SRC_BUS_GITHUB
SVC0140,21,Asad Gate,asad gate,PLC0012,Asad Gate,SRC_BUS_GITHUB
SVC0140,22,College Gate,college gate,PLC0078,College Gate,SRC_BUS_GITHUB
SVC0140,23,Shishu Mela,shishu mela,PLC0343,Shishumela,SRC_BUS_GITHUB
SVC0140,24,Shyamoli,shyamoli,PLC0346,Shyamoli,SRC_BUS_GITHUB
SVC0140,25,Kallyanpur,kalyanpur,PLC0163,Kalyanpur,SRC_BUS_GITHUB
SVC0140,26,Darussalam,darussalam,PLC0080,Darussalam,SRC_BUS_GITHUB
SVC0140,27,Technical,technical,PLC0362,Technical,SRC_BUS_GITHUB
SVC0140,28,Gabtoli,gabtoli,PLC0114,Gabtoli,SRC_BUS_GITHUB
SVC0140,29,Amin Bazar,amin bazar,PLC0006,Amin Bazar,SRC_BUS_GITHUB
SVC0140,30,Hemayetpur,hemayetpur,PLC0132,Hemayetpur,SRC_BUS_GITHUB
SVC0140,31,Savar,savar,PLC0326,Savar,SRC_BUS_GITHUB
SVC0140,32,Baipayl,baipail,PLC0029,Baipail,SRC_BUS_GITHUB
SVC0140,33,Zirani Bazar,zirani bazar,PLC0147,Jirani Bazar,SRC_BUS_GITHUB
SVC0140,34,Nandan Park,nandan park,PLC0269,Nandan Park,SRC_BUS_GITHUB
SVC0140,35,Chandra,chandra,PLC0070,Chandra,SRC_BUS_GITHUB
SVC0141,1,Chiriyakhana,chiriyakhana,,,SRC_BUS_GITHUB
SVC0141,2,Mirpur 1,mirpur 1,PLC0239,Mirpur-1,SRC_BUS_GITHUB
SVC0141,3,Gabtoli,gabtoli,PLC0114,Gabtoli,SRC_BUS_GITHUB
SVC0141,4,Savar,savar,PLC0326,Savar,SRC_BUS_GITHUB
SVC0141,5,Nobinagar Chandra,nobinagar chandra,,,SRC_BUS_GITHUB
SVC0142,1,Mirpur 1,mirpur 1,PLC0239,Mirpur-1,SRC_BUS_GITHUB
SVC0142,2,Ansar Camp,ansar camp,PLC0008,Ansar Camp,SRC_BUS_GITHUB
SVC0142,3,Technical,technical,PLC0362,Technical,SRC_BUS_GITHUB
SVC0142,4,Kallyanpur,kalyanpur,PLC0163,Kalyanpur,SRC_BUS_GITHUB
SVC0142,5,Shyamoli,shyamoli,PLC0346,Shyamoli,SRC_BUS_GITHUB
SVC0142,6,Shishu Mela,shishu mela,PLC0343,Shishumela,SRC_BUS_GITHUB
SVC0142,7,College Gate,college gate,PLC0078,College Gate,SRC_BUS_GITHUB
SVC0142,8,Asad Gate,asad gate,PLC0012,Asad Gate,SRC_BUS_GITHUB
SVC0142,9,Dhanmondi 27,dhanmondi 27,,,SRC_BUS_GITHUB
SVC0142,10,Dhanmondi 32,dhanmondi 32,,,SRC_BUS_GITHUB
SVC0142,11,Kalabagan,kalabagan,PLC0156,Kalabagan,SRC_BUS_GITHUB
SVC0142,12,Science Lab,science lab,PLC0329,Science Lab,SRC_BUS_GITHUB
SVC0142,13,Bata Signal,bata signal,,,SRC_BUS_GITHUB
SVC0142,14,Shahbag,shahbag,PLC0331,Shahbag,SRC_BUS_GITHUB
SVC0142,15,Matsya Bhaban,matsya bhaban,PLC0222,Matsya Bhaban,SRC_BUS_GITHUB
SVC0142,16,High Court,high court,PLC0133,High Court,SRC_BUS_GITHUB
SVC0142,17,Press Club  Paltan,press club paltan,,,SRC_BUS_GITHUB
SVC0142,18,GPO,gpo,PLC0124,GPO,SRC_BUS_GITHUB
SVC0142,19,Gulistan,gulistan,PLC0128,Gulistan Morh,SRC_BUS_GITHUB
SVC0142,20,Motijheel,motijheel,PLC0263,Motijheel (Shapla Chattar),SRC_BUS_GITHUB
SVC0142,21,Sayedabad,sayedabad,PLC0327,Sayedabad,SRC_BUS_GITHUB
SVC0142,22,Janapath Moor,janapath,,,SRC_BUS_GITHUB
SVC0142,23,Jatrabari,jatrabari,PLC0143,Jatrabari,SRC_BUS_GITHUB
SVC0143,1,Mirpur 10,mirpur 10,PLC0240,Mirpur-10,SRC_BUS_GITHUB
SVC0143,2,Mirpur 13,mirpur 13,PLC0239,Mirpur-1,SRC_BUS_GITHUB
SVC0143,3,Mirpur 14,mirpur 14,PLC0244,Mirpur-14,SRC_BUS_GITHUB
SVC0143,4,Kachukhet,kachukhet,PLC0194,Kochukhet,SRC_BUS_GITHUB
SVC0143,5,Sainik Club,sainik club,PLC0324,Sainik Club,SRC_BUS_GITHUB
SVC0143,6,Banani,banani,PLC0032,Banani,SRC_BUS_GITHUB
SVC0144,1,Mirpur 10,mirpur 10,PLC0240,Mirpur-10,SRC_BUS_GITHUB
SVC0144,2,Mirpur 13,mirpur 13,PLC0239,Mirpur-1,SRC_BUS_GITHUB
SVC0144,3,Mirpur 14,mirpur 14,PLC0244,Mirpur-14,SRC_BUS_GITHUB
SVC0144,4,Kachukhet,kachukhet,PLC0194,Kochukhet,SRC_BUS_GITHUB
SVC0144,5,Workshop,workshop,PLC0383,Work Shop,SRC_BUS_GITHUB
SVC0144,6,Saudi Colony,saudi colony,,,SRC_BUS_GITHUB
SVC0144,7,Jahangir Gate,jahangir gate,,,SRC_BUS_GITHUB
SVC0144,8,Farmgate,farmgate,PLC0112,Farmgate,SRC_BUS_GITHUB
SVC0144,9,Kawran Bazar,kawran bazar,PLC0178,Kawran Bazar,SRC_BUS_GITHUB
SVC0144,10,Bangla Motor,bangla motor,PLC0037,Bangla Motor,SRC_BUS_GITHUB
SVC0144,11,Shahbag,shahbag,PLC0331,Shahbag,SRC_BUS_GITHUB
SVC0145,1,Mirpur DOHS,mirpur dohs,PLC0234,Mirpur DOHS,SRC_BUS_GITHUB
SVC0145,2,Kalshi,kalshi,PLC0161,Kalshi Morh,SRC_BUS_GITHUB
SVC0145,3,ECB Square,ecb square,,,SRC_BUS_GITHUB
SVC0145,4,Garrison (Cantonment),garrison,,,SRC_BUS_GITHUB
SVC0145,5,Adamjee School,adamjee school,,,SRC_BUS_GITHUB
SVC0145,6,Workshop,workshop,PLC0383,Work Shop,SRC_BUS_GITHUB
SVC0145,7,Saudi Colony,saudi colony,,,SRC_BUS_GITHUB
SVC0145,8,Jahangir Gate,jahangir gate,,,SRC_BUS_GITHUB
SVC0145,9,Farmgate,farmgate,PLC0112,Farmgate,SRC_BUS_GITHUB
SVC0145,10,Kawran Bazar,kawran bazar,PLC0178,Kawran Bazar,SRC_BUS_GITHUB
SVC0145,11,Bangla Motor,bangla motor,PLC0037,Bangla Motor,SRC_BUS_GITHUB
SVC0145,12,Shahbag,shahbag,PLC0331,Shahbag,SRC_BUS_GITHUB
SVC0145,13,High Court,high court,PLC0133,High Court,SRC_BUS_GITHUB
SVC0145,14,Press Club,press club,PLC0298,Press Club,SRC_BUS_GITHUB
SVC0145,15,Paltan,paltan,PLC0291,Paltan,SRC_BUS_GITHUB
SVC0145,16,Dainik Bangla Moor,dainik bangla,,,SRC_BUS_GITHUB
SVC0145,17,Motijheel,motijheel,PLC0263,Motijheel (Shapla Chattar),SRC_BUS_GITHUB
SVC0146,1,Mirpur DOHS,mirpur dohs,PLC0234,Mirpur DOHS,SRC_BUS_GITHUB
SVC0146,2,Kalshi,kalshi,PLC0161,Kalshi Morh,SRC_BUS_GITHUB
SVC0146,3,ECB Square,ecb square,,,SRC_BUS_GITHUB
SVC0146,4,Garrison (Cantonment),garrison,,,SRC_BUS_GITHUB
SVC0146,5,Adamjee School,adamjee school,,,SRC_BUS_GITHUB
SVC0146,6,Workshop,workshop,PLC0383,Work Shop,SRC_BUS_GITHUB
SVC0146,7,Saudi Colony,saudi colony,,,SRC_BUS_GITHUB
SVC0146,8,Jahangir Gate,jahangir gate,,,SRC_BUS_GITHUB
SVC0146,9,Farmgate,farmgate,PLC0112,Farmgate,SRC_BUS_GITHUB
SVC0146,10,Kawran Bazar,kawran bazar,PLC0178,Kawran Bazar,SRC_BUS_GITHUB
SVC0147,1,Sadarghat,sadarghat,PLC0321,Sadarghat,SRC_BUS_GITHUB
SVC0147,2,Ray Saheb Bazar,ray saheb bazar,PLC0317,Raysaheb Bazar,SRC_BUS_GITHUB
SVC0147,3,Naya Bazar,naya bazar,PLC0277,Nayabazar (No. 2 Buriganga Bridge),SRC_BUS_GITHUB
SVC0147,4,Golap Shah Mazar,golap shah mazar,PLC0123,Golapshah Mazar (Fulbaria),SRC_BUS_GITHUB
SVC0147,5,GPO,gpo,PLC0124,GPO,SRC_BUS_GITHUB
SVC0147,6,Paltan,paltan,PLC0291,Paltan,SRC_BUS_GITHUB
SVC0147,7,Kakrail,kakrail,PLC0155,Kakrail,SRC_BUS_GITHUB
SVC0147,8,Shantinagar,shantinagar,,,SRC_BUS_GITHUB
SVC0147,9,Malibagh Moor,malibagh,PLC0212,Malibagh,SRC_BUS_GITHUB
SVC0147,10,Mouchak,mouchak,PLC0265,Mouchak (Flyover),SRC_BUS_GITHUB
SVC0147,11,Malibagh Railgate,malibagh railgate,,,SRC_BUS_GITHUB
SVC0147,12,Hazipara,hazipara,PLC0179,Kazipara,SRC_BUS_GITHUB
SVC0147,13,Rampura Bazar,rampura bazar,,,SRC_BUS_GITHUB
SVC0147,14,Rampura Bridge,rampura bridge,PLC0314,Rampura Bridge,SRC_BUS_GITHUB
SVC0147,15,Merul,merul,,,SRC_BUS_GITHUB
SVC0147,16,Badda,badda,PLC0023,Badda,SRC_BUS_GITHUB
SVC0147,17,Shahjadpur,shahjadpur,,,SRC_BUS_GITHUB
SVC0147,18,Bashtola,bashtola,,,SRC_BUS_GITHUB
SVC0147,19,Notun Bazar,notun bazar,PLC0284,Notun Bazar,SRC_BUS_GITHUB
SVC0147,20,Nadda,nadda,,,SRC_BUS_GITHUB
SVC0147,21,Bashundhara,bashundhara,PLC0045,Bashundhara,SRC_BUS_GITHUB
SVC0147,22,Jamuna Future Park,jamuna future park,PLC0139,Jamuna Future Park,SRC_BUS_GITHUB
SVC0147,23,Kuril Bishwa Road,kuril bishwa road,PLC0203,Kuril Bishwa Road,SRC_BUS_GITHUB
SVC0147,24,Khilkhet,khilkhet,PLC0193,Khilkhet,SRC_BUS_GITHUB
SVC0147,25,Airport,airport,PLC0005,Airport,SRC_BUS_GITHUB
SVC0147,26,Jashimuddin (Uttara),jashimuddin,PLC0142,Jasimuddin,SRC_BUS_GITHUB
SVC0147,27,Rajlakshmi,rajlakshmi,,,SRC_BUS_GITHUB
SVC0147,28,Azampur,azampur,PLC0017,Azampur,SRC_BUS_GITHUB
SVC0147,29,House Building,house building,PLC0135,House Building,SRC_BUS_GITHUB
SVC0147,30,Diabari,diabari,PLC0101,Diabari Morh,SRC_BUS_GITHUB
SVC0148,1,Sadarghat,sadarghat,PLC0321,Sadarghat,SRC_BUS_GITHUB
SVC0148,2,Ray Saheb Bazar,ray saheb bazar,PLC0317,Raysaheb Bazar,SRC_BUS_GITHUB
SVC0148,3,Naya Bazar,naya bazar,PLC0277,Nayabazar (No. 2 Buriganga Bridge),SRC_BUS_GITHUB
SVC0148,4,Golap Shah Mazar,golap shah mazar,PLC0123,Golapshah Mazar (Fulbaria),SRC_BUS_GITHUB
SVC0148,5,GPO,gpo,PLC0124,GPO,SRC_BUS_GITHUB
SVC0148,6,Paltan,paltan,PLC0291,Paltan,SRC_BUS_GITHUB
SVC0148,7,Kakrail,kakrail,PLC0155,Kakrail,SRC_BUS_GITHUB
SVC0148,8,Shantinagar,shantinagar,,,SRC_BUS_GITHUB
SVC0148,9,Malibagh Moor,malibagh,PLC0212,Malibagh,SRC_BUS_GITHUB
SVC0148,10,Mouchak,mouchak,PLC0265,Mouchak (Flyover),SRC_BUS_GITHUB
SVC0148,11,Malibagh Railgate,malibagh railgate,,,SRC_BUS_GITHUB
SVC0148,12,Hazipara,hazipara,PLC0179,Kazipara,SRC_BUS_GITHUB
SVC0148,13,Rampura Bazar,rampura bazar,,,SRC_BUS_GITHUB
SVC0148,14,Rampura Bridge,rampura bridge,PLC0314,Rampura Bridge,SRC_BUS_GITHUB
SVC0148,15,Merul,merul,,,SRC_BUS_GITHUB
SVC0148,16,Badda,badda,PLC0023,Badda,SRC_BUS_GITHUB
SVC0148,17,Shahjadpur,shahjadpur,,,SRC_BUS_GITHUB
SVC0148,18,Bashtola,bashtola,,,SRC_BUS_GITHUB
SVC0148,19,Notun Bazar,notun bazar,PLC0284,Notun Bazar,SRC_BUS_GITHUB
SVC0148,20,Nadda,nadda,,,SRC_BUS_GITHUB
SVC0148,21,Bashundhara,bashundhara,PLC0045,Bashundhara,SRC_BUS_GITHUB
SVC0148,22,Jamuna Future Park,jamuna future park,PLC0139,Jamuna Future Park,SRC_BUS_GITHUB
SVC0148,23,Kuril Bishwa Road,kuril bishwa road,PLC0203,Kuril Bishwa Road,SRC_BUS_GITHUB
SVC0149,1,Azimpur,azimpur,PLC0019,Azimpur (Dhakeswari),SRC_BUS_GITHUB
SVC0149,2,Nilkhet,nilkhet,PLC0280,Nilkhet,SRC_BUS_GITHUB
SVC0149,3,New Market,new market,PLC0279,New Market,SRC_BUS_GITHUB
SVC0149,4,City College,city college,PLC0077,City College,SRC_BUS_GITHUB
SVC0149,5,Kalabagan,kalabagan,PLC0156,Kalabagan,SRC_BUS_GITHUB
SVC0149,6,Banani,banani,PLC0032,Banani,SRC_BUS_GITHUB
SVC0149,7,Kakali,kakali,,,SRC_BUS_GITHUB
SVC0149,8,MES,mes,,,SRC_BUS_GITHUB
SVC0149,9,Shewra,shewra,,,SRC_BUS_GITHUB
SVC0149,10,Kuril Bishwa Road,kuril bishwa road,PLC0203,Kuril Bishwa Road,SRC_BUS_GITHUB
SVC0149,11,Khilkhet,khilkhet,PLC0193,Khilkhet,SRC_BUS_GITHUB
SVC0149,12,Airport,airport,PLC0005,Airport,SRC_BUS_GITHUB
SVC0149,13,Jashimuddin (Uttara),jashimuddin,PLC0142,Jasimuddin,SRC_BUS_GITHUB
SVC0149,14,Rajlakshmi,rajlakshmi,,,SRC_BUS_GITHUB
SVC0149,15,Azampur,azampur,PLC0017,Azampur,SRC_BUS_GITHUB
SVC0149,16,House Building,house building,PLC0135,House Building,SRC_BUS_GITHUB
SVC0149,17,Abdullahpur,abdullahpur,PLC0002,Abdullahpur (Jail),SRC_BUS_GITHUB
SVC0149,18,Tongi,tongi,PLC0368,Tongi (Bastuhara),SRC_BUS_GITHUB
SVC0149,19,Station Road,road,,,SRC_BUS_GITHUB
SVC0149,20,Mill Gate,mill gate,,,SRC_BUS_GITHUB
SVC0149,21,Board Bazar,board bazar,PLC0061,Board Bazar,SRC_BUS_GITHUB
SVC0149,22,Gazipur Chourasta,gazipur chourasta,,,SRC_BUS_GITHUB
SVC0150,1,Nandan Park,nandan park,PLC0269,Nandan Park,SRC_BUS_GITHUB
SVC0150,2,Zirani Bazar,zirani bazar,PLC0147,Jirani Bazar,SRC_BUS_GITHUB
SVC0150,3,Baipayl,baipail,PLC0029,Baipail,SRC_BUS_GITHUB
SVC0150,4,Nobinagar,nobinagar,PLC0281,Nobinagar (Savar),SRC_BUS_GITHUB
SVC0150,5,Savar,savar,PLC0326,Savar,SRC_BUS_GITHUB
SVC0150,6,Hemayetpur,hemayetpur,PLC0132,Hemayetpur,SRC_BUS_GITHUB
SVC0150,7,Amin Bazar,amin bazar,PLC0006,Amin Bazar,SRC_BUS_GITHUB
SVC0150,8,Gabtoli,gabtoli,PLC0114,Gabtoli,SRC_BUS_GITHUB
SVC0150,9,Technical,technical,PLC0362,Technical,SRC_BUS_GITHUB
SVC0150,10,Kallyanpur,kalyanpur,PLC0163,Kalyanpur,SRC_BUS_GITHUB
SVC0150,11,Shyamoli,shyamoli,PLC0346,Shyamoli,SRC_BUS_GITHUB
SVC0150,12,Shishu Mela,shishu mela,PLC0343,Shishumela,SRC_BUS_GITHUB
SVC0150,13,College Gate,college gate,PLC0078,College Gate,SRC_BUS_GITHUB
SVC0150,14,Asad Gate,asad gate,PLC0012,Asad Gate,SRC_BUS_GITHUB
SVC0150,15,Khamar Bari,khamar bari,PLC0184,Khamarbari,SRC_BUS_GITHUB
SVC0150,16,Farmgate,farmgate,PLC0112,Farmgate,SRC_BUS_GITHUB
SVC0150,17,Kawran Bazar,kawran bazar,PLC0178,Kawran Bazar,SRC_BUS_GITHUB
SVC0150,18,Bangla Motor,bangla motor,PLC0037,Bangla Motor,SRC_BUS_GITHUB
SVC0150,19,Shahbag,shahbag,PLC0331,Shahbag,SRC_BUS_GITHUB
SVC0150,20,High Court,high court,PLC0133,High Court,SRC_BUS_GITHUB
SVC0150,21,Press Club,press club,PLC0298,Press Club,SRC_BUS_GITHUB
SVC0150,22,Paltan,paltan,PLC0291,Paltan,SRC_BUS_GITHUB
SVC0150,23,GPO,gpo,PLC0124,GPO,SRC_BUS_GITHUB
SVC0150,24,Gulistan,gulistan,PLC0128,Gulistan Morh,SRC_BUS_GITHUB
SVC0150,25,Motijheel,motijheel,PLC0263,Motijheel (Shapla Chattar),SRC_BUS_GITHUB
SVC0151,1,Azimpur,azimpur,PLC0019,Azimpur (Dhakeswari),SRC_BUS_GITHUB
SVC0151,2,Eden College,eden college,PLC0106,Eden College,SRC_BUS_GITHUB
SVC0151,3,Nilkhet,nilkhet,PLC0280,Nilkhet,SRC_BUS_GITHUB
SVC0151,4,New Market,new market,PLC0279,New Market,SRC_BUS_GITHUB
SVC0151,5,Science Lab,science lab,PLC0329,Science Lab,SRC_BUS_GITHUB
SVC0151,6,City College,city college,PLC0077,City College,SRC_BUS_GITHUB
SVC0151,7,Kalabagan,kalabagan,PLC0156,Kalabagan,SRC_BUS_GITHUB
SVC0151,8,Panthapath,panthapath,,,SRC_BUS_GITHUB
SVC0151,9,Kawran Bazar,kawran bazar,PLC0178,Kawran Bazar,SRC_BUS_GITHUB
SVC0151,10,Bot tola,bot tola,,,SRC_BUS_GITHUB
SVC0151,11,Nabisco,nabisco,PLC0268,Nabisco,SRC_BUS_GITHUB
SVC0151,12,Mohakhali,mohakhali,PLC0250,Mohakhali,SRC_BUS_GITHUB
SVC0151,13,Wireless,wireless,,,SRC_BUS_GITHUB
SVC0151,14,Gulshan 1,gulshan 1,PLC0129,Gulshan-1,SRC_BUS_GITHUB
SVC0151,15,Badda,badda,PLC0023,Badda,SRC_BUS_GITHUB
SVC0151,16,Badda Link Road,badda link road,PLC0024,Badda Link Road,SRC_BUS_GITHUB
SVC0151,17,Uttar Badda,uttar badda,PLC0376,Uttar Badda,SRC_BUS_GITHUB
SVC0151,18,Shahjadpur,shahjadpur,,,SRC_BUS_GITHUB
SVC0151,19,Bashtola,bashtola,,,SRC_BUS_GITHUB
SVC0151,20,Notun Bazar,notun bazar,PLC0284,Notun Bazar,SRC_BUS_GITHUB
SVC0151,21,Nadda,nadda,,,SRC_BUS_GITHUB
SVC0151,22,Bashundhara,bashundhara,PLC0045,Bashundhara,SRC_BUS_GITHUB
SVC0151,23,Jamuna Future Park,jamuna future park,PLC0139,Jamuna Future Park,SRC_BUS_GITHUB
SVC0151,24,Kuril Bishwa Road,kuril bishwa road,PLC0203,Kuril Bishwa Road,SRC_BUS_GITHUB
SVC0152,1,Balughat,balughat,PLC0031,Balughat,SRC_BUS_GITHUB
SVC0152,2,Signal,signal,,,SRC_BUS_GITHUB
SVC0152,3,CMH,cmh,,,SRC_BUS_GITHUB
SVC0152,4,Garrison (Cantonment),garrison,,,SRC_BUS_GITHUB
SVC0152,5,Adamjee College,adamjee college,,,SRC_BUS_GITHUB
SVC0152,6,Workshop,workshop,PLC0383,Work Shop,SRC_BUS_GITHUB
SVC0152,7,Jahangir Gate,jahangir gate,,,SRC_BUS_GITHUB
SVC0152,8,Bijoy Sarani,bijoy sarani,PLC0057,Bijay Smarani,SRC_BUS_GITHUB
SVC0152,9,Farmgate,farmgate,PLC0112,Farmgate,SRC_BUS_GITHUB
SVC0152,10,Bangla Motor,bangla motor,PLC0037,Bangla Motor,SRC_BUS_GITHUB
SVC0152,11,Shahbag,shahbag,PLC0331,Shahbag,SRC_BUS_GITHUB
SVC0152,12,Paltan,paltan,PLC0291,Paltan,SRC_BUS_GITHUB
SVC0152,13,Gulistan,gulistan,PLC0128,Gulistan Morh,SRC_BUS_GITHUB
SVC0152,14,Motijheel,motijheel,PLC0263,Motijheel (Shapla Chattar),SRC_BUS_GITHUB
SVC0153,1,Kamalapur,kamalapur,PLC0166,Kamalapur Station,SRC_BUS_GITHUB
SVC0153,2,Motijheel,motijheel,PLC0263,Motijheel (Shapla Chattar),SRC_BUS_GITHUB
SVC0153,3,Gulistan,gulistan,PLC0128,Gulistan Morh,SRC_BUS_GITHUB
SVC0153,4,GPO,gpo,PLC0124,GPO,SRC_BUS_GITHUB
SVC0153,5,Paltan,paltan,PLC0291,Paltan,SRC_BUS_GITHUB
SVC0153,6,Kakrail,kakrail,PLC0155,Kakrail,SRC_BUS_GITHUB
SVC0153,7,Shantinagar,shantinagar,,,SRC_BUS_GITHUB
SVC0153,8,Malibagh Moor,malibagh,PLC0212,Malibagh,SRC_BUS_GITHUB
SVC0153,9,Mouchak,mouchak,PLC0265,Mouchak (Flyover),SRC_BUS_GITHUB
SVC0153,10,Mogbazar,mogbazar,PLC0210,Magbazar,SRC_BUS_GITHUB
SVC0153,11,Kawran Bazar,kawran bazar,PLC0178,Kawran Bazar,SRC_BUS_GITHUB
SVC0153,12,Farmgate,farmgate,PLC0112,Farmgate,SRC_BUS_GITHUB
SVC0153,13,Jahangir Gate,jahangir gate,,,SRC_BUS_GITHUB
SVC0153,14,Bijoy Sarani,bijoy sarani,PLC0057,Bijay Smarani,SRC_BUS_GITHUB
SVC0153,15,Mohakhali,mohakhali,PLC0250,Mohakhali,SRC_BUS_GITHUB
SVC0153,16,Gulshan 1,gulshan 1,PLC0129,Gulshan-1,SRC_BUS_GITHUB
SVC0153,17,Gulshan 2,gulshan 2,PLC0130,Gulshan-2,SRC_BUS_GITHUB
SVC0153,18,Notun Bazar,notun bazar,PLC0284,Notun Bazar,SRC_BUS_GITHUB
SVC0154,1,Kamalapur,kamalapur,PLC0166,Kamalapur Station,SRC_BUS_GITHUB
SVC0154,2,Motijheel,motijheel,PLC0263,Motijheel (Shapla Chattar),SRC_BUS_GITHUB
SVC0154,3,Gulistan,gulistan,PLC0128,Gulistan Morh,SRC_BUS_GITHUB
SVC0154,4,GPO,gpo,PLC0124,GPO,SRC_BUS_GITHUB
SVC0154,5,Paltan,paltan,PLC0291,Paltan,SRC_BUS_GITHUB
SVC0154,6,Kakrail,kakrail,PLC0155,Kakrail,SRC_BUS_GITHUB
SVC0154,7,Shantinagar,shantinagar,,,SRC_BUS_GITHUB
SVC0154,8,Malibagh Moor,malibagh,PLC0212,Malibagh,SRC_BUS_GITHUB
SVC0154,9,Mouchak,mouchak,PLC0265,Mouchak (Flyover),SRC_BUS_GITHUB
SVC0154,10,Mogbazar,mogbazar,PLC0210,Magbazar,SRC_BUS_GITHUB
SVC0154,11,Kawran Bazar,kawran bazar,PLC0178,Kawran Bazar,SRC_BUS_GITHUB
SVC0154,12,Farmgate,farmgate,PLC0112,Farmgate,SRC_BUS_GITHUB
SVC0154,13,Jahangir Gate,jahangir gate,,,SRC_BUS_GITHUB
SVC0154,14,Bijoy Sarani,bijoy sarani,PLC0057,Bijay Smarani,SRC_BUS_GITHUB
SVC0154,15,Mohakhali,mohakhali,PLC0250,Mohakhali,SRC_BUS_GITHUB
SVC0154,16,Gulshan 1,gulshan 1,PLC0129,Gulshan-1,SRC_BUS_GITHUB
SVC0154,17,Gulshan 2,gulshan 2,PLC0130,Gulshan-2,SRC_BUS_GITHUB
SVC0154,18,Notun Bazar,notun bazar,PLC0284,Notun Bazar,SRC_BUS_GITHUB
SVC0155,1,Gabtoli,gabtoli,PLC0114,Gabtoli,SRC_BUS_GITHUB
SVC0155,2,Technical,technical,PLC0362,Technical,SRC_BUS_GITHUB
SVC0155,3,Kallyanpur,kalyanpur,PLC0163,Kalyanpur,SRC_BUS_GITHUB
SVC0155,4,Shyamoli,shyamoli,PLC0346,Shyamoli,SRC_BUS_GITHUB
SVC0155,5,Shishu Mela,shishu mela,PLC0343,Shishumela,SRC_BUS_GITHUB
SVC0155,6,College Gate,college gate,PLC0078,College Gate,SRC_BUS_GITHUB
SVC0155,7,Asad Gate,asad gate,PLC0012,Asad Gate,SRC_BUS_GITHUB
SVC0155,8,Dhanmondi 27,dhanmondi 27,,,SRC_BUS_GITHUB
SVC0155,9,Dhanmondi 32,dhanmondi 32,,,SRC_BUS_GITHUB
SVC0155,10,Kalabagan,kalabagan,PLC0156,Kalabagan,SRC_BUS_GITHUB
SVC0155,11,Science Lab,science lab,PLC0329,Science Lab,SRC_BUS_GITHUB
SVC0155,12,Katabon,katabon,PLC0177,Katabon,SRC_BUS_GITHUB
SVC0155,13,Shahbag,shahbag,PLC0331,Shahbag,SRC_BUS_GITHUB
SVC0155,14,High Court,high court,PLC0133,High Court,SRC_BUS_GITHUB
SVC0155,15,Press Club,press club,PLC0298,Press Club,SRC_BUS_GITHUB
SVC0155,16,Paltan,paltan,PLC0291,Paltan,SRC_BUS_GITHUB
SVC0155,17,GPO,gpo,PLC0124,GPO,SRC_BUS_GITHUB
SVC0155,18,Golap Shah Mazar,golap shah mazar,PLC0123,Golapshah Mazar (Fulbaria),SRC_BUS_GITHUB
SVC0155,19,Gulistan,gulistan,PLC0128,Gulistan Morh,SRC_BUS_GITHUB
SVC0155,20,Naya Bazar,naya bazar,PLC0277,Nayabazar (No. 2 Buriganga Bridge),SRC_BUS_GITHUB
SVC0155,21,Ray Saheb Bazar,ray saheb bazar,PLC0317,Raysaheb Bazar,SRC_BUS_GITHUB
SVC0155,22,Sadarghat,sadarghat,PLC0321,Sadarghat,SRC_BUS_GITHUB
SVC0156,1,Jatrabari,jatrabari,PLC0143,Jatrabari,SRC_BUS_GITHUB
SVC0156,2,Janapath Moor,janapath,,,SRC_BUS_GITHUB
SVC0156,3,Sayedabad,sayedabad,PLC0327,Sayedabad,SRC_BUS_GITHUB
SVC0156,4,Motijheel,motijheel,PLC0263,Motijheel (Shapla Chattar),SRC_BUS_GITHUB
SVC0156,5,Dainik Bangla Moor,dainik bangla,,,SRC_BUS_GITHUB
SVC0156,6,Paltan,paltan,PLC0291,Paltan,SRC_BUS_GITHUB
SVC0156,7,Press Club,press club,PLC0298,Press Club,SRC_BUS_GITHUB
SVC0156,8,Matsya Bhaban,matsya bhaban,PLC0222,Matsya Bhaban,SRC_BUS_GITHUB
SVC0156,9,High Court,high court,PLC0133,High Court,SRC_BUS_GITHUB
SVC0156,10,Shahbag,shahbag,PLC0331,Shahbag,SRC_BUS_GITHUB
SVC0156,11,Bangla Motor,bangla motor,PLC0037,Bangla Motor,SRC_BUS_GITHUB
SVC0156,12,Kawran Bazar,kawran bazar,PLC0178,Kawran Bazar,SRC_BUS_GITHUB
SVC0156,13,Farmgate,farmgate,PLC0112,Farmgate,SRC_BUS_GITHUB
SVC0156,14,Khamar Bari,khamar bari,PLC0184,Khamarbari,SRC_BUS_GITHUB
SVC0156,15,Asad Gate,asad gate,PLC0012,Asad Gate,SRC_BUS_GITHUB
SVC0156,16,College Gate,college gate,PLC0078,College Gate,SRC_BUS_GITHUB
SVC0156,17,Shishu Mela,shishu mela,PLC0343,Shishumela,SRC_BUS_GITHUB
SVC0156,18,Shyamoli,shyamoli,PLC0346,Shyamoli,SRC_BUS_GITHUB
SVC0156,19,Kallyanpur,kalyanpur,PLC0163,Kalyanpur,SRC_BUS_GITHUB
SVC0156,20,Technical,technical,PLC0362,Technical,SRC_BUS_GITHUB
SVC0156,21,Gabtoli,gabtoli,PLC0114,Gabtoli,SRC_BUS_GITHUB
